0.181, 0.181, 0.156004, 0.161005
0.181, 0.181001, 0.15601, 0.161013
0.181, 0.181002, 0.156018, 0.161022
0.181, 0.181003, 0.15603, 0.161037
0.181, 0.181004, 0.156044, 0.161054
0.181, 0.181006, 0.156059, 0.161073
0.181394, 0.181402, 0.156473, 0.161492
0.183513, 0.183524, 0.158615, 0.16364
0.185547, 0.18556, 0.160673, 0.165703
0.187785, 0.1878, 0.16294, 0.167978
0.190078, 0.190097, 0.165264, 0.170308
0.192639, 0.192662, 0.167866, 0.17292
0.194969, 0.194996, 0.170236, 0.175301
0.197211, 0.197243, 0.172526, 0.177602
0.199437, 0.199474, 0.174799, 0.179886
0.201578, 0.20162, 0.176989, 0.182088
0.203704, 0.203751, 0.179166, 0.184278
0.205747, 0.205799, 0.181261, 0.186385
0.20791, 0.207969, 0.183483, 0.188622
0.210057, 0.210122, 0.185692, 0.190845
0.212188, 0.212259, 0.187887, 0.193057
0.214499, 0.214578, 0.190267, 0.195454
0.216595, 0.216681, 0.192433, 0.197637
0.217962, 0.218052, 0.193847, 0.199063
0.22016, 0.220258, 0.196124, 0.20136
0.222275, 0.222383, 0.198326, 0.203583
0.224056, 0.224171, 0.200177, 0.205453
0.22595, 0.226073, 0.202149, 0.207444
0.228328, 0.228462, 0.204629, 0.20995
0.229942, 0.230083, 0.206314, 0.211653
0.23228, 0.232433, 0.20876, 0.214127
0.23411, 0.234271, 0.210677, 0.216067
0.235804, 0.235975, 0.212455, 0.217866
0.237785, 0.237965, 0.214529, 0.219964
0.239451, 0.23964, 0.216282, 0.22174
0.24134, 0.241539, 0.218271, 0.223756
0.243095, 0.243305, 0.220122, 0.225634
0.244836, 0.245056, 0.221961, 0.227499
0.246848, 0.24708, 0.224097, 0.229669
0.248669, 0.248913, 0.226028, 0.23163
0.250586, 0.250842, 0.228062, 0.233697
0.252483, 0.252752, 0.230078, 0.235747
0.254251, 0.254533, 0.23196, 0.237661
0.25622, 0.256515, 0.234058, 0.239797
0.258167, 0.258476, 0.236136, 0.241914
0.259985, 0.260308, 0.238081, 0.243895
0.262048, 0.262384, 0.240279, 0.246135
0.264032, 0.264384, 0.242407, 0.248306
0.265684, 0.266049, 0.24418, 0.250117
0.267268, 0.267646, 0.245882, 0.251857
0.269187, 0.269582, 0.247957, 0.253981
0.270883, 0.271292, 0.249785, 0.255852
0.272805, 0.27323, 0.251858, 0.257975
0.276182, 0.276625, 0.25539, 0.261558
0.279809, 0.280269, 0.259174, 0.265394
0.283453, 0.28393, 0.262976, 0.269251
0.287112, 0.287605, 0.266785, 0.273113
0.290885, 0.291397, 0.270724, 0.277111
0.294568, 0.2951, 0.274579, 0.281027
0.298055, 0.298604, 0.27822, 0.284724
0.301651, 0.302218, 0.281975, 0.288538
0.305253, 0.305837, 0.285736, 0.29236
0.308961, 0.309564, 0.289609, 0.296297
0.312877, 0.3135, 0.29369, 0.300443
0.316588, 0.317229, 0.297564, 0.304384
0.320297, 0.320959, 0.301447, 0.308338
0.3239, 0.32458, 0.30521, 0.312168
0.327601, 0.328301, 0.309074, 0.316102
0.331193, 0.331911, 0.312824, 0.319921
0.334778, 0.335513, 0.316556, 0.323721
0.338353, 0.339107, 0.320286, 0.327523
0.341917, 0.342692, 0.324014, 0.331327
0.345774, 0.346568, 0.328036, 0.335429
0.34911, 0.349922, 0.331513, 0.338977
0.352432, 0.353262, 0.334976, 0.342511
0.35584, 0.356688, 0.338526, 0.346135
0.359331, 0.360196, 0.342153, 0.349836
0.363, 0.363885, 0.345971, 0.353737
0.366745, 0.367651, 0.349875, 0.35773
0.370269, 0.371193, 0.353538, 0.361475
0.373672, 0.374614, 0.357072, 0.365089
0.37753, 0.378493, 0.361076, 0.369186
0.381165, 0.382145, 0.364837, 0.373032
0.384861, 0.385861, 0.368666, 0.376952
0.388802, 0.389822, 0.372744, 0.381128
0.392423, 0.393463, 0.376495, 0.384974
0.395731, 0.396787, 0.37991, 0.388474
0.399185, 0.400259, 0.383471, 0.392125
0.402688, 0.40378, 0.387079, 0.395825
0.405972, 0.407079, 0.390448, 0.399278
0.409128, 0.410251, 0.393689, 0.402603
0.412331, 0.41347, 0.396972, 0.405973
0.415491, 0.416646, 0.400214, 0.409304
0.418774, 0.419945, 0.403568, 0.412749
0.421924, 0.42311, 0.40678, 0.416048
0.425107, 0.426307, 0.410018, 0.419375
0.428156, 0.42937, 0.413114, 0.422558
0.431311, 0.432538, 0.416302, 0.425833
0.4341, 0.43534, 0.41912, 0.428731
0.436841, 0.438092, 0.421883, 0.431573
0.439459, 0.440722, 0.424522, 0.434291
0.44232, 0.443594, 0.42739, 0.437242
0.445121, 0.446406, 0.43019, 0.440124
0.447861, 0.449156, 0.43292, 0.442934
0.450539, 0.451844, 0.435578, 0.445672
0.453219, 0.454533, 0.438224, 0.448394
0.455768, 0.457089, 0.440735, 0.450981
0.458502, 0.459832, 0.443417, 0.453746
0.460973, 0.46231, 0.44583, 0.456233
0.463373, 0.464718, 0.448169, 0.458648
0.465472, 0.466822, 0.450199, 0.460742
0.467735, 0.46909, 0.452376, 0.462988
0.469978, 0.471338, 0.454522, 0.465203
0.472195, 0.473558, 0.456629, 0.467379
0.474179, 0.475545, 0.458502, 0.469314
0.476187, 0.477555, 0.460384, 0.471259
0.478022, 0.479391, 0.462086, 0.473016
0.479827, 0.481197, 0.463751, 0.474739
0.481597, 0.482966, 0.465368, 0.476413
0.483203, 0.484571, 0.466822, 0.477919
0.484809, 0.486176, 0.468259, 0.47941
0.486223, 0.487589, 0.469514, 0.480716
0.487632, 0.488995, 0.470744, 0.481995
0.488864, 0.490223, 0.471803, 0.483097
0.490146, 0.491502, 0.472887, 0.484228
0.491286, 0.492637, 0.473832, 0.485215
0.492426, 0.49377, 0.474755, 0.486182
0.493402, 0.49474, 0.475524, 0.486989
0.494321, 0.495652, 0.476225, 0.487729
0.495175, 0.496499, 0.476851, 0.488392
0.495941, 0.497257, 0.477383, 0.488961
0.496588, 0.497894, 0.477803, 0.489413
0.497167, 0.498464, 0.478146, 0.489788
0.497616, 0.498904, 0.478379, 0.490048
0.498025, 0.499302, 0.47855, 0.490248
0.498345, 0.499612, 0.478636, 0.49036
0.498593, 0.499849, 0.478642, 0.490392
0.49876, 0.500004, 0.478565, 0.490339
0.498848, 0.500078, 0.4784, 0.490197
0.498849, 0.500067, 0.478148, 0.489966
0.498772, 0.499976, 0.477828, 0.489666
0.498612, 0.499803, 0.477419, 0.489275
0.498371, 0.499548, 0.476929, 0.488802
0.498031, 0.499192, 0.476327, 0.488215
0.497658, 0.498805, 0.475725, 0.487626
0.49719, 0.498322, 0.475015, 0.486932
0.496661, 0.497778, 0.474252, 0.486259
0.496076, 0.497179, 0.473442, 0.485569
0.495347, 0.496433, 0.472463, 0.484722
0.494555, 0.495625, 0.47143, 0.483814
0.493684, 0.494736, 0.47032, 0.482825
0.492682, 0.493717, 0.469071, 0.481698
0.491538, 0.492554, 0.467671, 0.480422
0.490388, 0.491386, 0.466305, 0.479147
0.489156, 0.490136, 0.464969, 0.47779
0.487877, 0.488839, 0.463611, 0.476386
0.486556, 0.487501, 0.462214, 0.474944
0.48505, 0.485975, 0.460651, 0.473305
0.483539, 0.484445, 0.459151, 0.471662
0.481994, 0.482883, 0.457619, 0.469992
0.480335, 0.481206, 0.455973, 0.468204
0.478647, 0.4795, 0.454295, 0.46639
0.476795, 0.477629, 0.452454, 0.464409
0.474916, 0.475732, 0.450582, 0.462398
0.472965, 0.473762, 0.448638, 0.460313
0.470994, 0.471774, 0.446675, 0.458213
0.468957, 0.469719, 0.44468, 0.456045
0.46691, 0.467654, 0.442692, 0.453869
0.464743, 0.465469, 0.440584, 0.451569
0.46269, 0.4634, 0.438581, 0.449393
0.460522, 0.461214, 0.436461, 0.447092
0.458296, 0.458973, 0.434282, 0.44474
0.455887, 0.456546, 0.431918, 0.442195
0.453745, 0.454389, 0.429813, 0.439935
0.451221, 0.451848, 0.427331, 0.437282
0.448913, 0.449525, 0.425055, 0.434852
0.446137, 0.446731, 0.422315, 0.431932
0.443584, 0.444162, 0.41979, 0.429249
0.440833, 0.441396, 0.417067, 0.426361
0.437953, 0.438498, 0.414211, 0.42334
0.435015, 0.435543, 0.411292, 0.420255
0.432252, 0.432766, 0.408547, 0.417363
0.429207, 0.429705, 0.405517, 0.414177
0.426188, 0.42667, 0.402512, 0.411027
0.423037, 0.423504, 0.39937, 0.407736
0.420083, 0.420536, 0.396422, 0.404652
0.416918, 0.417356, 0.393261, 0.401352
0.413792, 0.414216, 0.390136, 0.398094
0.410623, 0.411033, 0.386963, 0.394789
0.4075, 0.407897, 0.383837, 0.391539
0.403984, 0.404368, 0.380318, 0.387891
0.400692, 0.401063, 0.377018, 0.384471
0.397905, 0.398265, 0.374222, 0.381577
0.394909, 0.395258, 0.371216, 0.378469
0.391793, 0.392131, 0.368088, 0.375238
0.388648, 0.388975, 0.364926, 0.371973
0.385663, 0.385979, 0.361926, 0.368882
0.382559, 0.382865, 0.358806, 0.365671
0.379811, 0.380109, 0.356047, 0.362836
0.37695, 0.377239, 0.353168, 0.359878
0.374166, 0.374447, 0.350368, 0.357003
0.370396, 0.370666, 0.346574, 0.353111
0.367184, 0.367444, 0.34334, 0.349798
0.364149, 0.3644, 0.34028, 0.346663
0.360999, 0.361242, 0.337108, 0.343418
0.357634, 0.357868, 0.333719, 0.339954
0.354651, 0.354878, 0.330717, 0.336891
0.352832, 0.353052, 0.328881, 0.334997
0.32786, 0.328027, 0.303711, 0.309407
0.319878, 0.32003, 0.295663, 0.301246
0.314036, 0.314177, 0.289768, 0.295273
0.3085, 0.308632, 0.284191, 0.289633
0.302765, 0.302888, 0.278409, 0.283788
0.297552, 0.297667, 0.273155, 0.278481
0.292456, 0.292563, 0.268014, 0.273298
0.287278, 0.287378, 0.262796, 0.268058
0.282025, 0.282118, 0.257508, 0.26275
0.276403, 0.27649, 0.251845, 0.257065
0.270727, 0.270807, 0.246128, 0.251326
0.264909, 0.264982, 0.240265, 0.24544
0.259641, 0.259709, 0.234968, 0.240127
0.254723, 0.254786, 0.230019, 0.235162
0.251627, 0.251686, 0.226901, 0.232032
0.249845, 0.2499, 0.225103, 0.230227
0.247995, 0.248047, 0.223237, 0.228353
0.246125, 0.246174, 0.221352, 0.22646
0.244234, 0.244281, 0.219442, 0.22454
0.242475, 0.242519, 0.21767, 0.222762
0.240495, 0.240536, 0.215676, 0.220761
0.2387, 0.238739, 0.213869, 0.218948
0.236836, 0.236873, 0.211997, 0.217072
0.234902, 0.234936, 0.21005, 0.21512
0.233001, 0.233033, 0.208138, 0.213202
0.231083, 0.231112, 0.206209, 0.211267
0.229308, 0.229336, 0.204425, 0.209479
0.22741, 0.227436, 0.202517, 0.207566
0.225714, 0.225739, 0.200813, 0.205858
0.224006, 0.224029, 0.199096, 0.204138
0.222005, 0.222026, 0.197086, 0.202124
0.220155, 0.220174, 0.195225, 0.200258
0.218006, 0.218024, 0.193069, 0.198097
0.215952, 0.215969, 0.191008, 0.196033
0.213592, 0.213606, 0.18864, 0.193662
0.211442, 0.211455, 0.186487, 0.191507
0.209449, 0.209462, 0.184489, 0.189507
0.207323, 0.207334, 0.182357, 0.187372
0.205179, 0.205188, 0.180208, 0.185221
0.203438, 0.203447, 0.178464, 0.183476
0.201626, 0.201635, 0.176649, 0.181659
0.199619, 0.199626, 0.174638, 0.179646
0.197412, 0.197419, 0.172428, 0.177435
0.195064, 0.19507, 0.170074, 0.175079
0.193009, 0.193014, 0.168017, 0.173021
0.19031, 0.190313, 0.165315, 0.170318
0.187458, 0.187461, 0.162463, 0.167466
0.184836, 0.184838, 0.159839, 0.164841
0.182126, 0.182128, 0.157129, 0.16213
0.181, 0.181001, 0.156002, 0.161002
0.181, 0.181001, 0.156001, 0.161001
0.181, 0.181, 0.156, 0.161001
0.181, 0.181, 0.156, 0.161
0.181, 0.181, 0.156, 0.161
0.202631, 0.202631, 0.177631, 0.182631
0.181, 0.181002, 0.156006, 0.161006
0.181, 0.181013, 0.156037, 0.161036
0.186999, 0.187029, 0.162087, 0.167085
0.194537, 0.194591, 0.169695, 0.174691
0.202681, 0.202773, 0.177946, 0.18294
0.211168, 0.21131, 0.186576, 0.191566
0.219293, 0.219492, 0.194863, 0.19985
0.227498, 0.227771, 0.203274, 0.208256
0.235855, 0.236216, 0.211873, 0.216848
0.244002, 0.244462, 0.220287, 0.225256
0.251765, 0.252339, 0.228349, 0.233312
0.259686, 0.260393, 0.236609, 0.241564
0.266872, 0.267713, 0.244129, 0.249076
0.273635, 0.274627, 0.251249, 0.256187
0.279152, 0.280279, 0.257074, 0.262006
0.283209, 0.284446, 0.261372, 0.266298
0.28794, 0.289314, 0.26639, 0.271308
0.294845, 0.296346, 0.27355, 0.278462
0.300729, 0.302334, 0.279633, 0.284539
0.307448, 0.309178, 0.286582, 0.29148
0.312764, 0.314595, 0.292071, 0.296964
0.317664, 0.319601, 0.297143, 0.302029
0.321997, 0.324029, 0.301619, 0.306499
0.325738, 0.327856, 0.305478, 0.310351
0.328862, 0.331059, 0.308697, 0.313563
0.33149, 0.333758, 0.311396, 0.316254
0.333227, 0.335545, 0.313164, 0.318016
0.334414, 0.336777, 0.314364, 0.31921
0.334894, 0.337285, 0.314831, 0.319669
0.33477, 0.337178, 0.314667, 0.3195
0.333985, 0.336398, 0.313816, 0.318642
0.332651, 0.335059, 0.312405, 0.317226
0.330796, 0.333183, 0.310447, 0.315278
0.32865, 0.331009, 0.308191, 0.313033
0.326, 0.32832, 0.305414, 0.310267
0.322659, 0.324927, 0.30192, 0.306786
0.318824, 0.32103, 0.29792, 0.302797
0.314199, 0.316323, 0.293096, 0.297987
0.308115, 0.310141, 0.286779, 0.291685
0.301113, 0.303019, 0.279515, 0.284436
0.29347, 0.295246, 0.2716, 0.276534
0.28465, 0.286278, 0.262484, 0.267433
0.278321, 0.279811, 0.255885, 0.260844
0.274098, 0.275469, 0.251436, 0.256403
0.269389, 0.270635, 0.246494, 0.251469
0.263236, 0.264324, 0.240058, 0.24504
0.256281, 0.25721, 0.232824, 0.237812
0.249757, 0.250548, 0.226062, 0.231055
0.242213, 0.242856, 0.21827, 0.223266
0.234602, 0.23512, 0.210449, 0.215446
0.226854, 0.227256, 0.20251, 0.207509
0.219011, 0.21931, 0.194499, 0.199499
0.209894, 0.210098, 0.185228, 0.190227
0.199862, 0.199982, 0.175058, 0.180058
0.188175, 0.188227, 0.163261, 0.168261
0.181, 0.181013, 0.156021, 0.161021
0.181, 0.181002, 0.156003, 0.161003
0.205543, 0.205543, 0.180543, 0.185543
0.181089, 0.181089, 0.156089, 0.161089
0.181, 0.181001, 0.156002, 0.161003
0.181008, 0.18101, 0.156013, 0.161014
0.181004, 0.181008, 0.156013, 0.161015
0.181003, 0.181009, 0.156017, 0.16102
0.181002, 0.18101, 0.156022, 0.161027
0.181001, 0.181013, 0.156029, 0.161036
0.182275, 0.18229, 0.157311, 0.162321
0.184299, 0.184318, 0.159345, 0.164357
0.186846, 0.186871, 0.161906, 0.166921
0.189368, 0.189399, 0.164441, 0.16946
0.191758, 0.191795, 0.166846, 0.171869
0.194334, 0.194379, 0.16944, 0.174468
0.196623, 0.196675, 0.171746, 0.176779
0.198633, 0.198693, 0.173775, 0.178812
0.201082, 0.201152, 0.176247, 0.18129
0.203404, 0.203484, 0.178592, 0.183641
0.205752, 0.205842, 0.180963, 0.186019
0.208024, 0.208126, 0.183261, 0.188324
0.210321, 0.210434, 0.185585, 0.190655
0.212641, 0.212766, 0.187933, 0.19301
0.214981, 0.215119, 0.190302, 0.195387
0.217388, 0.21754, 0.192742, 0.197835
0.219534, 0.219699, 0.194918, 0.200019
0.222067, 0.22225, 0.197492, 0.202604
0.224341, 0.22454, 0.199801, 0.204922
0.226363, 0.226576, 0.201856, 0.206986
0.22823, 0.228456, 0.203753, 0.208892
0.230076, 0.230317, 0.205632, 0.210779
0.232163, 0.23242, 0.207755, 0.212912
0.233968, 0.234239, 0.209592, 0.214757
0.23571, 0.235996, 0.211367, 0.216541
0.23756, 0.23786, 0.213248, 0.218431
0.239594, 0.239911, 0.215321, 0.220514
0.241683, 0.242019, 0.217451, 0.222655
0.243503, 0.243855, 0.219307, 0.224521
0.245142, 0.24551, 0.220981, 0.226205
0.247351, 0.24774, 0.223235, 0.228472
0.249178, 0.249585, 0.2251, 0.230347
0.250982, 0.251405, 0.226941, 0.232198
0.252762, 0.253203, 0.228758, 0.234026
0.254852, 0.255313, 0.230891, 0.236171
0.2572, 0.257683, 0.233287, 0.238581
0.259611, 0.260118, 0.235748, 0.241057
0.261415, 0.261938, 0.237585, 0.242904
0.263123, 0.263662, 0.239326, 0.244656
0.264873, 0.26543, 0.241111, 0.246452
0.266564, 0.267137, 0.242834, 0.248184
0.268163, 0.26875, 0.244462, 0.249822
0.269738, 0.270342, 0.246069, 0.25144
0.271386, 0.272005, 0.247746, 0.253126
0.273039, 0.273673, 0.249427, 0.254816
0.27451, 0.275156, 0.25092, 0.256319
0.276538, 0.277202, 0.252978, 0.258388
0.278226, 0.278902, 0.254688, 0.260106
0.279824, 0.280511, 0.256304, 0.261731
0.281422, 0.282121, 0.257918, 0.263354
0.283047, 0.283756, 0.259558, 0.265001
0.28453, 0.285248, 0.261051, 0.266501
0.286123, 0.286846, 0.262647, 0.268104
0.287736, 0.288466, 0.264264, 0.269727
0.290394, 0.291131, 0.266925, 0.272395
0.29335, 0.294093, 0.269882, 0.27536
0.295875, 0.296622, 0.272402, 0.277885
0.298171, 0.29892, 0.27469, 0.280178
0.300335, 0.301084, 0.276844, 0.282335
0.302678, 0.303426, 0.279171, 0.284665
0.304712, 0.305458, 0.281188, 0.286685
0.306915, 0.307657, 0.283368, 0.288868
0.308984, 0.309721, 0.285412, 0.290912
0.311202, 0.31193, 0.287595, 0.293096
0.313125, 0.313846, 0.289487, 0.294988
0.31515, 0.31586, 0.291472, 0.296973
0.316967, 0.317667, 0.293249, 0.29875
0.318732, 0.31942, 0.294973, 0.300473
0.320374, 0.321049, 0.296569, 0.302068
0.322131, 0.32279, 0.298273, 0.303769
0.323666, 0.324308, 0.299755, 0.305248
0.325086, 0.325711, 0.301122, 0.306612
0.326517, 0.327123, 0.302494, 0.30798
0.32798, 0.328564, 0.303891, 0.309373
0.329188, 0.329753, 0.30504, 0.310517
0.330456, 0.330998, 0.30624, 0.311711
0.331743, 0.332259, 0.307451, 0.312916
0.332942, 0.333431, 0.308572, 0.314031
0.334101, 0.33456, 0.309648, 0.315099
0.335342, 0.335767, 0.310791, 0.316233
0.336379, 0.336771, 0.311747, 0.317171
0.337309, 0.337669, 0.312598, 0.318002
0.338259, 0.338582, 0.313459, 0.31886
0.339114, 0.339399, 0.314224, 0.319628
0.339835, 0.340085, 0.314897, 0.320267
0.340478, 0.34069, 0.315551, 0.320826
0.34109, 0.341263, 0.316178, 0.32135
0.341658, 0.341789, 0.316772, 0.321826
0.342153, 0.342239, 0.317303, 0.322342
0.342555, 0.342596, 0.317742, 0.322776
0.342885, 0.34289, 0.31811, 0.323139
0.343126, 0.343154, 0.31839, 0.323413
0.343272, 0.343323, 0.318572, 0.32359
0.343332, 0.343401, 0.318663, 0.323676
0.343332, 0.343424, 0.318699, 0.323707
0.343263, 0.343375, 0.318664, 0.323666
0.343115, 0.343249, 0.318551, 0.323548
0.342904, 0.34306, 0.318374, 0.323366
0.342663, 0.342838, 0.318162, 0.32315
0.342302, 0.342499, 0.317835, 0.322818
0.341892, 0.342109, 0.317457, 0.322434
0.341424, 0.341661, 0.31702, 0.321993
0.340892, 0.341148, 0.316514, 0.321483
0.340321, 0.340596, 0.315971, 0.320935
0.339649, 0.339943, 0.315328, 0.320287
0.338926, 0.339239, 0.314632, 0.319593
0.338106, 0.338438, 0.313838, 0.318804
0.337292, 0.33764, 0.313047, 0.318016
0.336361, 0.336726, 0.31214, 0.317113
0.335408, 0.335789, 0.311209, 0.316185
0.334329, 0.334727, 0.310152, 0.315132
0.333185, 0.333598, 0.309028, 0.314011
0.33205, 0.332479, 0.307914, 0.312901
0.330833, 0.331275, 0.306713, 0.311703
0.329584, 0.330038, 0.305478, 0.310472
0.328392, 0.328858, 0.304299, 0.309295
0.326624, 0.327103, 0.302545, 0.307545
0.325322, 0.325811, 0.301252, 0.306255
0.324072, 0.324569, 0.300009, 0.305014
0.322751, 0.323255, 0.298694, 0.303701
0.321256, 0.321767, 0.297203, 0.302213
0.31982, 0.320337, 0.295771, 0.300782
0.319253, 0.319779, 0.295213, 0.300226
0.318571, 0.319106, 0.294539, 0.299556
0.317221, 0.31777, 0.293201, 0.298221
0.31627, 0.316823, 0.292248, 0.297271
0.315274, 0.315832, 0.291253, 0.296278
0.314216, 0.314778, 0.290194, 0.295221
0.313077, 0.313642, 0.289053, 0.294082
0.312074, 0.312639, 0.288045, 0.293075
0.310839, 0.311404, 0.286802, 0.291834
0.309498, 0.310062, 0.285452, 0.290485
0.308272, 0.308837, 0.284222, 0.289257
0.307044, 0.307605, 0.282982, 0.288017
0.305743, 0.306299, 0.281668, 0.286703
0.304545, 0.305097, 0.280457, 0.285493
0.303282, 0.303828, 0.279179, 0.284216
0.301951, 0.302491, 0.277832, 0.282869
0.300467, 0.300998, 0.276329, 0.281366
0.298874, 0.299397, 0.274716, 0.279753
0.29693, 0.29744, 0.272745, 0.277782
0.295097, 0.295596, 0.270888, 0.275924
0.293619, 0.294108, 0.269389, 0.274425
0.292006, 0.292481, 0.267747, 0.272783
0.290484, 0.290949, 0.266204, 0.271239
0.288927, 0.28938, 0.264625, 0.269659
0.287333, 0.287776, 0.26301, 0.268044
0.285525, 0.285954, 0.261177, 0.26621
0.283784, 0.284202, 0.259417, 0.264449
0.281928, 0.282333, 0.257536, 0.262568
0.279877, 0.280267, 0.255458, 0.260488
0.277896, 0.278271, 0.25345, 0.258479
0.276071, 0.276434, 0.251602, 0.25663
0.274334, 0.274684, 0.249843, 0.25487
0.272235, 0.272569, 0.247717, 0.252743
0.269922, 0.27024, 0.245376, 0.250401
0.267603, 0.267903, 0.243025, 0.248048
0.265016, 0.265298, 0.240408, 0.24543
0.262914, 0.263183, 0.238283, 0.243304
0.260547, 0.260803, 0.235897, 0.240917
0.25701, 0.257244, 0.232324, 0.237342
0.254536, 0.254755, 0.229827, 0.234843
0.251971, 0.252175, 0.227238, 0.232254
0.249163, 0.249352, 0.224406, 0.22942
0.24691, 0.247087, 0.222135, 0.227148
0.24437, 0.244532, 0.21957, 0.224582
0.241999, 0.242149, 0.217182, 0.222193
0.239385, 0.239523, 0.21455, 0.21956
0.235499, 0.235622, 0.210644, 0.215653
0.233227, 0.233341, 0.208359, 0.213367
0.230983, 0.231088, 0.206103, 0.21111
0.228881, 0.228978, 0.20399, 0.208996
0.22642, 0.226508, 0.201517, 0.206523
0.224101, 0.224181, 0.199187, 0.204193
0.221642, 0.221715, 0.196718, 0.201723
0.218865, 0.218928, 0.193927, 0.198931
0.215996, 0.216051, 0.191048, 0.196052
0.213389, 0.213438, 0.188434, 0.193437
0.210574, 0.210617, 0.185614, 0.190617
0.207788, 0.207825, 0.182821, 0.187823
0.205033, 0.205065, 0.18006, 0.185062
0.202125, 0.202152, 0.177147, 0.182148
0.199312, 0.199334, 0.174329, 0.17933
0.196406, 0.196423, 0.171416, 0.176417
0.193663, 0.193677, 0.168671, 0.173671
0.190959, 0.19097, 0.165965, 0.170965
0.188099, 0.188109, 0.163105, 0.168106
0.185411, 0.185418, 0.160415, 0.165415
0.182566, 0.182571, 0.157569, 0.162569
0.181, 0.181003, 0.156002, 0.161002
0.181, 0.181002, 0.156001, 0.161001
0.181, 0.181001, 0.156001, 0.161001
0.181, 0.181001, 0.156, 0.161
0.181, 0.181, 0.156, 0.161
0.181001, 0.181001, 0.156001, 0.161001
0.181, 0.181001, 0.156001, 0.161
0.181, 0.181001, 0.156001, 0.161
0.181, 0.181003, 0.156001, 0.161
0.181, 0.181004, 0.156002, 0.161001
0.181761, 0.181767, 0.156764, 0.161762
0.185023, 0.185032, 0.160028, 0.165025
0.188323, 0.188335, 0.163329, 0.168325
0.191589, 0.191604, 0.166597, 0.171592
0.19441, 0.194429, 0.16942, 0.174414
0.197409, 0.197432, 0.172422, 0.177415
0.200042, 0.200069, 0.175058, 0.18005
0.202786, 0.202817, 0.177805, 0.182795
0.205635, 0.205671, 0.180657, 0.185646
0.208651, 0.208694, 0.183678, 0.188666
0.211635, 0.211684, 0.186667, 0.191652
0.21433, 0.214385, 0.189366, 0.19435
0.217441, 0.217503, 0.192482, 0.197465
0.22014, 0.220209, 0.195187, 0.200168
0.222933, 0.223011, 0.197989, 0.202968
0.225513, 0.225597, 0.200574, 0.205552
0.228306, 0.228399, 0.203375, 0.208351
0.230768, 0.230868, 0.205844, 0.210818
0.233735, 0.233845, 0.20882, 0.213793
0.236605, 0.236725, 0.2117, 0.21667
0.239093, 0.23922, 0.214194, 0.219163
0.241778, 0.241916, 0.21689, 0.221857
0.244374, 0.244521, 0.219495, 0.224461
0.246936, 0.247093, 0.22207, 0.227035
0.249137, 0.249303, 0.224281, 0.229244
0.251583, 0.251759, 0.226738, 0.2317
0.254263, 0.25445, 0.229431, 0.234393
0.256747, 0.256944, 0.231927, 0.236888
0.259299, 0.259507, 0.234493, 0.239454
0.261559, 0.261775, 0.236763, 0.241723
0.264089, 0.264316, 0.239308, 0.244268
0.266283, 0.26652, 0.241516, 0.246475
0.268593, 0.268839, 0.24384, 0.2488
0.270724, 0.270979, 0.245987, 0.250948
0.273013, 0.273278, 0.248292, 0.253254
0.275033, 0.275306, 0.250326, 0.255289
0.277207, 0.277489, 0.252516, 0.25748
0.279346, 0.279636, 0.254671, 0.259637
0.281449, 0.281747, 0.256791, 0.261759
0.283649, 0.283955, 0.259008, 0.263979
0.285637, 0.285949, 0.26101, 0.265984
0.287675, 0.287994, 0.263066, 0.268044
0.289677, 0.290002, 0.265085, 0.270067
0.291561, 0.291891, 0.266986, 0.271972
0.293291, 0.293626, 0.268736, 0.273727
0.295149, 0.295488, 0.270611, 0.275608
0.297048, 0.29739, 0.272529, 0.277532
0.298871, 0.299215, 0.274371, 0.27938
0.300694, 0.30104, 0.276212, 0.281229
0.302478, 0.302826, 0.278016, 0.28304
0.303977, 0.304325, 0.279531, 0.284563
0.305552, 0.305899, 0.281124, 0.286163
0.306958, 0.307304, 0.282546, 0.287594
0.308471, 0.308814, 0.284077, 0.289134
0.310049, 0.310388, 0.285669, 0.290736
0.311717, 0.312051, 0.287357, 0.292436
0.31331, 0.313639, 0.288971, 0.294062
0.315251, 0.315571, 0.290936, 0.296044
0.317012, 0.317322, 0.292726, 0.297848
0.318798, 0.319096, 0.29455, 0.299677
0.320683, 0.320965, 0.296477, 0.301608
0.322645, 0.322907, 0.298485, 0.303622
0.32415, 0.324394, 0.300028, 0.305169
0.325645, 0.325869, 0.301563, 0.306708
0.32708, 0.327282, 0.303038, 0.308186
0.328475, 0.328653, 0.304474, 0.309627
0.329808, 0.329959, 0.305848, 0.311004
0.330979, 0.331105, 0.307057, 0.312218
0.332192, 0.332288, 0.308312, 0.313475
0.333254, 0.33332, 0.309406, 0.314572
0.334058, 0.3341, 0.31024, 0.315409
0.33473, 0.334751, 0.310939, 0.316109
0.335457, 0.33546, 0.311695, 0.316867
0.336183, 0.336199, 0.312451, 0.317625
0.336845, 0.336874, 0.313142, 0.318318
0.337476, 0.337519, 0.313801, 0.31898
0.337984, 0.338039, 0.314334, 0.319514
0.338483, 0.338549, 0.314857, 0.320038
0.33897, 0.339049, 0.315369, 0.320551
0.339433, 0.339525, 0.315855, 0.32104
0.339903, 0.340009, 0.316351, 0.321537
0.340354, 0.340475, 0.316828, 0.322015
0.340794, 0.340931, 0.317295, 0.322483
0.341177, 0.341329, 0.317709, 0.322899
0.341571, 0.34174, 0.31813, 0.32332
0.34188, 0.342064, 0.318461, 0.323652
0.342176, 0.342376, 0.31878, 0.323972
0.342469, 0.342686, 0.319096, 0.324289
0.342707, 0.34294, 0.319356, 0.324549
0.342922, 0.343172, 0.319592, 0.324786
0.343077, 0.34334, 0.319764, 0.324958
0.343233, 0.343512, 0.319939, 0.325133
0.343357, 0.343651, 0.32008, 0.325274
0.343455, 0.343764, 0.320194, 0.325388
0.343526, 0.343849, 0.320279, 0.325473
0.343586, 0.343925, 0.320355, 0.325549
0.343618, 0.343973, 0.320402, 0.325596
0.343624, 0.343994, 0.320422, 0.325615
0.343606, 0.343991, 0.320417, 0.325609
0.343561, 0.343962, 0.320384, 0.325576
0.343481, 0.343899, 0.320317, 0.325508
0.343374, 0.343809, 0.320221, 0.325411
0.343235, 0.343686, 0.320092, 0.325281
0.343077, 0.343543, 0.319943, 0.325131
0.342907, 0.343387, 0.31978, 0.324966
0.342719, 0.343212, 0.319597, 0.324783
0.342527, 0.343032, 0.319409, 0.324594
0.342309, 0.342827, 0.319196, 0.32438
0.34206, 0.342589, 0.31895, 0.324132
0.341796, 0.342337, 0.318688, 0.323869
0.341512, 0.342065, 0.318405, 0.323584
0.341191, 0.341756, 0.318085, 0.323263
0.340874, 0.341448, 0.31776, 0.322935
0.340557, 0.341141, 0.317441, 0.322615
0.340184, 0.340778, 0.317066, 0.322238
0.339758, 0.340363, 0.316637, 0.321808
0.339352, 0.339967, 0.316228, 0.321396
0.338915, 0.339539, 0.315786, 0.320952
0.338481, 0.339114, 0.315346, 0.320511
0.338016, 0.338657, 0.314875, 0.320038
0.337492, 0.33814, 0.314343, 0.319503
0.336959, 0.337615, 0.313801, 0.31896
0.336418, 0.337082, 0.313251, 0.318408
0.335857, 0.336528, 0.312681, 0.317835
0.335261, 0.335938, 0.312073, 0.317225
0.33458, 0.335263, 0.311379, 0.316528
0.333922, 0.334611, 0.310708, 0.315855
0.333259, 0.333953, 0.310031, 0.315176
0.332591, 0.333292, 0.309358, 0.314501
0.33194, 0.332644, 0.308692, 0.313833
0.331197, 0.331905, 0.307933, 0.313071
0.33047, 0.331181, 0.307189, 0.312325
0.329723, 0.330436, 0.306425, 0.311558
0.328916, 0.329631, 0.305599, 0.31073
0.32819, 0.328906, 0.304856, 0.309984
0.327405, 0.328121, 0.304052, 0.309178
0.326644, 0.327355, 0.30327, 0.308395
0.325866, 0.326578, 0.302474, 0.307596
0.324983, 0.325693, 0.301569, 0.306688
0.324101, 0.324811, 0.300666, 0.305783
0.323177, 0.323885, 0.299719, 0.304834
0.322208, 0.322914, 0.298727, 0.303839
0.321292, 0.321995, 0.297788, 0.302897
0.320356, 0.321056, 0.29683, 0.301936
0.319377, 0.320074, 0.295827, 0.300931
0.31825, 0.318942, 0.294672, 0.299773
0.317256, 0.317944, 0.293654, 0.298753
0.316245, 0.316924, 0.29261, 0.297706
0.315242, 0.315917, 0.291583, 0.296677
0.314222, 0.314891, 0.290539, 0.29563
0.313298, 0.313962, 0.289593, 0.294682
0.312217, 0.312875, 0.288486, 0.293574
0.310855, 0.311504, 0.287093, 0.292177
0.309823, 0.310465, 0.286036, 0.291119
0.308716, 0.309353, 0.284911, 0.289991
0.307499, 0.308128, 0.283666, 0.288744
0.306356, 0.306976, 0.282497, 0.287573
0.305227, 0.30584, 0.281343, 0.286417
0.304146, 0.304751, 0.280238, 0.28531
0.303019, 0.303615, 0.279086, 0.284156
0.301811, 0.302397, 0.277852, 0.282919
0.300485, 0.301062, 0.276498, 0.281563
0.299208, 0.299774, 0.275193, 0.280257
0.297844, 0.298399, 0.273801, 0.278862
0.296565, 0.29711, 0.272496, 0.277555
0.295445, 0.295981, 0.271353, 0.276411
0.293955, 0.294479, 0.269834, 0.27489
0.292662, 0.293172, 0.268508, 0.273561
0.291132, 0.29163, 0.266949, 0.272
0.289692, 0.290178, 0.265483, 0.270532
0.288459, 0.288935, 0.264227, 0.269275
0.287099, 0.287564, 0.262843, 0.267888
0.285607, 0.28606, 0.261325, 0.266369
0.284291, 0.284736, 0.259993, 0.265035
0.282882, 0.283316, 0.25856, 0.263601
0.281378, 0.281799, 0.257031, 0.26207
0.279856, 0.280265, 0.255484, 0.260522
0.27852, 0.278918, 0.254126, 0.259163
0.276799, 0.277184, 0.252379, 0.257414
0.275182, 0.275555, 0.250738, 0.255771
0.273715, 0.274076, 0.249249, 0.254281
0.272148, 0.272497, 0.24766, 0.25269
0.270822, 0.271161, 0.246315, 0.251344
0.269397, 0.269725, 0.24487, 0.249898
0.267958, 0.268274, 0.243407, 0.248433
0.266196, 0.2665, 0.241623, 0.246648
0.264728, 0.265021, 0.240136, 0.24516
0.26293, 0.263211, 0.238317, 0.243339
0.261249, 0.261518, 0.236617, 0.241638
0.259459, 0.259718, 0.234811, 0.239832
0.257649, 0.257897, 0.232982, 0.238002
0.255821, 0.256057, 0.231135, 0.236153
0.254116, 0.254342, 0.229413, 0.23443
0.252348, 0.252563, 0.227627, 0.232643
0.25061, 0.250815, 0.225873, 0.230888
0.248611, 0.248805, 0.223857, 0.22887
0.246789, 0.246973, 0.222019, 0.227032
0.24475, 0.24492, 0.219958, 0.22497
0.242841, 0.243002, 0.218035, 0.223046
0.240608, 0.240758, 0.215786, 0.220796
0.238763, 0.238904, 0.213928, 0.218937
0.236797, 0.236931, 0.211953, 0.216962
0.234655, 0.234779, 0.209798, 0.214806
0.232704, 0.23282, 0.207835, 0.212842
0.230629, 0.230736, 0.205748, 0.210755
0.228641, 0.228741, 0.20375, 0.208757
0.226909, 0.227002, 0.202009, 0.207015
0.225163, 0.22525, 0.200255, 0.20526
0.223183, 0.223263, 0.198266, 0.203271
0.221242, 0.221316, 0.196318, 0.201322
0.219117, 0.219183, 0.194181, 0.199184
0.21686, 0.21692, 0.191916, 0.196919
0.214353, 0.214406, 0.189402, 0.194404
0.212168, 0.212217, 0.187213, 0.192216
0.209556, 0.209599, 0.184594, 0.189596
0.2068, 0.206837, 0.181831, 0.186833
0.203836, 0.203867, 0.178861, 0.183863
0.2009, 0.200926, 0.17592, 0.180921
0.197567, 0.197587, 0.172582, 0.177582
0.194441, 0.194456, 0.169449, 0.17445
0.190906, 0.190918, 0.165912, 0.170912
0.188023, 0.188032, 0.163028, 0.168029
0.184984, 0.184991, 0.159988, 0.164988
0.1823, 0.182306, 0.157303, 0.162303
0.181, 0.181004, 0.156002, 0.161002
0.181, 0.181002, 0.156001, 0.161001
0.181, 0.181002, 0.156001, 0.161001
0.181, 0.181001, 0.156, 0.161
0.181, 0.181001, 0.156, 0.161
0.181001, 0.181001, 0.156001, 0.161001
0.199416, 0.199416, 0.174416, 0.179416
0.206638, 0.206638, 0.181638, 0.186638
0.211985, 0.211985, 0.186985, 0.191985
0.216235, 0.216237, 0.191235, 0.196235
0.219915, 0.219921, 0.194916, 0.199917
0.223248, 0.223261, 0.198251, 0.203254
0.226332, 0.226352, 0.201335, 0.206341
0.2293, 0.229331, 0.204306, 0.209314
0.23222, 0.232263, 0.207228, 0.21224
0.235127, 0.235185, 0.210139, 0.215155
0.238017, 0.23809, 0.213032, 0.218052
0.240889, 0.240979, 0.215908, 0.220934
0.243826, 0.243937, 0.21885, 0.223884
0.246844, 0.24698, 0.221875, 0.226917
0.249951, 0.250112, 0.224989, 0.230041
0.253125, 0.253313, 0.22817, 0.233233
0.256394, 0.256612, 0.231448, 0.236523
0.259731, 0.259981, 0.234794, 0.239883
0.263164, 0.263447, 0.238237, 0.243339
0.26726, 0.267587, 0.242346, 0.247469
0.271303, 0.271667, 0.246402, 0.251545
0.275303, 0.275705, 0.250415, 0.255578
0.279291, 0.279732, 0.254417, 0.259601
0.283198, 0.283677, 0.258337, 0.263544
0.287031, 0.287546, 0.262183, 0.26741
0.290829, 0.291383, 0.265995, 0.271246
0.294609, 0.295206, 0.269792, 0.275072
0.298459, 0.299103, 0.273659, 0.27897
0.302373, 0.303066, 0.277591, 0.282935
0.306318, 0.30706, 0.281553, 0.286932
0.31032, 0.311112, 0.285573, 0.290987
0.31449, 0.315342, 0.289764, 0.295223
0.318689, 0.319598, 0.293985, 0.29949
0.322915, 0.32388, 0.298231, 0.303782
0.327181, 0.328204, 0.302519, 0.308119
0.331499, 0.332583, 0.306858, 0.312511
0.335878, 0.337022, 0.311256, 0.316962
0.340293, 0.341499, 0.315692, 0.321456
0.344691, 0.345959, 0.320112, 0.325938
0.349042, 0.35037, 0.324483, 0.330368
0.353502, 0.354899, 0.328962, 0.334917
0.358002, 0.359468, 0.33348, 0.339505
0.362494, 0.364029, 0.33799, 0.344088
0.384506, 0.386162, 0.360063, 0.366337
0.400866, 0.402635, 0.376469, 0.382904
0.413734, 0.415603, 0.389371, 0.395945
0.423877, 0.425843, 0.399538, 0.406243
0.432795, 0.434855, 0.408472, 0.415302
0.440451, 0.442624, 0.416135, 0.423108
0.447011, 0.449272, 0.422695, 0.429781
0.452628, 0.454987, 0.428301, 0.435503
0.457418, 0.459854, 0.433075, 0.440367
0.461521, 0.464035, 0.437156, 0.444535
0.465022, 0.467608, 0.440626, 0.448078
0.42615, 0.428627, 0.401643, 0.408806
0.440043, 0.442646, 0.415501, 0.422814
0.449806, 0.452494, 0.425264, 0.432642
0.456891, 0.45965, 0.432351, 0.439748
0.484933, 0.487858, 0.460427, 0.468
0.487594, 0.490574, 0.463078, 0.470606
0.491002, 0.494048, 0.466473, 0.473915
0.494907, 0.498015, 0.470361, 0.477725
0.499192, 0.502363, 0.474648, 0.481949
0.5183, 0.521599, 0.494011, 0.501089
0.517115, 0.520436, 0.49303, 0.499789
0.517084, 0.52043, 0.493229, 0.499634
0.532722, 0.536169, 0.50919, 0.5152
0.52934, 0.532792, 0.506097, 0.511626
0.541458, 0.544985, 0.51851, 0.523648
0.546087, 0.54965, 0.523456, 0.528114
0.544892, 0.548458, 0.522591, 0.526721
0.497891, 0.501226, 0.47572, 0.479458
0.50035, 0.503697, 0.478391, 0.482029
0.502767, 0.506124, 0.481028, 0.484627
0.504878, 0.508242, 0.483341, 0.486913
0.50725, 0.510621, 0.485969, 0.489512
0.509129, 0.512506, 0.488083, 0.49175
0.51133, 0.514709, 0.490575, 0.494638
0.513027, 0.516406, 0.492509, 0.4969
0.514681, 0.518058, 0.494409, 0.499141
0.516323, 0.519696, 0.49631, 0.501403
0.51776, 0.521128, 0.49799, 0.503419
0.519213, 0.522573, 0.499704, 0.505497
0.520598, 0.523949, 0.501356, 0.507522
0.521793, 0.525133, 0.5028, 0.509309
0.522792, 0.526119, 0.50402, 0.510837
0.523863, 0.527176, 0.50535, 0.512521
0.524723, 0.528021, 0.506437, 0.513914
0.525505, 0.528785, 0.50744, 0.515217
0.526333, 0.529591, 0.508532, 0.516658
0.526973, 0.530211, 0.509403, 0.51783
0.527564, 0.530778, 0.510239, 0.51898
0.527989, 0.531182, 0.510872, 0.519871
0.528365, 0.531532, 0.511468, 0.520737
0.528664, 0.531804, 0.511995, 0.521534
0.528862, 0.531974, 0.51241, 0.522199
0.52897, 0.532051, 0.512739, 0.522776
0.528975, 0.532023, 0.51296, 0.523226
0.528894, 0.531912, 0.513063, 0.523518
0.52875, 0.531739, 0.513083, 0.523699
0.528516, 0.531473, 0.513023, 0.5238
0.528203, 0.531127, 0.512878, 0.5238
0.527763, 0.53065, 0.512616, 0.523684
0.527154, 0.529997, 0.512198, 0.523406
0.526592, 0.5294, 0.511778, 0.523079
0.525861, 0.528628, 0.511201, 0.52259
0.525013, 0.527737, 0.5105, 0.521961
0.52411, 0.526794, 0.509735, 0.521248
0.523169, 0.525812, 0.508911, 0.520455
0.522201, 0.524806, 0.508048, 0.519606
0.521041, 0.523602, 0.506994, 0.518553
0.519919, 0.52244, 0.50596, 0.517505
0.518691, 0.521171, 0.504815, 0.516331
0.517387, 0.519824, 0.503585, 0.51506
0.515776, 0.518164, 0.50205, 0.513461
0.514227, 0.51657, 0.500561, 0.511898
0.512724, 0.515025, 0.499105, 0.510363
0.510926, 0.51318, 0.497351, 0.508506
0.509133, 0.51134, 0.49559, 0.506635
0.507209, 0.509368, 0.493685, 0.504602
0.505253, 0.507366, 0.491742, 0.502527
0.50311, 0.505174, 0.489604, 0.50024
0.500936, 0.502954, 0.487431, 0.497915
0.498565, 0.500533, 0.485045, 0.495358
0.496402, 0.498326, 0.48286, 0.493016
0.493926, 0.495802, 0.480351, 0.490325
0.491176, 0.493, 0.477555, 0.487328
0.488595, 0.490371, 0.474922, 0.484508
0.486004, 0.487735, 0.472273, 0.481672
0.483341, 0.485026, 0.469538, 0.478745
0.480678, 0.482319, 0.466803, 0.475824
0.478021, 0.47962, 0.46407, 0.47297
0.475005, 0.476558, 0.460967, 0.469863
0.47199, 0.473498, 0.457854, 0.466735
0.468593, 0.470052, 0.454341, 0.463197
0.465752, 0.467185, 0.451407, 0.460242
0.462856, 0.46425, 0.448405, 0.457208
0.459327, 0.460675, 0.444736, 0.453491
0.455977, 0.457282, 0.441256, 0.449961
0.45222, 0.45348, 0.437355, 0.446001
0.448739, 0.449958, 0.433732, 0.442318
0.445288, 0.446467, 0.430136, 0.438658
0.441871, 0.443013, 0.426575, 0.435031
0.438312, 0.439415, 0.422863, 0.431246
0.434699, 0.435765, 0.419088, 0.427394
0.430941, 0.431969, 0.415165, 0.423391
0.427322, 0.428316, 0.411393, 0.419542
0.423948, 0.42491, 0.40787, 0.415945
0.420341, 0.42127, 0.404102, 0.412096
0.416396, 0.41729, 0.399981, 0.407886
0.412606, 0.413467, 0.396014, 0.403833
0.408675, 0.409504, 0.391907, 0.399637
0.405011, 0.405811, 0.388079, 0.395727
0.401004, 0.401774, 0.383899, 0.391461
0.396961, 0.397701, 0.379676, 0.387148
0.392884, 0.393595, 0.375416, 0.3828
0.389091, 0.389775, 0.371455, 0.378757
0.385484, 0.386144, 0.367682, 0.374906
0.381748, 0.382383, 0.363782, 0.370928
0.377559, 0.378168, 0.359416, 0.366478
0.373777, 0.374364, 0.355469, 0.362456
0.369868, 0.370431, 0.35139, 0.3583
0.366049, 0.36659, 0.347407, 0.354244
0.361774, 0.362291, 0.342944, 0.349699
0.357922, 0.358419, 0.33893, 0.345614
0.353947, 0.354424, 0.334795, 0.34141
0.350404, 0.350863, 0.331104, 0.337658
0.346518, 0.346958, 0.327059, 0.333547
0.325322, 0.325669, 0.305018, 0.31118
0.318842, 0.319165, 0.29829, 0.304363
0.311816, 0.312112, 0.290994, 0.296974
0.305144, 0.305418, 0.284083, 0.289983
0.299163, 0.299418, 0.277887, 0.283718
0.292444, 0.292678, 0.270925, 0.276681
0.286427, 0.286643, 0.264701, 0.270396
0.280349, 0.280548, 0.258424, 0.264061
0.274648, 0.274832, 0.252534, 0.25812
0.268475, 0.268643, 0.246155, 0.251686
0.262276, 0.262429, 0.23976, 0.245241
0.256475, 0.256615, 0.233787, 0.239226
0.251438, 0.251567, 0.228586, 0.233986
0.249724, 0.249847, 0.226778, 0.232155
0.247889, 0.248005, 0.224844, 0.230199
0.246033, 0.246142, 0.222891, 0.228224
0.24405, 0.244152, 0.220803, 0.226113
0.242257, 0.242353, 0.218923, 0.224215
0.240338, 0.240428, 0.216914, 0.222187
0.238344, 0.238429, 0.21483, 0.220085
0.236329, 0.236409, 0.212733, 0.217971
0.234292, 0.234367, 0.21061, 0.215831
0.23257, 0.23264, 0.208817, 0.214024
0.230494, 0.230559, 0.206659, 0.211852
0.228226, 0.228286, 0.204306, 0.209483
0.225991, 0.226046, 0.20199, 0.207153
0.223733, 0.223784, 0.199655, 0.204803
0.221688, 0.221734, 0.197541, 0.202678
0.219564, 0.219606, 0.195346, 0.200471
0.217122, 0.21716, 0.192832, 0.197944
0.215198, 0.215234, 0.190854, 0.195957
0.21326, 0.213292, 0.188863, 0.193957
0.211061, 0.21109, 0.186611, 0.191697
0.208966, 0.208993, 0.184465, 0.189542
0.206855, 0.206879, 0.182305, 0.187374
0.204538, 0.204559, 0.179938, 0.184999
0.202329, 0.202347, 0.177683, 0.182737
0.200165, 0.200182, 0.175478, 0.180526
0.197727, 0.197741, 0.172997, 0.178038
0.195204, 0.195216, 0.170429, 0.175463
0.192593, 0.192603, 0.16778, 0.172809
0.189762, 0.189769, 0.164911, 0.169934
0.186168, 0.186174, 0.161279, 0.166296
0.183278, 0.183282, 0.15836, 0.163372
0.181, 0.181003, 0.156057, 0.161066
0.181, 0.181002, 0.15603, 0.161035
0.181, 0.181001, 0.156011, 0.161013
0.181, 0.181, 0.156004, 0.161004
0.181, 0.181, 0.156001, 0.161001
0.181, 0.181, 0.156006, 0.161007
0.181, 0.181001, 0.156014, 0.161017
0.181, 0.181002, 0.156026, 0.161032
0.181, 0.181003, 0.156041, 0.16105
0.181, 0.181004, 0.156061, 0.161075
0.181, 0.181006, 0.156085, 0.161104
0.183149, 0.183157, 0.15827, 0.163297
0.185547, 0.185558, 0.160704, 0.165738
0.187785, 0.187798, 0.162978, 0.168021
0.190364, 0.19038, 0.1656, 0.170652
0.19271, 0.19273, 0.167993, 0.173055
0.195039, 0.195062, 0.170373, 0.175447
0.197351, 0.197378, 0.172745, 0.177833
0.199714, 0.199746, 0.175172, 0.180273
0.20206, 0.202096, 0.177584, 0.1827
0.204387, 0.204428, 0.179982, 0.185114
0.20629, 0.206335, 0.181946, 0.187092
0.208381, 0.208432, 0.18411, 0.189271
0.210725, 0.210781, 0.186538, 0.191719
0.213115, 0.213177, 0.189014, 0.194214
0.215025, 0.215092, 0.191001, 0.196218
0.217442, 0.217517, 0.193521, 0.198761
0.219386, 0.219467, 0.195552, 0.20081
0.221251, 0.221338, 0.197511, 0.202791
0.22304, 0.223132, 0.199386, 0.204685
0.224878, 0.224977, 0.201317, 0.206637
0.226766, 0.226872, 0.203304, 0.208645
0.228639, 0.228751, 0.205278, 0.210642
0.230621, 0.230741, 0.207371, 0.21276
0.232464, 0.232591, 0.209321, 0.214734
0.234292, 0.234426, 0.211259, 0.216696
0.236045, 0.236186, 0.213121, 0.218583
0.237904, 0.238052, 0.21509, 0.220576
0.239866, 0.240019, 0.217178, 0.222694
0.24181, 0.241971, 0.219254, 0.224798
0.243909, 0.24408, 0.2215, 0.227078
0.2457, 0.245879, 0.223431, 0.22904
0.247817, 0.248005, 0.225706, 0.23135
0.249855, 0.250052, 0.227901, 0.23358
0.251593, 0.251798, 0.229776, 0.235486
0.253369, 0.253583, 0.231697, 0.23744
0.255129, 0.255353, 0.233604, 0.23938
0.257034, 0.257268, 0.235673, 0.241486
0.259132, 0.259378, 0.237958, 0.243812
0.260888, 0.261144, 0.239873, 0.245763
0.262782, 0.263048, 0.241932, 0.247859
0.26455, 0.264828, 0.243869, 0.249833
0.266094, 0.266382, 0.245564, 0.251561
0.267725, 0.268022, 0.247356, 0.25339
0.269187, 0.269495, 0.248979, 0.255049
0.270983, 0.271303, 0.250961, 0.257072
0.272707, 0.273038, 0.252868, 0.25902
0.275781, 0.276125, 0.256136, 0.26233
0.279103, 0.279459, 0.259652, 0.265889
0.282743, 0.283114, 0.263507, 0.269792
0.286094, 0.286477, 0.267045, 0.273371
0.289762, 0.290159, 0.270933, 0.277307
0.292726, 0.293134, 0.274075, 0.280488
0.296413, 0.296837, 0.278, 0.284466
0.299904, 0.300342, 0.281705, 0.288218
0.3034, 0.303852, 0.285418, 0.291977
0.306797, 0.307263, 0.289027, 0.295633
0.310301, 0.31078, 0.292738, 0.299389
0.313393, 0.313885, 0.296025, 0.302717
0.317, 0.317508, 0.299874, 0.306618
0.320606, 0.321129, 0.30371, 0.310503
0.324312, 0.32485, 0.307653, 0.314497
0.328115, 0.32867, 0.311701, 0.318597
0.331808, 0.332379, 0.315634, 0.32258
0.335391, 0.335977, 0.319437, 0.32643
0.339169, 0.339771, 0.32346, 0.330503
0.342222, 0.342839, 0.326726, 0.333812
0.345976, 0.346609, 0.330725, 0.337862
0.349311, 0.349959, 0.334278, 0.341458
0.352633, 0.353296, 0.337817, 0.345041
0.35584, 0.356517, 0.341233, 0.348499
0.35943, 0.360123, 0.345046, 0.352356
0.363198, 0.363908, 0.349059, 0.356416
0.36704, 0.367768, 0.353162, 0.360569
0.370659, 0.371404, 0.357015, 0.364466
0.374349, 0.375111, 0.360941, 0.368435
0.377914, 0.378693, 0.364733, 0.372268
0.381641, 0.382435, 0.368683, 0.376257
0.385144, 0.385955, 0.372404, 0.380017
0.388615, 0.389443, 0.376089, 0.383738
0.392238, 0.393084, 0.379943, 0.38763
0.396279, 0.397144, 0.384224, 0.391949
0.399907, 0.400789, 0.388063, 0.395821
0.402867, 0.403764, 0.391192, 0.398974
0.406148, 0.40706, 0.394645, 0.402451
0.409302, 0.41023, 0.39797, 0.405799
0.412589, 0.413532, 0.401429, 0.40928
0.415576, 0.416535, 0.404579, 0.41245
0.418857, 0.419833, 0.408021, 0.415909
0.422171, 0.423163, 0.411488, 0.419391
0.425107, 0.426113, 0.414553, 0.422468
0.428316, 0.429338, 0.417896, 0.425819
0.431623, 0.432662, 0.421321, 0.429249
0.434943, 0.435998, 0.424757, 0.432689
0.438119, 0.439191, 0.428044, 0.435978
0.440934, 0.44202, 0.430937, 0.438869
0.443405, 0.444503, 0.433468, 0.441395
0.446182, 0.447295, 0.436301, 0.444221
0.448829, 0.449956, 0.438991, 0.4469
0.451552, 0.452693, 0.441743, 0.44964
0.453879, 0.455031, 0.444076, 0.451957
0.456731, 0.457898, 0.446929, 0.454791
0.459375, 0.460556, 0.449558, 0.457399
0.461821, 0.463016, 0.451983, 0.459803
0.464196, 0.465404, 0.454312, 0.462108
0.466669, 0.46789, 0.456717, 0.464486
0.469003, 0.470236, 0.458967, 0.466706
0.47115, 0.472394, 0.461017, 0.468728
0.473221, 0.474477, 0.462977, 0.470658
0.475315, 0.476583, 0.464935, 0.472584
0.477184, 0.478461, 0.466653, 0.474271
0.479025, 0.480312, 0.468332, 0.475919
0.48083, 0.482127, 0.469955, 0.477511
0.482716, 0.484024, 0.471621, 0.479143
0.484425, 0.485743, 0.473101, 0.480592
0.485968, 0.487295, 0.474417, 0.48188
0.487495, 0.488831, 0.47568, 0.483115
0.488864, 0.490208, 0.476781, 0.484191
0.490055, 0.491407, 0.477711, 0.485099
0.491258, 0.492617, 0.478616, 0.485984
0.4924, 0.493765, 0.479438, 0.486789
0.493402, 0.494774, 0.480122, 0.487459
0.494343, 0.49572, 0.480724, 0.488049
0.495254, 0.496637, 0.481256, 0.488574
0.496011, 0.4974, 0.481648, 0.488963
0.49665, 0.498042, 0.481927, 0.489244
0.497194, 0.498591, 0.482113, 0.489434
0.497684, 0.499084, 0.482215, 0.489546
0.498062, 0.499465, 0.482226, 0.48957
0.498395, 0.499801, 0.482144, 0.489507
0.498634, 0.500042, 0.48197, 0.489357
0.49877, 0.500179, 0.481749, 0.48916
0.498844, 0.500254, 0.481462, 0.488901
0.498855, 0.500266, 0.481086, 0.488558
0.4988, 0.500211, 0.480651, 0.488158
0.498679, 0.50009, 0.480146, 0.487694
0.498473, 0.499885, 0.479522, 0.487117
0.498191, 0.499602, 0.478818, 0.486465
0.497822, 0.499231, 0.478013, 0.485718
0.497346, 0.498753, 0.477079, 0.484849
0.49684, 0.498245, 0.476159, 0.483993
0.496262, 0.497664, 0.475167, 0.483068
0.49563, 0.497029, 0.474134, 0.482103
0.494869, 0.496264, 0.472939, 0.480986
0.494006, 0.495396, 0.471634, 0.479764
0.493059, 0.494445, 0.470249, 0.478465
0.491975, 0.493355, 0.468709, 0.477019
0.490858, 0.492232, 0.467164, 0.475681
0.48969, 0.491058, 0.465692, 0.474416
0.488444, 0.489805, 0.464333, 0.473077
0.487121, 0.488475, 0.462921, 0.471665
0.485758, 0.487105, 0.461602, 0.470218
0.484207, 0.485544, 0.460113, 0.468577
0.482653, 0.483981, 0.458616, 0.466945
0.481025, 0.482344, 0.457041, 0.465241
0.479367, 0.480676, 0.455433, 0.463512
0.477546, 0.478844, 0.453661, 0.461619
0.475647, 0.476936, 0.451812, 0.459655
0.473623, 0.4749, 0.449884, 0.457561
0.471624, 0.472889, 0.448015, 0.455498
0.469392, 0.470644, 0.445915, 0.453199
0.467191, 0.46843, 0.443833, 0.450935
0.465032, 0.466259, 0.441782, 0.448718
0.462749, 0.463963, 0.439603, 0.446376
0.460583, 0.461783, 0.437523, 0.444149
0.458108, 0.459295, 0.435141, 0.441615
0.455887, 0.45706, 0.432996, 0.439341
0.45335, 0.454509, 0.430537, 0.436774
0.450817, 0.451962, 0.428077, 0.434328
0.448156, 0.449285, 0.42548, 0.431741
0.445433, 0.446546, 0.422815, 0.429085
0.442865, 0.443964, 0.420296, 0.426571
0.440247, 0.441331, 0.41772, 0.423999
0.43743, 0.438497, 0.414941, 0.421223
0.434481, 0.435531, 0.412022, 0.418303
0.431555, 0.432588, 0.409123, 0.415402
0.428655, 0.428817, 0.404542, 0.410572
0.426428, 0.426634, 0.402437, 0.408358
0.426428, 0.426634, 0.402437, 0.408358
0.426428, 0.426634, 0.402437, 0.408358
0.426428, 0.426634, 0.402437, 0.408358
0.426428, 0.427433, 0.404034, 0.410309
0.426428, 0.427433, 0.404034, 0.410309
0.181, 0.181, 0.156, 0.161
0.181, 0.181, 0.156, 0.161
0.181, 0.181, 0.156, 0.161
0.181, 0.181, 0.156, 0.161
0.181, 0.181, 0.156, 0.161
0.181, 0.181001, 0.156, 0.161
0.181, 0.181001, 0.156, 0.161
0.181, 0.181001, 0.156, 0.161
0.181, 0.181001, 0.156, 0.161001
0.181, 0.181002, 0.156001, 0.161001
0.181, 0.181002, 0.156001, 0.161001
0.181, 0.181003, 0.156001, 0.161001
0.181, 0.181003, 0.156001, 0.161001
0.181, 0.181004, 0.156001, 0.161002
0.181, 0.181004, 0.156001, 0.161002
0.181, 0.181005, 0.156001, 0.161002
0.181, 0.181006, 0.156002, 0.161003
0.181, 0.181006, 0.156002, 0.161003
0.181954, 0.181962, 0.156956, 0.161958
0.182866, 0.182875, 0.157869, 0.16287
0.183744, 0.183753, 0.158747, 0.163749
0.184751, 0.184761, 0.159755, 0.164757
0.185561, 0.185572, 0.160565, 0.165567
0.186472, 0.186484, 0.161477, 0.166479
0.187403, 0.187416, 0.162408, 0.167411
0.188273, 0.188287, 0.163279, 0.168282
0.18911, 0.189125, 0.164115, 0.169117
0.189966, 0.189983, 0.164972, 0.169975
0.190867, 0.190885, 0.165873, 0.170876
0.191735, 0.191753, 0.166742, 0.171745
0.192646, 0.192666, 0.167653, 0.172657
0.193473, 0.193494, 0.168481, 0.173485
0.194269, 0.194292, 0.169278, 0.174282
0.195108, 0.195131, 0.170117, 0.175122
0.195915, 0.19594, 0.170925, 0.17593
0.196546, 0.196572, 0.171557, 0.176562
0.197316, 0.197344, 0.172331, 0.177338
0.197985, 0.198014, 0.173001, 0.178009
0.198744, 0.198774, 0.173761, 0.178769
0.199425, 0.199457, 0.174443, 0.179452
0.200055, 0.200088, 0.175074, 0.180084
0.200819, 0.200853, 0.175839, 0.180849
0.201575, 0.201612, 0.176597, 0.181608
0.202235, 0.202272, 0.177258, 0.182269
0.203068, 0.203107, 0.178093, 0.183105
0.20376, 0.203801, 0.178786, 0.183798
0.204445, 0.204488, 0.179473, 0.184486
0.205125, 0.205169, 0.180154, 0.185168
0.205884, 0.205917, 0.181421, 0.186632
0.206636, 0.20667, 0.182194, 0.187413
0.207296, 0.207331, 0.182872, 0.188098
0.207886, 0.207923, 0.183479, 0.188712
0.208576, 0.208613, 0.184188, 0.189429
0.209218, 0.209256, 0.184848, 0.190096
0.209833, 0.209888, 0.184873, 0.189893
0.210563, 0.210621, 0.185606, 0.190627
0.211186, 0.211245, 0.18623, 0.191252
0.211802, 0.211863, 0.186849, 0.191871
0.212471, 0.212534, 0.18752, 0.192544
0.213171, 0.213236, 0.188219, 0.193243
0.213768, 0.213834, 0.188818, 0.193842
0.214377, 0.214445, 0.189429, 0.194454
0.214962, 0.215031, 0.190016, 0.195042
0.215521, 0.215592, 0.190577, 0.195604
0.216057, 0.216129, 0.191115, 0.196142
0.216532, 0.216606, 0.191592, 0.196621
0.217022, 0.217097, 0.192083, 0.197113
0.217542, 0.217619, 0.192606, 0.197636
0.218057, 0.218136, 0.193123, 0.198154
0.218567, 0.218648, 0.193635, 0.198667
0.219089, 0.219171, 0.194159, 0.199192
0.219588, 0.219672, 0.19466, 0.199695
0.220014, 0.220099, 0.195088, 0.200123
0.220503, 0.22059, 0.195579, 0.200616
0.220987, 0.221075, 0.196065, 0.201103
0.221449, 0.22154, 0.196534, 0.201574
0.221858, 0.22195, 0.196945, 0.201986
0.222262, 0.222356, 0.197351, 0.202394
0.222647, 0.222742, 0.197738, 0.202781
0.223044, 0.22314, 0.198137, 0.203181
0.22353, 0.223628, 0.198626, 0.203671
0.223933, 0.224033, 0.199032, 0.204078
0.224333, 0.224433, 0.199433, 0.20448
0.224743, 0.224845, 0.199845, 0.204894
0.225148, 0.225252, 0.200253, 0.205303
0.225578, 0.225684, 0.200686, 0.205737
0.226047, 0.226154, 0.201158, 0.20621
0.226466, 0.226575, 0.201579, 0.206633
0.226908, 0.227019, 0.202024, 0.207079
0.22733, 0.227443, 0.202449, 0.207505
0.227775, 0.227888, 0.202896, 0.207954
0.228253, 0.228369, 0.203378, 0.208437
0.228657, 0.228774, 0.203785, 0.208845
0.229095, 0.229214, 0.204226, 0.209287
0.229474, 0.229594, 0.204607, 0.20967
0.22986, 0.229982, 0.204997, 0.210061
0.230254, 0.230378, 0.205393, 0.210459
0.230629, 0.230754, 0.205772, 0.210838
0.230962, 0.231088, 0.206107, 0.211175
0.231266, 0.231394, 0.206413, 0.211482
0.231578, 0.231707, 0.206728, 0.211798
0.231897, 0.232028, 0.20705, 0.212121
0.232212, 0.232344, 0.207368, 0.21244
0.2325, 0.232633, 0.207658, 0.212731
0.232795, 0.232929, 0.207956, 0.21303
0.233097, 0.233232, 0.20826, 0.213336
0.23347, 0.233608, 0.208637, 0.213714
0.233794, 0.233933, 0.208964, 0.214042
0.234101, 0.234242, 0.209274, 0.214354
0.234476, 0.234618, 0.209652, 0.214733
0.234792, 0.234935, 0.209971, 0.215054
0.235092, 0.235236, 0.210274, 0.215358
0.235434, 0.235581, 0.21062, 0.215706
0.235732, 0.235879, 0.210921, 0.216008
0.235967, 0.236116, 0.211159, 0.216247
0.236199, 0.236348, 0.211393, 0.216482
0.236435, 0.236586, 0.211632, 0.216722
0.236703, 0.236855, 0.211903, 0.216994
0.236957, 0.23711, 0.212159, 0.217252
0.237205, 0.237359, 0.212405, 0.217496
0.237448, 0.237603, 0.212651, 0.217743
0.237662, 0.237817, 0.212867, 0.21796
0.237887, 0.238044, 0.213095, 0.218189
0.238154, 0.238312, 0.213365, 0.218461
0.181, 0.181001, 0.15601, 0.161012
0.181, 0.181002, 0.156022, 0.161027
0.181, 0.181003, 0.156037, 0.161046
0.181, 0.181004, 0.15606, 0.161074
0.181, 0.181006, 0.156086, 0.161105
0.18293, 0.182938, 0.158048, 0.163074
0.18533, 0.185341, 0.160483, 0.165517
0.187641, 0.187654, 0.162832, 0.167874
0.190078, 0.190094, 0.165309, 0.17036
0.192497, 0.192517, 0.167776, 0.172837
0.194687, 0.19471, 0.170013, 0.175085
0.197071, 0.197098, 0.172459, 0.177545
0.199714, 0.199746, 0.175172, 0.180273
0.20206, 0.202096, 0.177584, 0.1827
0.204591, 0.204633, 0.180193, 0.185326
0.206831, 0.206878, 0.182506, 0.187655
0.209254, 0.209307, 0.185014, 0.190182
0.211789, 0.211849, 0.187644, 0.192833
0.214368, 0.214433, 0.190317, 0.195528
0.216726, 0.216798, 0.192774, 0.198006
0.218804, 0.218883, 0.194944, 0.200196
0.220738, 0.220823, 0.196966, 0.202238
0.222721, 0.222813, 0.199052, 0.204347
0.224815, 0.224914, 0.201251, 0.20657
0.226703, 0.226809, 0.203238, 0.208578
0.228701, 0.228814, 0.205344, 0.210709
0.230683, 0.230803, 0.207436, 0.212826
0.232831, 0.232959, 0.20971, 0.215127
0.234838, 0.234974, 0.211838, 0.217283
0.237007, 0.237151, 0.214135, 0.219608
0.239214, 0.239365, 0.216483, 0.221989
0.241399, 0.241558, 0.218815, 0.224353
0.243503, 0.243671, 0.221065, 0.226636
0.245528, 0.245706, 0.223246, 0.228852
0.247362, 0.247548, 0.225216, 0.230852
0.249009, 0.249202, 0.226988, 0.232653
0.250754, 0.250955, 0.22887, 0.234566
0.252205, 0.252413, 0.230438, 0.23616
0.253701, 0.253916, 0.232056, 0.237805
0.255238, 0.255463, 0.233723, 0.239501
0.256871, 0.257105, 0.235497, 0.241306
0.258811, 0.259055, 0.237608, 0.243456
0.260304, 0.260557, 0.239236, 0.245114
0.261785, 0.262046, 0.240842, 0.246748
0.263668, 0.263941, 0.242903, 0.248848
0.26517, 0.265451, 0.244549, 0.250526
0.266657, 0.266948, 0.246182, 0.252192
0.26818, 0.268481, 0.247857, 0.253901
0.269638, 0.269949, 0.249477, 0.255557
0.271329, 0.271651, 0.251344, 0.257463
0.272951, 0.273285, 0.253139, 0.259296
0.276182, 0.276528, 0.256561, 0.262761
0.279204, 0.279561, 0.259759, 0.265997
0.282135, 0.282504, 0.262863, 0.26914
0.285077, 0.285456, 0.265968, 0.27228
0.287927, 0.288316, 0.268987, 0.275337
0.291703, 0.292107, 0.27299, 0.27939
0.295081, 0.295499, 0.276586, 0.283034
0.298055, 0.298486, 0.279743, 0.286231
0.301343, 0.301786, 0.283233, 0.289765
0.304841, 0.305299, 0.286948, 0.293527
0.308549, 0.309022, 0.290888, 0.297518
0.311744, 0.312229, 0.294272, 0.300942
0.314939, 0.315437, 0.297669, 0.304382
0.318752, 0.319267, 0.301737, 0.308505
0.322459, 0.32299, 0.305682, 0.3125
0.32606, 0.326606, 0.309513, 0.316381
0.329449, 0.33001, 0.313122, 0.320036
0.333038, 0.333613, 0.316931, 0.323891
0.336924, 0.337516, 0.32107, 0.328083
0.340086, 0.340692, 0.324437, 0.331492
0.343746, 0.344369, 0.328349, 0.335456
0.347393, 0.348032, 0.332234, 0.33939
0.351226, 0.351882, 0.336317, 0.343523
0.354539, 0.35521, 0.339847, 0.347096
0.357737, 0.358422, 0.343243, 0.350531
0.361119, 0.361819, 0.346845, 0.354176
0.364777, 0.365494, 0.350741, 0.358117
0.368412, 0.369147, 0.354623, 0.362047
0.371925, 0.372675, 0.358362, 0.365828
0.375605, 0.376373, 0.362277, 0.369786
0.379064, 0.379848, 0.365955, 0.373504
0.38278, 0.383581, 0.369893, 0.377481
0.386367, 0.387185, 0.373703, 0.381329
0.390106, 0.390942, 0.377682, 0.385348
0.393805, 0.394659, 0.381604, 0.389306
0.397735, 0.398607, 0.385765, 0.393504
0.401256, 0.402145, 0.389489, 0.397259
0.404734, 0.40564, 0.393164, 0.400961
0.407642, 0.408562, 0.396221, 0.404038
0.410432, 0.411365, 0.399159, 0.406996
0.413703, 0.414653, 0.402611, 0.410471
0.416928, 0.417894, 0.405998, 0.413876
0.420023, 0.421004, 0.409242, 0.417136
0.422827, 0.423822, 0.412174, 0.42008
0.425995, 0.427006, 0.415479, 0.423396
0.428713, 0.429737, 0.418309, 0.426233
0.431857, 0.432897, 0.421563, 0.429492
0.434484, 0.435537, 0.424283, 0.432215
0.437369, 0.438437, 0.427271, 0.435205
0.440272, 0.441355, 0.430258, 0.43819
0.442827, 0.443923, 0.432877, 0.440805
0.445547, 0.446656, 0.435654, 0.443575
0.44793, 0.449053, 0.438079, 0.445992
0.450267, 0.451401, 0.440446, 0.448349
0.452622, 0.453768, 0.442822, 0.450712
0.45525, 0.45641, 0.44545, 0.453323
0.457747, 0.458919, 0.447942, 0.455796
0.459931, 0.461115, 0.450109, 0.457945
0.462062, 0.463258, 0.45222, 0.460038
0.464138, 0.465345, 0.454255, 0.462052
0.466158, 0.467376, 0.456222, 0.463997
0.468234, 0.469463, 0.458228, 0.465978
0.470407, 0.471647, 0.46031, 0.468031
0.472556, 0.473809, 0.46235, 0.470041
0.474726, 0.47599, 0.464386, 0.472044
0.476617, 0.477892, 0.466139, 0.473768
0.478435, 0.479719, 0.467797, 0.475394
0.480223, 0.481517, 0.469412, 0.476978
0.481849, 0.483152, 0.470859, 0.478396
0.483323, 0.484634, 0.47215, 0.479661
0.484733, 0.486052, 0.473364, 0.480849
0.486041, 0.487369, 0.474478, 0.48194
0.487426, 0.488762, 0.475624, 0.48306
0.488766, 0.49011, 0.476704, 0.484116
0.490116, 0.491468, 0.477757, 0.485145
0.49123, 0.492588, 0.478595, 0.485964
0.492216, 0.49358, 0.479309, 0.486662
0.493135, 0.494505, 0.479944, 0.487284
0.493963, 0.495338, 0.480487, 0.487816
0.494728, 0.496108, 0.480956, 0.488277
0.495522, 0.496908, 0.481401, 0.488718
0.496233, 0.497623, 0.481751, 0.489066
0.4968, 0.498194, 0.481984, 0.489302
0.497337, 0.498735, 0.48215, 0.489474
0.497804, 0.499205, 0.482227, 0.489561
0.498186, 0.49959, 0.482209, 0.489559
0.498469, 0.499876, 0.482105, 0.489475
0.49868, 0.500089, 0.481912, 0.489305
0.498806, 0.500215, 0.481647, 0.489068
0.498857, 0.500267, 0.481325, 0.488776
0.498835, 0.500246, 0.480871, 0.488361
0.498731, 0.500143, 0.480342, 0.487874
0.498558, 0.49997, 0.479761, 0.487338
0.498289, 0.499699, 0.479048, 0.486679
0.497924, 0.499334, 0.478227, 0.485917
0.497482, 0.49889, 0.477338, 0.485091
0.496927, 0.498332, 0.476313, 0.484136
0.496361, 0.497763, 0.475333, 0.483222
0.495667, 0.497067, 0.474193, 0.482158
0.494951, 0.496347, 0.473065, 0.481104
0.494118, 0.49551, 0.471802, 0.479921
0.493108, 0.494494, 0.47032, 0.478531
0.492055, 0.493436, 0.468822, 0.477125
0.490916, 0.49229, 0.467242, 0.475744
0.48969, 0.491058, 0.465692, 0.474416
0.488444, 0.489805, 0.464333, 0.473077
0.487121, 0.488475, 0.462921, 0.471665
0.485721, 0.487068, 0.461567, 0.470179
0.484246, 0.485583, 0.46015, 0.468618
0.482776, 0.484104, 0.458734, 0.467074
0.481068, 0.482387, 0.457083, 0.465286
0.479367, 0.480676, 0.455433, 0.463512
0.477592, 0.478891, 0.453706, 0.461667
0.475696, 0.476985, 0.451859, 0.459705
0.473724, 0.475001, 0.449978, 0.457665
0.471624, 0.472889, 0.448015, 0.455498
0.469446, 0.470699, 0.445966, 0.453255
0.467525, 0.468767, 0.444151, 0.451279
0.465606, 0.466837, 0.442329, 0.449307
0.463282, 0.464499, 0.440112, 0.446922
0.46113, 0.462334, 0.438051, 0.444715
0.458546, 0.459735, 0.435564, 0.442063
0.456208, 0.457383, 0.433306, 0.439669
0.45335, 0.454509, 0.430537, 0.436774
0.450615, 0.451758, 0.427879, 0.434131
0.448018, 0.449146, 0.425345, 0.431607
0.445362, 0.446475, 0.422746, 0.429016
0.44236, 0.443456, 0.419799, 0.426075
0.439437, 0.440516, 0.416922, 0.423202
0.436529, 0.43759, 0.414047, 0.420327
0.433716, 0.434762, 0.411265, 0.417545
0.430698, 0.431726, 0.408272, 0.414551
0.427704, 0.428716, 0.405303, 0.41158
0.425143, 0.426141, 0.402755, 0.409027
0.422221, 0.423202, 0.399841, 0.406107
0.419088, 0.420053, 0.396714, 0.402971
0.416077, 0.417025, 0.393702, 0.39995
0.412854, 0.413783, 0.390469, 0.396702
0.409846, 0.410759, 0.387451, 0.393673
0.4068, 0.407697, 0.384393, 0.390602
0.40363, 0.404511, 0.381212, 0.387408
0.400513, 0.401377, 0.378075, 0.384255
0.397362, 0.398209, 0.3749, 0.381063
0.394087, 0.394917, 0.371598, 0.377742
0.391148, 0.391962, 0.368631, 0.374758
0.388183, 0.388982, 0.365631, 0.371737
0.384913, 0.385694, 0.362325, 0.368411
0.381045, 0.381807, 0.358413, 0.364474
0.378097, 0.378845, 0.355435, 0.361479
0.37532, 0.376054, 0.352623, 0.358648
0.372527, 0.373246, 0.349793, 0.355799
0.369522, 0.370227, 0.346748, 0.352733
0.366207, 0.366896, 0.343386, 0.349347
0.362675, 0.363346, 0.339796, 0.345729
0.358923, 0.359576, 0.33599, 0.341895
0.355349, 0.355986, 0.332369, 0.338251
0.352466, 0.353087, 0.329439, 0.335297
0.328677, 0.329194, 0.305276, 0.310961
0.318854, 0.319329, 0.295295, 0.300908
0.313113, 0.313564, 0.289456, 0.295025
0.308192, 0.308624, 0.284466, 0.290005
0.30256, 0.302969, 0.278746, 0.284247
0.296735, 0.297122, 0.272833, 0.278295
0.291134, 0.291498, 0.26714, 0.272562
0.286063, 0.286409, 0.261997, 0.267387
0.280414, 0.28074, 0.256277, 0.261637
0.274805, 0.275111, 0.250591, 0.255919
0.26944, 0.269727, 0.245156, 0.250453
0.263929, 0.264196, 0.239566, 0.244831
0.258285, 0.258535, 0.233864, 0.239103
0.253862, 0.254097, 0.229389, 0.234607
0.251627, 0.251852, 0.227124, 0.232329
0.249748, 0.249962, 0.225215, 0.230407
0.247995, 0.248199, 0.223434, 0.228615
0.246125, 0.246319, 0.221536, 0.226705
0.244284, 0.244468, 0.219661, 0.224815
0.242475, 0.24265, 0.217827, 0.222972
0.240648, 0.240814, 0.215977, 0.221111
0.238597, 0.238753, 0.2139, 0.219024
0.23668, 0.236828, 0.211968, 0.217086
0.234797, 0.234936, 0.210063, 0.215172
0.232895, 0.233026, 0.208141, 0.213241
0.231243, 0.231368, 0.206472, 0.211565
0.229524, 0.229642, 0.204736, 0.209822
0.227845, 0.227956, 0.203041, 0.208121
0.226044, 0.226148, 0.201223, 0.206297
0.224116, 0.224214, 0.19928, 0.204346
0.222395, 0.222486, 0.197545, 0.202606
0.220267, 0.220351, 0.195394, 0.200446
0.218233, 0.21831, 0.193347, 0.198393
0.216467, 0.216539, 0.19157, 0.196612
0.214285, 0.21435, 0.189375, 0.194412
0.212083, 0.212143, 0.187167, 0.192201
0.209978, 0.210032, 0.185051, 0.190081
0.207856, 0.207905, 0.182919, 0.187945
0.205716, 0.20576, 0.180771, 0.185793
0.203438, 0.203477, 0.178484, 0.183503
0.201202, 0.201236, 0.17624, 0.181256
0.199069, 0.199099, 0.174101, 0.179114
0.19692, 0.196946, 0.171941, 0.176949
0.19463, 0.194652, 0.169646, 0.174653
0.192321, 0.19234, 0.167334, 0.17234
0.189678, 0.189693, 0.164688, 0.169692
0.18599, 0.186001, 0.160998, 0.166001
0.18329, 0.183299, 0.158296, 0.163298
0.181, 0.181006, 0.156003, 0.161005
0.181, 0.181003, 0.156002, 0.161003
0.181, 0.181002, 0.156001, 0.161001
0.181, 0.181001, 0.156, 0.161001
0.181, 0.181, 0.156, 0.161
0.241218, 0.241218, 0.216218, 0.221218
0.181, 0.181009, 0.15601, 0.16101
0.181837, 0.18187, 0.156873, 0.161876
0.189539, 0.189611, 0.164617, 0.169623
0.199598, 0.199748, 0.174759, 0.179771
0.20838, 0.208621, 0.183638, 0.188658
0.217571, 0.217933, 0.192958, 0.197987
0.226457, 0.226969, 0.202003, 0.207044
0.235294, 0.235984, 0.211027, 0.216082
0.24387, 0.244762, 0.219816, 0.224885
0.252133, 0.253261, 0.228328, 0.233412
0.259686, 0.261059, 0.236141, 0.24124
0.267701, 0.269368, 0.24447, 0.249584
0.274761, 0.276737, 0.25186, 0.256988
0.281593, 0.283906, 0.259055, 0.264195
0.286423, 0.288998, 0.264173, 0.269318
0.29097, 0.293745, 0.268939, 0.274087
0.297901, 0.300915, 0.27613, 0.281281
0.306351, 0.309665, 0.28491, 0.290063
0.31342, 0.316998, 0.292276, 0.297425
0.318443, 0.322232, 0.297537, 0.302682
0.322844, 0.326824, 0.302157, 0.307297
0.326455, 0.330603, 0.305964, 0.311097
0.329216, 0.333502, 0.308889, 0.314014
0.331624, 0.336042, 0.311458, 0.316574
0.333352, 0.337872, 0.313315, 0.318421
0.334466, 0.339072, 0.314543, 0.319653
0.334914, 0.339583, 0.31508, 0.320198
0.33477, 0.339472, 0.314989, 0.320113
0.334122, 0.338838, 0.314374, 0.319504
0.332867, 0.337583, 0.313136, 0.318271
0.331322, 0.336012, 0.311579, 0.316717
0.329356, 0.334004, 0.309581, 0.314721
0.326704, 0.331284, 0.30687, 0.312011
0.323642, 0.328135, 0.303727, 0.308868
0.319943, 0.324326, 0.29992, 0.30506
0.315765, 0.320011, 0.295603, 0.300741
0.309409, 0.313453, 0.289038, 0.294171
0.302413, 0.306236, 0.281807, 0.286934
0.295158, 0.298744, 0.274296, 0.279416
0.286911, 0.29022, 0.265747, 0.270858
0.279556, 0.282598, 0.258095, 0.263198
0.274542, 0.277309, 0.25277, 0.257863
0.269006, 0.271482, 0.246903, 0.251986
0.263133, 0.265312, 0.240691, 0.245763
0.256613, 0.258497, 0.233831, 0.238893
0.248214, 0.249745, 0.225023, 0.230073
0.240445, 0.24168, 0.21691, 0.22195
0.232467, 0.233443, 0.208628, 0.21366
0.22475, 0.225504, 0.20065, 0.205674
0.215179, 0.215696, 0.190799, 0.195816
0.205251, 0.205579, 0.180645, 0.185656
0.194995, 0.19517, 0.170207, 0.175213
0.183234, 0.183299, 0.158313, 0.163315
0.181, 0.181012, 0.156015, 0.161015
0.181011, 0.181011, 0.156011, 0.161011
0.181, 0.181004, 0.156006, 0.161006
0.181005, 0.181014, 0.156017, 0.161018
0.181003, 0.181018, 0.156023, 0.161024
0.181002, 0.181023, 0.15603, 0.161032
0.181001, 0.18103, 0.15604, 0.161043
0.181945, 0.181985, 0.156998, 0.162002
0.184462, 0.184515, 0.159532, 0.164538
0.187062, 0.18713, 0.162153, 0.167161
0.189688, 0.189772, 0.164801, 0.16981
0.192655, 0.192761, 0.167797, 0.172808
0.195273, 0.195401, 0.170444, 0.175458
0.197656, 0.197808, 0.172858, 0.177875
0.200218, 0.200396, 0.175455, 0.180474
0.202801, 0.203008, 0.178076, 0.183098
0.205254, 0.20549, 0.180568, 0.185593
0.20768, 0.207947, 0.183035, 0.188063
0.209981, 0.210279, 0.185377, 0.190408
0.2124, 0.212734, 0.187842, 0.192878
0.214696, 0.215062, 0.190181, 0.19522
0.2172, 0.217607, 0.192739, 0.197782
0.219487, 0.219932, 0.195077, 0.200124
0.221884, 0.222376, 0.197534, 0.202586
0.224115, 0.224649, 0.19982, 0.204876
0.226229, 0.226804, 0.201989, 0.20705
0.228274, 0.228892, 0.204089, 0.209154
0.230295, 0.230956, 0.206167, 0.211236
0.232336, 0.233042, 0.208267, 0.213341
0.234266, 0.235017, 0.210256, 0.215335
0.236259, 0.237057, 0.212311, 0.217394
0.238352, 0.239197, 0.214467, 0.219555
0.24054, 0.241441, 0.216728, 0.221822
0.242738, 0.243696, 0.219001, 0.224101
0.244425, 0.245429, 0.220749, 0.225853
0.246684, 0.247756, 0.223096, 0.228207
0.248404, 0.249525, 0.22488, 0.229996
0.250332, 0.251511, 0.226884, 0.232006
0.252196, 0.253432, 0.228823, 0.23395
0.254109, 0.255404, 0.230813, 0.235946
0.256324, 0.25769, 0.233121, 0.238261
0.258429, 0.259863, 0.235317, 0.240463
0.260322, 0.261819, 0.237292, 0.242445
0.261905, 0.263452, 0.238942, 0.244099
0.263744, 0.265353, 0.240863, 0.246027
0.265587, 0.267261, 0.242792, 0.247962
0.267199, 0.268932, 0.244481, 0.249657
0.269084, 0.270891, 0.246462, 0.251645
0.270775, 0.272644, 0.248235, 0.253424
0.272311, 0.274238, 0.249847, 0.255042
0.273762, 0.275743, 0.25137, 0.25657
0.275622, 0.277674, 0.253324, 0.25853
0.277205, 0.279318, 0.254987, 0.260199
0.278969, 0.281151, 0.256842, 0.26206
0.280525, 0.282767, 0.258477, 0.263701
0.282196, 0.284504, 0.260234, 0.265463
0.283918, 0.286294, 0.262044, 0.26728
0.285523, 0.287955, 0.263724, 0.268965
0.286772, 0.289254, 0.265037, 0.270283
0.288555, 0.291099, 0.266901, 0.272152
0.290971, 0.293572, 0.269389, 0.274645
0.293491, 0.296157, 0.271991, 0.277252
0.296245, 0.298975, 0.274825, 0.280092
0.299077, 0.301872, 0.277737, 0.28301
0.301535, 0.304384, 0.280263, 0.28554
0.303592, 0.306487, 0.282375, 0.287656
0.305693, 0.308634, 0.284532, 0.289817
0.307997, 0.310987, 0.286894, 0.292183
0.310442, 0.313478, 0.289392, 0.294684
0.312503, 0.315579, 0.2915, 0.296795
0.314393, 0.317506, 0.29343, 0.298729
0.316046, 0.319191, 0.295117, 0.300418
0.31773, 0.32091, 0.296839, 0.302142
0.319296, 0.322504, 0.298433, 0.303738
0.320887, 0.324121, 0.300048, 0.305355
0.322561, 0.325821, 0.301745, 0.307053
0.324113, 0.327395, 0.303314, 0.308624
0.325732, 0.329035, 0.304948, 0.310258
0.327168, 0.330488, 0.306393, 0.311703
0.328604, 0.331938, 0.307833, 0.313144
0.330058, 0.333404, 0.309286, 0.314597
0.331339, 0.334693, 0.310561, 0.315871
0.332582, 0.335941, 0.311793, 0.317103
0.333761, 0.337116, 0.31295, 0.318258
0.334938, 0.338292, 0.314105, 0.319411
0.336001, 0.33935, 0.31514, 0.320445
0.337069, 0.34041, 0.316172, 0.321474
0.337917, 0.341247, 0.316985, 0.322284
0.338737, 0.342052, 0.317763, 0.323059
0.33952, 0.342818, 0.318497, 0.32379
0.340244, 0.343521, 0.319166, 0.324456
0.340846, 0.3441, 0.319712, 0.324998
0.341436, 0.344666, 0.32024, 0.325522
0.341956, 0.345153, 0.320686, 0.325962
0.342387, 0.345548, 0.321038, 0.326309
0.342755, 0.345875, 0.321318, 0.326583
0.343025, 0.346102, 0.321499, 0.326757
0.343202, 0.346236, 0.321587, 0.326839
0.343305, 0.346295, 0.321601, 0.326847
0.343341, 0.346286, 0.321546, 0.326785
0.343304, 0.346194, 0.321401, 0.326632
0.343201, 0.346041, 0.321199, 0.326423
0.34302, 0.345804, 0.320909, 0.326126
0.342787, 0.345517, 0.320573, 0.325783
0.342499, 0.345175, 0.320181, 0.325384
0.342109, 0.344723, 0.319675, 0.324869
0.341666, 0.344219, 0.319117, 0.324302
0.341155, 0.343645, 0.318489, 0.323666
0.340577, 0.342999, 0.31779, 0.322958
0.339932, 0.342289, 0.317025, 0.322185
0.33919, 0.341478, 0.316158, 0.321308
0.338409, 0.34063, 0.315256, 0.320398
0.337546, 0.339697, 0.314268, 0.3194
0.336672, 0.338757, 0.313277, 0.318401
0.335698, 0.337713, 0.31218, 0.317295
0.334638, 0.336582, 0.310996, 0.316102
0.333558, 0.335434, 0.309797, 0.314894
0.33254, 0.334357, 0.308675, 0.313764
0.331499, 0.333256, 0.307549, 0.312612
0.330281, 0.331971, 0.30627, 0.311272
0.32898, 0.330601, 0.304906, 0.309846
0.327505, 0.329052, 0.303365, 0.308239
0.326235, 0.327721, 0.302042, 0.306862
0.324889, 0.326314, 0.300642, 0.305408
0.323657, 0.325028, 0.299363, 0.304093
0.322291, 0.323604, 0.297946, 0.302644
0.320917, 0.322174, 0.296524, 0.301192
0.31969, 0.320891, 0.295248, 0.299885
0.319152, 0.320297, 0.294662, 0.299268
0.318571, 0.319659, 0.29405, 0.298627
0.317295, 0.318273, 0.292727, 0.297365
0.316412, 0.31732, 0.291813, 0.296512
0.315491, 0.316334, 0.290864, 0.295619
0.314517, 0.315296, 0.289861, 0.29467
0.313489, 0.314206, 0.288806, 0.293666
0.312368, 0.313024, 0.287658, 0.292569
0.311168, 0.311764, 0.286431, 0.291391
0.310059, 0.310604, 0.285298, 0.290299
0.30888, 0.309376, 0.284118, 0.289138
0.307559, 0.308004, 0.282811, 0.287832
0.306206, 0.306602, 0.28147, 0.286492
0.304823, 0.305174, 0.280097, 0.28512
0.303699, 0.304017, 0.27898, 0.284004
0.302542, 0.302828, 0.277829, 0.282853
0.30127, 0.301523, 0.276562, 0.281587
0.299392, 0.299601, 0.274689, 0.279714
0.297438, 0.297606, 0.272737, 0.277763
0.29599, 0.296132, 0.271291, 0.276318
0.294536, 0.294653, 0.269836, 0.274863
0.29314, 0.293235, 0.26844, 0.273466
0.291645, 0.291719, 0.266941, 0.271967
0.290283, 0.29034, 0.265576, 0.270602
0.288824, 0.288863, 0.264114, 0.269139
0.287193, 0.287215, 0.262479, 0.267504
0.285346, 0.28535, 0.260626, 0.265651
0.283526, 0.283531, 0.258803, 0.263828
0.281326, 0.281337, 0.256594, 0.261618
0.279415, 0.279431, 0.254676, 0.259699
0.277423, 0.277443, 0.252676, 0.257699
0.275469, 0.275493, 0.250713, 0.255735
0.27368, 0.273706, 0.248916, 0.253938
0.271734, 0.271763, 0.246961, 0.251982
0.269624, 0.269655, 0.244842, 0.249861
0.267386, 0.267418, 0.242591, 0.247609
0.265016, 0.265049, 0.240209, 0.245227
0.263094, 0.263128, 0.238279, 0.243295
0.26096, 0.260994, 0.236137, 0.241153
0.25748, 0.257514, 0.232642, 0.237657
0.255206, 0.25524, 0.230358, 0.235372
0.252215, 0.252248, 0.227353, 0.232366
0.249709, 0.249741, 0.224837, 0.229849
0.246759, 0.246789, 0.221875, 0.226886
0.24437, 0.244399, 0.219475, 0.224485
0.240958, 0.240985, 0.216051, 0.221059
0.237319, 0.237344, 0.2124, 0.217407
0.233553, 0.233576, 0.208625, 0.213631
0.231258, 0.231279, 0.206323, 0.211329
0.229159, 0.229179, 0.204218, 0.209223
0.226645, 0.226663, 0.201698, 0.206703
0.224612, 0.224629, 0.19966, 0.204664
0.222389, 0.222404, 0.197431, 0.202435
0.219853, 0.219866, 0.194888, 0.199891
0.21723, 0.217242, 0.192261, 0.197263
0.214577, 0.214588, 0.189604, 0.194606
0.211596, 0.211606, 0.186619, 0.191621
0.209124, 0.209133, 0.184144, 0.189146
0.20669, 0.206697, 0.181706, 0.186708
0.204108, 0.204115, 0.179122, 0.184124
0.201627, 0.201633, 0.176638, 0.18164
0.198934, 0.198939, 0.173943, 0.178944
0.196152, 0.196156, 0.171157, 0.176158
0.193214, 0.193217, 0.168218, 0.173219
0.190441, 0.190443, 0.165444, 0.170444
0.187642, 0.187644, 0.162645, 0.167645
0.184884, 0.184885, 0.159886, 0.164886
0.182167, 0.182168, 0.157169, 0.162169
0.181, 0.181001, 0.156001, 0.161001
0.181, 0.181, 0.156001, 0.161001
0.181, 0.181, 0.156, 0.161
0.181, 0.181, 0.156, 0.161
0.181, 0.181, 0.156, 0.161
0.317926, 0.317926, 0.292926, 0.297926
0.181, 0.181004, 0.156002, 0.161001
0.181, 0.181006, 0.156004, 0.161001
0.181047, 0.181051, 0.15608, 0.16108
0.183467, 0.183472, 0.15851, 0.163511
0.183467, 0.183472, 0.15851, 0.163511
0.181, 0.181, 0.156, 0.161
0.214655, 0.214655, 0.189655, 0.194655
0.225841, 0.225841, 0.200841, 0.205841
0.226128, 0.226128, 0.201128, 0.206128
0.227674, 0.227674, 0.202674, 0.207674
0.22768, 0.22768, 0.20268, 0.20768
0.227905, 0.227905, 0.202905, 0.207905
0.227906, 0.227906, 0.202906, 0.207906
0.227924, 0.227924, 0.202924, 0.207924
0.227924, 0.227924, 0.202924, 0.207924
0.227919, 0.227919, 0.202919, 0.207919
0.227919, 0.227919, 0.202919, 0.207919
0.227917, 0.227917, 0.202917, 0.207917
0.227917, 0.227917, 0.202917, 0.207917
0.227917, 0.227917, 0.202917, 0.207917
0.227917, 0.227917, 0.202917, 0.207917
0.227917, 0.227917, 0.202917, 0.207917
0.22792, 0.22792, 0.20292, 0.20792
0.22792, 0.22792, 0.20292, 0.20792
0.22792, 0.22792, 0.20292, 0.20792
0.22792, 0.22792, 0.20292, 0.20792
0.227919, 0.227919, 0.202919, 0.207919
0.227919, 0.227919, 0.202919, 0.207919
0.181006, 0.181006, 0.156006, 0.161006
0.181, 0.181001, 0.156001, 0.161
0.181, 0.181002, 0.156001, 0.161
0.181, 0.181004, 0.156002, 0.161001
0.181, 0.181006, 0.156003, 0.161001
0.181189, 0.181197, 0.156194, 0.16119
0.184174, 0.184185, 0.159181, 0.164175
0.187061, 0.187077, 0.162071, 0.167064
0.189993, 0.190012, 0.165005, 0.169996
0.192966, 0.19299, 0.167982, 0.17297
0.196047, 0.196077, 0.171067, 0.176052
0.199434, 0.199472, 0.174461, 0.179443
0.202249, 0.202294, 0.177282, 0.182261
0.204971, 0.205023, 0.18001, 0.184986
0.207863, 0.207923, 0.182909, 0.187882
0.211179, 0.211249, 0.186233, 0.191202
0.21439, 0.21447, 0.189452, 0.194416
0.217247, 0.217337, 0.192318, 0.197278
0.219885, 0.219985, 0.194966, 0.199922
0.222867, 0.222979, 0.197961, 0.202912
0.22569, 0.225814, 0.200797, 0.205743
0.2283, 0.228436, 0.203418, 0.20836
0.230941, 0.231089, 0.206072, 0.211009
0.233729, 0.23389, 0.208874, 0.213806
0.236947, 0.237124, 0.21211, 0.217036
0.239603, 0.239792, 0.214778, 0.2197
0.242282, 0.242485, 0.217473, 0.22239
0.244871, 0.245088, 0.220078, 0.22499
0.247205, 0.247437, 0.222432, 0.227339
0.24973, 0.249976, 0.224975, 0.229878
0.252222, 0.252482, 0.227486, 0.232384
0.254733, 0.255009, 0.230017, 0.23491
0.256948, 0.257237, 0.23225, 0.23714
0.259342, 0.259646, 0.234665, 0.23955
0.261499, 0.261814, 0.236838, 0.24172
0.263879, 0.264209, 0.23924, 0.244118
0.265977, 0.26632, 0.241358, 0.246233
0.26834, 0.268697, 0.243745, 0.248616
0.270474, 0.270845, 0.245905, 0.250773
0.272767, 0.273152, 0.248223, 0.253088
0.274976, 0.275374, 0.250457, 0.255321
0.277151, 0.277562, 0.252657, 0.257519
0.279336, 0.279758, 0.254868, 0.259729
0.281395, 0.281829, 0.256953, 0.261813
0.28342, 0.283865, 0.259005, 0.263864
0.285369, 0.285822, 0.260975, 0.265835
0.28737, 0.287832, 0.263003, 0.267863
0.289377, 0.289848, 0.265038, 0.2699
0.291225, 0.291703, 0.266913, 0.271776
0.29312, 0.293607, 0.268841, 0.273708
0.294942, 0.295434, 0.27069, 0.27556
0.296536, 0.297033, 0.27231, 0.277183
0.298104, 0.298604, 0.273903, 0.27878
0.299645, 0.300148, 0.275469, 0.280351
0.301195, 0.3017, 0.277045, 0.281932
0.302754, 0.303259, 0.27863, 0.283523
0.304353, 0.304858, 0.280257, 0.285157
0.305954, 0.306458, 0.281887, 0.286795
0.307656, 0.308157, 0.28362, 0.288537
0.309285, 0.309781, 0.285274, 0.290201
0.310907, 0.311398, 0.286927, 0.291865
0.312521, 0.313004, 0.288572, 0.293523
0.314033, 0.314507, 0.290113, 0.295077
0.315684, 0.316146, 0.291797, 0.296776
0.317515, 0.317963, 0.293672, 0.298671
0.319229, 0.319658, 0.295421, 0.300441
0.320989, 0.321397, 0.297218, 0.302262
0.322503, 0.322889, 0.298765, 0.303831
0.324037, 0.324398, 0.300333, 0.305423
0.32537, 0.325706, 0.301695, 0.306809
0.326975, 0.327276, 0.303335, 0.30848
0.328265, 0.328535, 0.304669, 0.309827
0.329565, 0.3298, 0.306024, 0.311187
0.330727, 0.330926, 0.307238, 0.312404
0.331913, 0.332073, 0.30848, 0.31365
0.33306, 0.333176, 0.309675, 0.314847
0.333871, 0.333954, 0.310528, 0.315703
0.334483, 0.334539, 0.311173, 0.316349
0.335139, 0.335165, 0.311865, 0.317043
0.335848, 0.335854, 0.312613, 0.317794
0.33654, 0.336564, 0.313345, 0.318528
0.33717, 0.337212, 0.314015, 0.319199
0.337758, 0.337818, 0.314639, 0.319825
0.338418, 0.338499, 0.315342, 0.32053
0.338967, 0.339068, 0.315929, 0.321118
0.339485, 0.339606, 0.316484, 0.321675
0.339961, 0.340102, 0.316996, 0.322188
0.340359, 0.340517, 0.317424, 0.322617
0.340752, 0.340929, 0.317848, 0.323042
0.341153, 0.341353, 0.318293, 0.323489
0.341484, 0.341704, 0.318654, 0.323851
0.341784, 0.342022, 0.318982, 0.324179
0.342067, 0.342325, 0.319293, 0.324491
0.342321, 0.342598, 0.319573, 0.324771
0.342584, 0.342884, 0.319866, 0.325065
0.342793, 0.343112, 0.320101, 0.325299
0.342991, 0.343332, 0.320325, 0.325523
0.343135, 0.343494, 0.32049, 0.325689
0.343257, 0.343634, 0.320632, 0.32583
0.343364, 0.343758, 0.320758, 0.325956
0.343462, 0.343877, 0.320877, 0.326075
0.343533, 0.343968, 0.320968, 0.326166
0.343584, 0.34404, 0.321038, 0.326236
0.343609, 0.344087, 0.321082, 0.326279
0.343605, 0.344103, 0.321094, 0.32629
0.343573, 0.344093, 0.321079, 0.326274
0.343517, 0.344057, 0.321037, 0.326231
0.343433, 0.343993, 0.320966, 0.326159
0.34332, 0.3439, 0.320864, 0.326056
0.343182, 0.343782, 0.320736, 0.325927
0.343018, 0.34363, 0.320576, 0.325766
0.34286, 0.343468, 0.320412, 0.3256
0.342658, 0.343261, 0.320201, 0.325389
0.342478, 0.34309, 0.320022, 0.325208
0.342282, 0.342909, 0.319829, 0.325015
0.342071, 0.342711, 0.319621, 0.324805
0.341845, 0.342499, 0.319396, 0.324579
0.341528, 0.342198, 0.319079, 0.32426
0.341168, 0.341855, 0.318718, 0.323897
0.340806, 0.341507, 0.318343, 0.323519
0.340477, 0.34119, 0.31801, 0.323184
0.34007, 0.340798, 0.317598, 0.32277
0.339628, 0.34037, 0.31715, 0.32232
0.339216, 0.339971, 0.316731, 0.321899
0.338773, 0.339539, 0.31628, 0.321445
0.338297, 0.339075, 0.315794, 0.320957
0.337838, 0.338625, 0.315324, 0.320485
0.33732, 0.338118, 0.314794, 0.319953
0.336849, 0.337655, 0.314311, 0.319468
0.336305, 0.33712, 0.313753, 0.318908
0.335725, 0.336549, 0.313158, 0.31831
0.335063, 0.335896, 0.312477, 0.317627
0.334423, 0.335263, 0.311819, 0.316966
0.333777, 0.334624, 0.311153, 0.316298
0.333126, 0.333979, 0.310483, 0.315625
0.332456, 0.333315, 0.309803, 0.314943
0.331747, 0.33237, 0.308958, 0.314104
0.33111, 0.331739, 0.308304, 0.313447
0.330362, 0.330997, 0.307535, 0.312676
0.329671, 0.330312, 0.306824, 0.311963
0.328903, 0.329549, 0.306034, 0.31117
0.328074, 0.328726, 0.305181, 0.310315
0.327161, 0.327817, 0.304241, 0.309372
0.326352, 0.327011, 0.303408, 0.308536
0.325524, 0.326187, 0.302555, 0.307681
0.324655, 0.32532, 0.30166, 0.306783
0.323813, 0.32448, 0.300792, 0.305913
0.32293, 0.323597, 0.299882, 0.305
0.32198, 0.322648, 0.298903, 0.304018
0.321083, 0.321752, 0.297979, 0.303091
0.320144, 0.320812, 0.297011, 0.302121
0.319136, 0.319803, 0.295972, 0.301079
0.318108, 0.318773, 0.294912, 0.300016
0.317059, 0.317722, 0.293831, 0.298933
0.316179, 0.316836, 0.292913, 0.298012
0.315285, 0.315939, 0.291992, 0.297089
0.314377, 0.315029, 0.291057, 0.296152
0.313455, 0.314104, 0.290108, 0.2952
0.312349, 0.312993, 0.288968, 0.294058
0.31131, 0.311949, 0.287899, 0.292987
0.310315, 0.310949, 0.286874, 0.29196
0.309215, 0.309844, 0.285742, 0.290825
0.308159, 0.308785, 0.284665, 0.289747
0.306995, 0.307614, 0.283467, 0.288547
0.305939, 0.306551, 0.282381, 0.287458
0.304804, 0.30541, 0.281214, 0.286289
0.303654, 0.304252, 0.280031, 0.285104
0.30239, 0.30298, 0.278732, 0.283803
0.30114, 0.301721, 0.277448, 0.282516
0.299804, 0.300376, 0.276076, 0.281142
0.298552, 0.299115, 0.27479, 0.279854
0.297075, 0.297627, 0.273275, 0.278336
0.295961, 0.296505, 0.272132, 0.277192
0.294408, 0.29494, 0.27054, 0.275597
0.293228, 0.293751, 0.269331, 0.274386
0.292035, 0.292546, 0.268099, 0.273152
0.290718, 0.291219, 0.26675, 0.271802
0.289385, 0.289875, 0.265386, 0.270435
0.288111, 0.288591, 0.264082, 0.269131
0.286861, 0.287332, 0.262804, 0.267851
0.285597, 0.286058, 0.261513, 0.266557
0.284204, 0.284657, 0.260097, 0.26514
0.282912, 0.283355, 0.258777, 0.263819
0.281409, 0.281839, 0.257242, 0.262282
0.279927, 0.280346, 0.25573, 0.260768
0.278511, 0.278918, 0.254284, 0.259321
0.277161, 0.277558, 0.252908, 0.257943
0.275798, 0.276184, 0.251518, 0.256553
0.274421, 0.274797, 0.250116, 0.255149
0.272989, 0.273354, 0.248657, 0.253688
0.271713, 0.272068, 0.247358, 0.252388
0.270124, 0.270468, 0.245741, 0.25077
0.268475, 0.268803, 0.244056, 0.249083
0.266851, 0.267168, 0.242406, 0.247432
0.265167, 0.265472, 0.240694, 0.245719
0.263419, 0.263711, 0.23892, 0.243943
0.26197, 0.262253, 0.23745, 0.242472
0.260188, 0.260461, 0.235649, 0.24067
0.258479, 0.258741, 0.233916, 0.238936
0.256754, 0.257004, 0.232167, 0.237186
0.254727, 0.254964, 0.230113, 0.235131
0.253012, 0.253239, 0.228377, 0.233393
0.251426, 0.251643, 0.226771, 0.231787
0.249874, 0.250082, 0.225202, 0.230217
0.248359, 0.248558, 0.22367, 0.228684
0.246783, 0.246973, 0.222076, 0.227089
0.245193, 0.245375, 0.22047, 0.225482
0.243591, 0.243761, 0.218845, 0.223857
0.241975, 0.242138, 0.217214, 0.222225
0.240193, 0.240347, 0.215416, 0.220426
0.238396, 0.238541, 0.213604, 0.218613
0.236531, 0.236669, 0.211728, 0.216737
0.234597, 0.234726, 0.209779, 0.214787
0.232699, 0.232884, 0.208752, 0.213782
0.230837, 0.231009, 0.206825, 0.211854
0.230837, 0.231009, 0.206825, 0.211854
0.805, 0.813752, 0.826807, 0.833257
0.771102, 0.771103, 0.746103, 0.751105
0.724283, 0.724283, 0.699283, 0.704285
0.68313, 0.68313, 0.658131, 0.663132
0.651524, 0.651525, 0.626525, 0.631526
0.626564, 0.626564, 0.601564, 0.606566
0.605939, 0.605939, 0.580939, 0.585941
0.588357, 0.588358, 0.563358, 0.568359
0.573013, 0.573013, 0.548013, 0.553014
0.198035, 0.198035, 0.173035, 0.178035
0.205521, 0.205521, 0.180521, 0.185521
0.209642, 0.209642, 0.184642, 0.189642
0.212547, 0.212547, 0.187547, 0.192547
0.214431, 0.214431, 0.189431, 0.194431
0.215587, 0.215587, 0.190587, 0.195587
0.216271, 0.216271, 0.191271, 0.196271
0.216667, 0.216667, 0.191667, 0.196667
0.219509, 0.219509, 0.194509, 0.199509
0.22213, 0.222131, 0.19713, 0.202131
0.224506, 0.224507, 0.199506, 0.204508
0.226752, 0.226756, 0.201753, 0.206758
0.228973, 0.228981, 0.203974, 0.208985
0.231245, 0.231258, 0.206247, 0.211265
0.233569, 0.233589, 0.208572, 0.213599
0.236013, 0.236041, 0.211017, 0.216056
0.238529, 0.238565, 0.213534, 0.218585
0.241202, 0.24125, 0.21621, 0.221277
0.24401, 0.24407, 0.21902, 0.224106
0.24695, 0.247025, 0.221963, 0.227072
0.250063, 0.250153, 0.225079, 0.230213
0.253269, 0.253374, 0.228288, 0.233448
0.256594, 0.256717, 0.231617, 0.236806
0.260047, 0.260189, 0.235074, 0.240297
0.263593, 0.263753, 0.238624, 0.24388
0.267708, 0.26789, 0.242743, 0.248043
0.27174, 0.271942, 0.24678, 0.252121
0.275784, 0.276007, 0.250829, 0.256215
0.279763, 0.280007, 0.254813, 0.260243
0.283662, 0.283925, 0.258716, 0.264191
0.287594, 0.28788, 0.262652, 0.268179
0.291539, 0.291848, 0.266602, 0.272185
0.295449, 0.295781, 0.270517, 0.276159
0.299441, 0.299798, 0.274513, 0.280222
0.303446, 0.303829, 0.278523, 0.284298
0.307483, 0.307892, 0.282564, 0.288411
0.311565, 0.312, 0.28665, 0.29257
0.315718, 0.316181, 0.290806, 0.296809
0.31992, 0.320412, 0.295011, 0.301105
0.324165, 0.324686, 0.29926, 0.305444
0.32845, 0.328999, 0.30355, 0.309825
0.332739, 0.333317, 0.307845, 0.314212
0.33705, 0.337656, 0.312161, 0.318619
0.341411, 0.342048, 0.316528, 0.323093
0.345847, 0.346516, 0.32097, 0.327642
0.350233, 0.350929, 0.32536, 0.332132
0.354648, 0.355375, 0.329779, 0.336665
0.358955, 0.359709, 0.33409, 0.341073
0.363176, 0.363957, 0.338315, 0.3454
0.384933, 0.385769, 0.360088, 0.367409
0.400691, 0.401576, 0.375856, 0.383387
0.413133, 0.41406, 0.388306, 0.396013
0.422905, 0.42387, 0.39812, 0.40595
0.431551, 0.432554, 0.406856, 0.414755
0.438976, 0.440019, 0.414393, 0.42234
0.445352, 0.446429, 0.420886, 0.42885
0.450835, 0.451943, 0.426494, 0.434448
0.455551, 0.456686, 0.431347, 0.439258
0.459636, 0.460796, 0.435579, 0.443423
0.463138, 0.464322, 0.43925, 0.446992
0.466141, 0.467344, 0.442431, 0.450038
0.468716, 0.469936, 0.445207, 0.452635
0.470904, 0.472137, 0.4476, 0.454824
0.472733, 0.473975, 0.449636, 0.456637
0.478326, 0.479581, 0.455481, 0.462217
0.483526, 0.48479, 0.46096, 0.46738
0.488829, 0.490101, 0.466586, 0.472629
0.508839, 0.510142, 0.486988, 0.492647
0.508954, 0.510247, 0.487404, 0.492644
0.509996, 0.51128, 0.488746, 0.493712
0.511779, 0.513052, 0.490861, 0.495695
0.528641, 0.529926, 0.508138, 0.512842
0.52646, 0.527721, 0.506278, 0.510864
0.525136, 0.526373, 0.505268, 0.50975
0.53918, 0.540418, 0.519741, 0.524116
0.544522, 0.545738, 0.525503, 0.529778
0.543592, 0.544772, 0.524957, 0.529459
0.497707, 0.498778, 0.479059, 0.484118
0.500352, 0.501402, 0.481979, 0.487414
0.502672, 0.503702, 0.484548, 0.490331
0.504901, 0.505908, 0.487028, 0.493163
0.507037, 0.508021, 0.489416, 0.495904
0.509031, 0.509993, 0.491659, 0.498495
0.510981, 0.511917, 0.493859, 0.501049
0.512878, 0.513788, 0.496011, 0.503561
0.514716, 0.515596, 0.498106, 0.506022
0.51637, 0.517222, 0.500004, 0.508264
0.517927, 0.518749, 0.501801, 0.510398
0.519319, 0.520112, 0.503419, 0.51233
0.520684, 0.521445, 0.505016, 0.514248
0.521949, 0.522678, 0.506509, 0.516053
0.523194, 0.523887, 0.507993, 0.517857
0.524203, 0.524864, 0.509209, 0.519347
0.525165, 0.52579, 0.510378, 0.520786
0.526064, 0.526652, 0.511491, 0.522169
0.526851, 0.527401, 0.512485, 0.523416
0.527412, 0.527931, 0.51321, 0.524334
0.527948, 0.528431, 0.51392, 0.525243
0.52836, 0.52881, 0.514488, 0.525981
0.528724, 0.529137, 0.515017, 0.526681
0.528996, 0.529371, 0.515448, 0.527269
0.529156, 0.529495, 0.515749, 0.527697
0.529229, 0.52953, 0.515957, 0.528018
0.529208, 0.529472, 0.516063, 0.528219
0.529077, 0.529301, 0.516061, 0.5283
0.528886, 0.529076, 0.515968, 0.528258
0.528577, 0.528729, 0.515761, 0.528092
0.52817, 0.528284, 0.515446, 0.527798
0.52768, 0.527757, 0.515035, 0.52739
0.527112, 0.527153, 0.514536, 0.526876
0.526366, 0.526377, 0.513856, 0.526161
0.525571, 0.525598, 0.513112, 0.525365
0.524657, 0.525164, 0.512697, 0.524641
0.523718, 0.524192, 0.511804, 0.523672
0.522692, 0.523135, 0.510815, 0.522592
0.521699, 0.522112, 0.509846, 0.52153
0.520605, 0.520989, 0.508768, 0.520347
0.519203, 0.519552, 0.507376, 0.518815
0.517552, 0.517864, 0.505723, 0.516993
0.516167, 0.516449, 0.504325, 0.515452
0.514545, 0.514924, 0.502697, 0.513657
0.513002, 0.513351, 0.501127, 0.51193
0.511205, 0.511522, 0.499291, 0.50991
0.509413, 0.509698, 0.497451, 0.507888
0.507539, 0.507793, 0.495515, 0.505761
0.50538, 0.505601, 0.493284, 0.503316
0.503285, 0.503475, 0.491113, 0.50094
0.501163, 0.501323, 0.488907, 0.49853
0.498906, 0.499035, 0.486562, 0.495975
0.496508, 0.496607, 0.484059, 0.493257
0.494271, 0.494344, 0.48172, 0.490805
0.491651, 0.491693, 0.478974, 0.488038
0.489075, 0.48909, 0.476272, 0.485306
0.486423, 0.486433, 0.473485, 0.482481
0.48404, 0.484064, 0.470972, 0.479927
0.48167, 0.481707, 0.468478, 0.477389
0.479174, 0.479224, 0.465849, 0.47471
0.476401, 0.476465, 0.462932, 0.471735
0.473564, 0.473641, 0.459939, 0.468676
0.470585, 0.470676, 0.456795, 0.465459
0.467462, 0.467565, 0.453497, 0.462081
0.464432, 0.464547, 0.450297, 0.4588
0.461588, 0.461713, 0.447292, 0.455718
0.458778, 0.458911, 0.444315, 0.452661
0.455581, 0.455724, 0.440938, 0.449193
0.452759, 0.452911, 0.437962, 0.446139
0.449457, 0.449618, 0.434472, 0.442555
0.446546, 0.446713, 0.431396, 0.439394
0.442963, 0.443139, 0.42761, 0.435506
0.439598, 0.43978, 0.424056, 0.431854
0.436371, 0.436559, 0.420641, 0.428346
0.432914, 0.433107, 0.416991, 0.424598
0.429316, 0.429515, 0.413194, 0.420701
0.426153, 0.426357, 0.409864, 0.417286
0.42247, 0.422678, 0.40598, 0.413302
0.418546, 0.418757, 0.401843, 0.409061
0.414874, 0.415089, 0.397975, 0.405098
0.411265, 0.411482, 0.394168, 0.401199
0.407214, 0.407433, 0.389905, 0.396836
0.40343, 0.40365, 0.385931, 0.392773
0.399819, 0.400041, 0.382136, 0.388894
0.396284, 0.396506, 0.378422, 0.3851
0.393038, 0.39326, 0.375014, 0.38162
0.389877, 0.390098, 0.371696, 0.378235
0.386697, 0.386918, 0.368356, 0.374827
0.382537, 0.382757, 0.363995, 0.370384
0.378241, 0.37846, 0.359502, 0.36581
0.374027, 0.374243, 0.355091, 0.361321
0.370768, 0.370983, 0.351683, 0.357855
0.367059, 0.367272, 0.347807, 0.353915
0.363006, 0.363215, 0.343566, 0.349607
0.359486, 0.359693, 0.339893, 0.345879
0.355402, 0.355606, 0.335639, 0.341565
0.351749, 0.35195, 0.331831, 0.337704
0.348197, 0.348395, 0.328131, 0.333955
0.343747, 0.34394, 0.323499, 0.329264
0.338506, 0.338693, 0.318043, 0.323742
0.332027, 0.332208, 0.311317, 0.316943
0.324983, 0.325155, 0.304007, 0.309559
0.318164, 0.318328, 0.296939, 0.302427
0.311692, 0.311847, 0.290233, 0.295663
0.305572, 0.30572, 0.283909, 0.289291
0.299807, 0.299947, 0.277953, 0.283293
0.29374, 0.293872, 0.271689, 0.27699
0.288256, 0.288381, 0.266029, 0.271296
0.282159, 0.282276, 0.259753, 0.264986
0.276224, 0.276333, 0.253642, 0.258846
0.270348, 0.270449, 0.247599, 0.252777
0.264435, 0.264527, 0.241517, 0.24667
0.25891, 0.258997, 0.23585, 0.240984
0.253872, 0.253952, 0.23068, 0.235797
0.251022, 0.251098, 0.227746, 0.232854
0.249359, 0.249432, 0.226006, 0.231104
0.247576, 0.247645, 0.224142, 0.229232
0.24598, 0.246046, 0.222476, 0.227559
0.244421, 0.244483, 0.220846, 0.225922
0.242583, 0.242643, 0.218934, 0.224002
0.24062, 0.240676, 0.216894, 0.221955
0.238689, 0.238741, 0.21489, 0.219945
0.236791, 0.236841, 0.212928, 0.217978
0.23493, 0.234977, 0.211002, 0.216047
0.233273, 0.233317, 0.209288, 0.21433
0.231657, 0.231699, 0.20762, 0.212658
0.229634, 0.229673, 0.205533, 0.210567
0.227591, 0.227627, 0.203429, 0.208459
0.225585, 0.225619, 0.201365, 0.206392
0.223561, 0.223592, 0.199286, 0.20431
0.22187, 0.221899, 0.19755, 0.202572
0.220108, 0.220134, 0.195739, 0.200758
0.218391, 0.218415, 0.19398, 0.198998
0.216422, 0.216445, 0.191966, 0.196982
0.214256, 0.214276, 0.189752, 0.194766
0.211705, 0.211723, 0.187151, 0.192163
0.20962, 0.209637, 0.185025, 0.190036
0.207767, 0.207782, 0.183137, 0.188147
0.205839, 0.205852, 0.181174, 0.186183
0.203644, 0.203656, 0.178943, 0.183951
0.201369, 0.201379, 0.176632, 0.181638
0.198883, 0.198891, 0.17411, 0.179115
0.196569, 0.196575, 0.171762, 0.176766
0.19378, 0.193786, 0.16894, 0.173943
0.190834, 0.190838, 0.165962, 0.170965
0.187261, 0.187264, 0.162357, 0.167359
0.184386, 0.184388, 0.159458, 0.16446
0.18135, 0.181351, 0.156401, 0.161402
0.181, 0.181001, 0.156031, 0.161031
0.181, 0.181, 0.156015, 0.161015
0.181, 0.181, 0.156004, 0.161004
0.181, 0.181, 0.156001, 0.161001
0.181, 0.181001, 0.156013, 0.161016
0.181, 0.181002, 0.156029, 0.161035
0.181, 0.181003, 0.156046, 0.161056
0.181, 0.181005, 0.156068, 0.161082
0.181, 0.181006, 0.156093, 0.161114
0.183659, 0.183668, 0.158787, 0.163816
0.186415, 0.186427, 0.161585, 0.166623
0.188431, 0.188446, 0.163636, 0.168682
0.19072, 0.190737, 0.165963, 0.171017
0.193205, 0.193226, 0.168499, 0.173564
0.195179, 0.195203, 0.170517, 0.175591
0.197351, 0.197378, 0.172745, 0.177833
0.199714, 0.199746, 0.175172, 0.180273
0.201991, 0.202027, 0.177513, 0.182629
0.203978, 0.204018, 0.17956, 0.184689
0.206154, 0.206199, 0.181806, 0.186951
0.207978, 0.208027, 0.183692, 0.18885
0.210258, 0.210313, 0.186054, 0.19123
0.21232, 0.212381, 0.188195, 0.193389
0.214368, 0.214433, 0.190317, 0.195528
0.216073, 0.216144, 0.192093, 0.19732
0.218221, 0.218298, 0.194335, 0.199582
0.220353, 0.220436, 0.196562, 0.201831
0.222339, 0.222429, 0.198651, 0.203942
0.224182, 0.224279, 0.200586, 0.205898
0.226013, 0.226116, 0.20251, 0.207843
0.227704, 0.227813, 0.204292, 0.209645
0.22957, 0.229686, 0.206261, 0.211636
0.231421, 0.231544, 0.208218, 0.213617
0.233136, 0.233265, 0.210033, 0.215455
0.234898, 0.235034, 0.211903, 0.217348
0.236587, 0.23673, 0.213697, 0.219166
0.238441, 0.238588, 0.21566, 0.221154
0.240162, 0.240316, 0.217494, 0.223013
0.241868, 0.24203, 0.219316, 0.224862
0.243735, 0.243905, 0.221314, 0.226889
0.245585, 0.245764, 0.223308, 0.228915
0.247133, 0.247318, 0.22497, 0.230603
0.248896, 0.249088, 0.226867, 0.232529
0.250586, 0.250786, 0.228689, 0.234381
0.252316, 0.252525, 0.230558, 0.236282
0.254086, 0.254304, 0.232474, 0.23823
0.25573, 0.255957, 0.234257, 0.240044
0.257412, 0.257649, 0.236085, 0.241905
0.259186, 0.259432, 0.238016, 0.243871
0.260782, 0.261037, 0.239757, 0.245645
0.262677, 0.262943, 0.241818, 0.247742
0.264291, 0.264567, 0.243585, 0.249544
0.265787, 0.266072, 0.245226, 0.251217
0.26737, 0.267665, 0.246965, 0.252991
0.269037, 0.269344, 0.248813, 0.254879
0.270735, 0.271053, 0.250687, 0.256792
0.272462, 0.272792, 0.252597, 0.258743
0.275178, 0.27552, 0.255498, 0.261685
0.278699, 0.279054, 0.259225, 0.265457
0.282034, 0.282402, 0.262756, 0.269031
0.285484, 0.285864, 0.266399, 0.272717
0.28915, 0.289544, 0.270284, 0.27665
0.292623, 0.293031, 0.273966, 0.280379
0.296106, 0.296528, 0.277674, 0.284135
0.299595, 0.300032, 0.281378, 0.287887
0.303194, 0.303645, 0.285199, 0.291756
0.306694, 0.30716, 0.288918, 0.295522
0.311022, 0.311504, 0.293505, 0.300165
0.314527, 0.315023, 0.297231, 0.303938
0.318031, 0.318543, 0.30097, 0.307728
0.321636, 0.322163, 0.304805, 0.311613
0.32534, 0.325883, 0.308747, 0.315605
0.329142, 0.329701, 0.312794, 0.319704
0.332935, 0.333511, 0.316834, 0.323795
0.336005, 0.336593, 0.320091, 0.327091
0.33978, 0.340385, 0.324112, 0.331163
0.34334, 0.343961, 0.327916, 0.335018
0.347191, 0.347829, 0.332019, 0.339171
0.350924, 0.351578, 0.335995, 0.343197
0.354639, 0.355311, 0.339954, 0.347204
0.358236, 0.358923, 0.343774, 0.351068
0.361912, 0.362615, 0.347689, 0.35503
0.365467, 0.366188, 0.351487, 0.358875
0.369, 0.369736, 0.355248, 0.362679
0.372314, 0.373066, 0.358775, 0.366246
0.375895, 0.376663, 0.362585, 0.370097
0.379351, 0.380136, 0.366261, 0.373812
0.382875, 0.383676, 0.369994, 0.377583
0.386367, 0.387185, 0.373703, 0.381329
0.389455, 0.390287, 0.376991, 0.384651
0.392976, 0.393826, 0.380726, 0.38842
0.396461, 0.397327, 0.384417, 0.392144
0.399817, 0.400699, 0.387968, 0.395725
0.403312, 0.404212, 0.391662, 0.399449
0.406677, 0.407591, 0.395203, 0.403013
0.409824, 0.410754, 0.39852, 0.406352
0.413018, 0.413964, 0.401891, 0.409747
0.416168, 0.41713, 0.405201, 0.413075
0.419275, 0.420252, 0.408458, 0.416348
0.422335, 0.423328, 0.41166, 0.419564
0.425592, 0.4266, 0.415059, 0.422975
0.428554, 0.429578, 0.418144, 0.426068
0.431389, 0.432426, 0.421078, 0.429006
0.434331, 0.435383, 0.424124, 0.432056
0.437294, 0.438361, 0.427193, 0.435128
0.440346, 0.441429, 0.430333, 0.438266
0.443405, 0.444503, 0.433468, 0.441395
0.446182, 0.447295, 0.436301, 0.444221
0.448967, 0.450095, 0.43913, 0.447039
0.451619, 0.45276, 0.441811, 0.449707
0.45401, 0.455163, 0.444208, 0.452088
0.456603, 0.457769, 0.446802, 0.454665
0.459064, 0.460243, 0.44925, 0.457093
0.46158, 0.462773, 0.451746, 0.459568
0.463727, 0.464932, 0.453853, 0.461654
0.466044, 0.467262, 0.456112, 0.463887
0.468344, 0.469574, 0.458335, 0.466082
0.47046, 0.471701, 0.460361, 0.468081
0.472556, 0.473809, 0.46235, 0.470041
0.474577, 0.475841, 0.464247, 0.471908
0.476569, 0.477844, 0.466096, 0.473725
0.478344, 0.479627, 0.467713, 0.475312
0.480135, 0.481429, 0.469333, 0.476901
0.481807, 0.48311, 0.470822, 0.47836
0.483443, 0.484755, 0.472254, 0.479763
0.485037, 0.486359, 0.473631, 0.481112
0.486619, 0.48795, 0.474959, 0.48241
0.488039, 0.489379, 0.476122, 0.483547
0.489343, 0.49069, 0.477158, 0.48456
0.490565, 0.491919, 0.478098, 0.485478
0.491759, 0.49312, 0.478982, 0.486342
0.492961, 0.49433, 0.479827, 0.487169
0.49394, 0.495316, 0.480472, 0.487802
0.494811, 0.496192, 0.481004, 0.488325
0.495634, 0.49702, 0.48146, 0.488776
0.496381, 0.497772, 0.481817, 0.489132
0.497016, 0.498412, 0.482059, 0.489378
0.49751, 0.498909, 0.482188, 0.489514
0.497937, 0.499339, 0.482231, 0.48957
0.498299, 0.499704, 0.482181, 0.489537
0.49856, 0.499967, 0.482041, 0.489419
0.498744, 0.500153, 0.481807, 0.489212
0.498843, 0.500253, 0.481471, 0.488909
0.498849, 0.500261, 0.481005, 0.488483
0.498756, 0.500168, 0.480443, 0.487967
0.498575, 0.499986, 0.479811, 0.487384
0.498304, 0.499715, 0.479086, 0.486714
0.497904, 0.499313, 0.478185, 0.485878
0.497482, 0.49889, 0.477338, 0.485091
0.496913, 0.498318, 0.476288, 0.484113
0.496279, 0.497681, 0.475195, 0.483094
0.495556, 0.496955, 0.474015, 0.481992
0.494661, 0.496055, 0.472621, 0.480687
0.49373, 0.49512, 0.471227, 0.479382
0.492758, 0.494143, 0.469818, 0.47806
0.491676, 0.493055, 0.468292, 0.476633
0.490536, 0.491909, 0.466734, 0.475332
0.489346, 0.490713, 0.465317, 0.474046
0.487944, 0.489303, 0.46379, 0.472542
0.486592, 0.487943, 0.462399, 0.471102
0.485163, 0.486506, 0.461031, 0.469589
0.483737, 0.485071, 0.45966, 0.468083
0.482119, 0.483444, 0.4581, 0.466385
0.480422, 0.481738, 0.456457, 0.464612
0.478557, 0.479861, 0.454645, 0.462669
0.476653, 0.477948, 0.452792, 0.460697
0.474719, 0.476003, 0.450915, 0.458694
0.47276, 0.474032, 0.449079, 0.456671
0.470783, 0.472044, 0.447225, 0.454632
0.468575, 0.469823, 0.445144, 0.452358
0.46646, 0.467695, 0.44314, 0.450184
0.464337, 0.46556, 0.441119, 0.448004
0.462093, 0.463303, 0.438975, 0.445703
0.459663, 0.460858, 0.436639, 0.443207
0.457099, 0.45828, 0.434168, 0.440582
0.454789, 0.455956, 0.431932, 0.43822
0.452424, 0.453578, 0.42964, 0.435884
0.449937, 0.451077, 0.427219, 0.433473
0.447394, 0.448519, 0.424735, 0.430999
0.444725, 0.445834, 0.422121, 0.428392
0.441998, 0.443092, 0.419443, 0.42572
0.439511, 0.440591, 0.416995, 0.423275
0.43698, 0.438044, 0.414493, 0.420773
0.434481, 0.435531, 0.412022, 0.418303
0.43171, 0.432744, 0.409277, 0.415556
0.429049, 0.430069, 0.406636, 0.412912
0.426588, 0.427594, 0.404193, 0.410468
0.423444, 0.424432, 0.401061, 0.40733
0.420495, 0.421468, 0.398119, 0.404381
0.417504, 0.41846, 0.39513, 0.401383
0.414471, 0.41541, 0.392094, 0.398337
0.411398, 0.412319, 0.389008, 0.395236
0.408197, 0.409101, 0.385796, 0.392011
0.405132, 0.406019, 0.382717, 0.388917
0.402032, 0.402903, 0.379603, 0.385791
0.398717, 0.399571, 0.376265, 0.382436
0.395456, 0.396293, 0.372978, 0.379131
0.392529, 0.39335, 0.370025, 0.376161
0.389205, 0.39001, 0.366669, 0.372785
0.385944, 0.38673, 0.363367, 0.36946
0.382654, 0.383423, 0.36004, 0.366111
0.379336, 0.38009, 0.356689, 0.362742
0.375992, 0.376729, 0.353304, 0.359333
0.372816, 0.373538, 0.350087, 0.356094
0.369328, 0.370032, 0.346551, 0.352534
0.365815, 0.366503, 0.342989, 0.348948
0.362281, 0.36295, 0.339397, 0.345327
0.359022, 0.359676, 0.33609, 0.341996
0.355647, 0.356286, 0.332672, 0.338556
0.352056, 0.352678, 0.329026, 0.334884
0.348348, 0.348952, 0.32526, 0.33109
0.343311, 0.343892, 0.320144, 0.325936
0.337944, 0.338501, 0.314684, 0.320434
0.332248, 0.33278, 0.308905, 0.314616
0.326633, 0.327142, 0.3032, 0.30887
0.321517, 0.322004, 0.298001, 0.303634
0.315881, 0.316343, 0.292267, 0.297856
0.309832, 0.31027, 0.286124, 0.29167
0.304607, 0.305024, 0.280825, 0.286339
0.299186, 0.299582, 0.275321, 0.280798
0.293881, 0.294257, 0.269936, 0.275379
0.287886, 0.288238, 0.263845, 0.269247
0.282428, 0.282761, 0.258318, 0.26369
0.277104, 0.277418, 0.252921, 0.258261
0.27162, 0.271915, 0.247364, 0.252673
0.266185, 0.26646, 0.241851, 0.247127
0.260321, 0.260577, 0.235923, 0.241173
0.255587, 0.255827, 0.231134, 0.23636
0.252105, 0.252333, 0.22761, 0.232818
0.250377, 0.250595, 0.225853, 0.23105
0.24863, 0.248838, 0.224079, 0.229264
0.246717, 0.246915, 0.222138, 0.22731
0.244784, 0.24497, 0.220167, 0.225324
0.242929, 0.243106, 0.218287, 0.223434
0.241107, 0.241275, 0.216441, 0.221578
0.239266, 0.239425, 0.214577, 0.219705
0.237408, 0.237558, 0.212697, 0.217815
0.235479, 0.235621, 0.210753, 0.215865
0.233637, 0.233771, 0.20889, 0.213994
0.231724, 0.231851, 0.206958, 0.212053
0.22974, 0.229858, 0.204953, 0.210041
0.227954, 0.228065, 0.203151, 0.208231
0.225934, 0.226038, 0.201113, 0.206185
0.224061, 0.224158, 0.199224, 0.20429
0.222116, 0.222207, 0.197264, 0.202324
0.220099, 0.220182, 0.195224, 0.200276
0.218006, 0.218083, 0.193118, 0.198164
0.215952, 0.216023, 0.191052, 0.196093
0.213881, 0.213945, 0.188969, 0.194005
0.212083, 0.212143, 0.187167, 0.192201
0.210389, 0.210444, 0.185464, 0.190495
0.208742, 0.208794, 0.18381, 0.188837
0.206967, 0.207013, 0.182026, 0.18705
0.205179, 0.205221, 0.180231, 0.185252
0.203438, 0.203477, 0.178484, 0.183503
0.201626, 0.201662, 0.176666, 0.181682
0.199497, 0.199528, 0.17453, 0.179544
0.197412, 0.19744, 0.17244, 0.177451
0.195064, 0.195087, 0.170082, 0.175089
0.193259, 0.193279, 0.168274, 0.17328
0.191254, 0.191271, 0.166266, 0.171271
0.188982, 0.188997, 0.163994, 0.168999
0.185605, 0.185616, 0.160613, 0.165616
0.182579, 0.182587, 0.157584, 0.162586
0.181, 0.181005, 0.156003, 0.161004
0.181, 0.181003, 0.156002, 0.161002
0.181, 0.181001, 0.156001, 0.161001
0.181, 0.181001, 0.156, 0.161
0.181, 0.181, 0.156, 0.161
0.202631, 0.202631, 0.177631, 0.182631
0.181, 0.181004, 0.156004, 0.161004
0.181, 0.181025, 0.156027, 0.161029
0.187909, 0.187973, 0.162978, 0.167984
0.195769, 0.195884, 0.170893, 0.175903
0.204879, 0.20508, 0.180095, 0.185112
0.213435, 0.213738, 0.188759, 0.193784
0.222073, 0.222509, 0.197537, 0.202573
0.230868, 0.231465, 0.206503, 0.211551
0.239447, 0.240229, 0.215278, 0.220339
0.24814, 0.249151, 0.224211, 0.229288
0.2561, 0.257352, 0.232426, 0.237519
0.264866, 0.266423, 0.241516, 0.246626
0.271615, 0.273451, 0.248563, 0.253686
0.278019, 0.28015, 0.255285, 0.260418
0.283762, 0.286191, 0.261351, 0.266494
0.289648, 0.292381, 0.267571, 0.272719
0.297077, 0.300063, 0.275275, 0.280426
0.306228, 0.309538, 0.284782, 0.289935
0.312874, 0.31643, 0.291705, 0.296855
0.317368, 0.321113, 0.296411, 0.301558
0.321738, 0.32567, 0.300995, 0.306137
0.325517, 0.32962, 0.304974, 0.310109
0.328681, 0.33294, 0.308322, 0.313449
0.331166, 0.335557, 0.310967, 0.316085
0.332893, 0.337388, 0.312823, 0.317933
0.334182, 0.338764, 0.314226, 0.319333
0.334829, 0.339478, 0.314966, 0.320081
0.334858, 0.339553, 0.315064, 0.320187
0.334288, 0.339003, 0.314535, 0.319664
0.333203, 0.337915, 0.313465, 0.318599
0.331504, 0.336198, 0.311764, 0.316901
0.329356, 0.334004, 0.309581, 0.314721
0.326704, 0.331284, 0.30687, 0.312011
0.3234, 0.327886, 0.303478, 0.308619
0.319667, 0.324042, 0.299635, 0.304776
0.315145, 0.319372, 0.294964, 0.300101
0.308942, 0.312978, 0.288562, 0.293695
0.301766, 0.305568, 0.281137, 0.286264
0.293753, 0.297292, 0.272841, 0.277959
0.285257, 0.288512, 0.264034, 0.269143
0.278488, 0.28147, 0.25696, 0.26206
0.273829, 0.276558, 0.252014, 0.257105
0.268622, 0.271071, 0.246489, 0.251571
0.26303, 0.265203, 0.240582, 0.245654
0.255947, 0.257802, 0.233131, 0.238192
0.248928, 0.250488, 0.22577, 0.230822
0.241458, 0.242729, 0.217965, 0.223006
0.234602, 0.235647, 0.210843, 0.215877
0.226435, 0.227235, 0.202389, 0.207415
0.217987, 0.218567, 0.193682, 0.198701
0.208666, 0.209056, 0.184134, 0.189146
0.198089, 0.198307, 0.173352, 0.178359
0.186312, 0.186401, 0.16142, 0.166423
0.181, 0.181016, 0.15602, 0.16102
0.181002, 0.181002, 0.156003, 0.161003
0.205543, 0.205543, 0.180543, 0.185543
0.181089, 0.181089, 0.156089, 0.161089
0.181, 0.181002, 0.156003, 0.161003
0.181007, 0.181013, 0.156015, 0.161016
0.181004, 0.181015, 0.156018, 0.161019
0.181003, 0.181019, 0.156024, 0.161026
0.181002, 0.181025, 0.156033, 0.161036
0.181001, 0.181033, 0.156044, 0.161048
0.182878, 0.182922, 0.157937, 0.162942
0.185386, 0.185444, 0.160463, 0.16547
0.187869, 0.187942, 0.162967, 0.167975
0.190911, 0.191004, 0.166035, 0.171045
0.193286, 0.193397, 0.168435, 0.173447
0.196104, 0.19624, 0.171285, 0.1763
0.198633, 0.198794, 0.173848, 0.178866
0.201133, 0.201321, 0.176383, 0.181403
0.203655, 0.203872, 0.178943, 0.183967
0.206049, 0.206295, 0.181376, 0.186402
0.208515, 0.208793, 0.183884, 0.188914
0.210952, 0.211264, 0.186366, 0.191399
0.213695, 0.214045, 0.18916, 0.194197
0.215976, 0.216362, 0.191488, 0.196529
0.218231, 0.218654, 0.193792, 0.198836
0.220782, 0.22125, 0.196401, 0.201451
0.223071, 0.223585, 0.19875, 0.203804
0.225197, 0.225752, 0.200931, 0.205989
0.227388, 0.227987, 0.203179, 0.208242
0.229331, 0.229971, 0.205176, 0.210243
0.231297, 0.23198, 0.207198, 0.212269
0.233454, 0.234186, 0.209419, 0.214496
0.235456, 0.236235, 0.211483, 0.216565
0.237518, 0.238343, 0.213606, 0.218692
0.2398, 0.240682, 0.215963, 0.221055
0.24213, 0.243073, 0.218373, 0.223471
0.243905, 0.244895, 0.22021, 0.225313
0.246014, 0.247067, 0.222401, 0.22751
0.247742, 0.248844, 0.224193, 0.229307
0.249448, 0.250601, 0.225966, 0.231085
0.251134, 0.252337, 0.227718, 0.232842
0.253063, 0.254324, 0.229724, 0.234853
0.25548, 0.256818, 0.232241, 0.237378
0.257816, 0.25923, 0.234677, 0.239822
0.259682, 0.261158, 0.236625, 0.241776
0.26145, 0.262981, 0.238466, 0.243622
0.263157, 0.264747, 0.24025, 0.245412
0.264839, 0.266488, 0.24201, 0.247178
0.266463, 0.268169, 0.24371, 0.248883
0.268196, 0.269964, 0.245525, 0.250704
0.269868, 0.271703, 0.247284, 0.25247
0.271642, 0.273543, 0.249145, 0.254337
0.273417, 0.275385, 0.251008, 0.256206
0.275098, 0.277131, 0.252774, 0.257978
0.277024, 0.27913, 0.254797, 0.260008
0.278524, 0.280688, 0.256374, 0.26159
0.280058, 0.282282, 0.257986, 0.263208
0.281652, 0.283939, 0.259662, 0.26489
0.283414, 0.28577, 0.261514, 0.266748
0.284863, 0.287275, 0.263037, 0.268276
0.286691, 0.28917, 0.264952, 0.270197
0.288311, 0.29085, 0.26665, 0.271901
0.290827, 0.293425, 0.269241, 0.274497
0.293915, 0.296591, 0.272427, 0.277689
0.29712, 0.29987, 0.275724, 0.280993
0.299438, 0.302241, 0.278108, 0.283382
0.301844, 0.3047, 0.28058, 0.285858
0.304024, 0.306929, 0.282819, 0.288101
0.306411, 0.309368, 0.285268, 0.290555
0.308656, 0.31166, 0.287569, 0.292859
0.310883, 0.313927, 0.289843, 0.295136
0.312815, 0.315898, 0.291818, 0.297114
0.31481, 0.317931, 0.293856, 0.299155
0.316637, 0.319792, 0.295719, 0.301021
0.318554, 0.321749, 0.297678, 0.302982
0.320236, 0.323459, 0.299387, 0.304693
0.322098, 0.325351, 0.301276, 0.306584
0.324113, 0.327395, 0.303314, 0.308624
0.325701, 0.329004, 0.304917, 0.310227
0.327285, 0.330606, 0.30651, 0.311821
0.328828, 0.332164, 0.308057, 0.313368
0.330244, 0.333592, 0.309472, 0.314783
0.331567, 0.334922, 0.310788, 0.316098
0.332799, 0.336159, 0.312008, 0.317317
0.334034, 0.337389, 0.313218, 0.318526
0.335152, 0.338506, 0.314314, 0.31962
0.336241, 0.339589, 0.315373, 0.320677
0.337328, 0.340665, 0.316421, 0.321723
0.338225, 0.341551, 0.317279, 0.322577
0.339129, 0.342437, 0.318132, 0.323427
0.339891, 0.343179, 0.318842, 0.324133
0.340578, 0.343843, 0.319471, 0.324758
0.341146, 0.34439, 0.319985, 0.325268
0.341716, 0.344929, 0.320482, 0.325761
0.342202, 0.345379, 0.320889, 0.326163
0.342614, 0.345751, 0.321215, 0.326482
0.342972, 0.346059, 0.321466, 0.326726
0.343191, 0.346228, 0.321583, 0.326835
0.343294, 0.346291, 0.321603, 0.32685
0.343341, 0.346289, 0.321553, 0.326793
0.343298, 0.346184, 0.321386, 0.326618
0.343184, 0.346017, 0.321168, 0.326392
0.342989, 0.345765, 0.320863, 0.326079
0.342712, 0.345427, 0.320469, 0.325676
0.342377, 0.345033, 0.320021, 0.325221
0.341981, 0.344576, 0.319511, 0.324703
0.341537, 0.344073, 0.318957, 0.32414
0.340996, 0.343465, 0.318294, 0.323469
0.340425, 0.342831, 0.317609, 0.322775
0.339749, 0.342089, 0.316811, 0.321969
0.339036, 0.34131, 0.315979, 0.321128
0.33814, 0.340339, 0.314947, 0.320086
0.337181, 0.339304, 0.313853, 0.318982
0.336242, 0.338296, 0.312792, 0.317912
0.33524, 0.337224, 0.311667, 0.316778
0.334106, 0.336016, 0.310404, 0.315505
0.332901, 0.334739, 0.309072, 0.314164
0.331726, 0.333496, 0.307788, 0.312863
0.330414, 0.33211, 0.306409, 0.311417
0.329173, 0.330804, 0.305109, 0.310058
0.327563, 0.329113, 0.303426, 0.308302
0.326205, 0.32769, 0.30201, 0.30683
0.324827, 0.326249, 0.300577, 0.305341
0.3234, 0.32476, 0.299096, 0.30382
0.322158, 0.323466, 0.297809, 0.302504
0.320645, 0.321891, 0.296242, 0.300905
0.319631, 0.320825, 0.295183, 0.299817
0.319051, 0.320186, 0.294553, 0.299153
0.318477, 0.319557, 0.293953, 0.298525
0.317645, 0.318651, 0.293089, 0.297702
0.316799, 0.317737, 0.292213, 0.296886
0.315902, 0.316773, 0.291287, 0.296017
0.314899, 0.315702, 0.290254, 0.295043
0.313801, 0.314536, 0.289126, 0.293972
0.312792, 0.313471, 0.288092, 0.292985
0.311796, 0.312422, 0.287072, 0.292007
0.310462, 0.311025, 0.28571, 0.290696
0.30908, 0.309583, 0.284314, 0.289334
0.307629, 0.308076, 0.28288, 0.287901
0.306303, 0.306702, 0.281566, 0.286588
0.304974, 0.30533, 0.280247, 0.28527
0.303777, 0.304096, 0.279057, 0.284081
0.302515, 0.3028, 0.277802, 0.282827
0.300995, 0.301241, 0.276287, 0.281312
0.29922, 0.299425, 0.274517, 0.279543
0.297438, 0.297606, 0.272737, 0.277763
0.295499, 0.295633, 0.2708, 0.275827
0.294063, 0.294173, 0.269364, 0.27439
0.292494, 0.29258, 0.267791, 0.272817
0.290585, 0.290645, 0.265878, 0.270904
0.289098, 0.28914, 0.264388, 0.269414
0.287438, 0.287463, 0.262725, 0.26775
0.284913, 0.284914, 0.260194, 0.265219
0.28234, 0.282348, 0.257612, 0.262637
0.280299, 0.280313, 0.255564, 0.260587
0.278444, 0.278462, 0.253701, 0.258724
0.276351, 0.276373, 0.251599, 0.256622
0.274497, 0.274522, 0.249737, 0.254759
0.272484, 0.272512, 0.247714, 0.252735
0.270304, 0.270334, 0.245524, 0.250544
0.268338, 0.26837, 0.243547, 0.248566
0.265723, 0.265756, 0.24092, 0.245937
0.263544, 0.263577, 0.23873, 0.243747
0.261234, 0.261268, 0.23641, 0.241426
0.257668, 0.257702, 0.23283, 0.237845
0.255635, 0.255669, 0.230789, 0.235803
0.253428, 0.253462, 0.228572, 0.233585
0.250795, 0.250827, 0.225928, 0.23094
0.247965, 0.247996, 0.223087, 0.228098
0.245645, 0.245675, 0.220757, 0.225767
0.242827, 0.242855, 0.217927, 0.222936
0.240226, 0.240252, 0.215316, 0.220324
0.235553, 0.235577, 0.21063, 0.215638
0.233282, 0.233304, 0.208352, 0.213359
0.231038, 0.231059, 0.206102, 0.211108
0.22877, 0.228789, 0.203828, 0.208833
0.226477, 0.226495, 0.201529, 0.206533
0.224385, 0.224402, 0.199432, 0.204437
0.221872, 0.221887, 0.196914, 0.201918
0.219389, 0.219402, 0.194423, 0.199426
0.216702, 0.216714, 0.191731, 0.196734
0.214103, 0.214114, 0.189128, 0.194131
0.211356, 0.211366, 0.186379, 0.191381
0.2087, 0.208708, 0.183719, 0.188721
0.205893, 0.205901, 0.180909, 0.185911
0.202995, 0.203001, 0.178007, 0.183009
0.200253, 0.200258, 0.175263, 0.180264
0.197483, 0.197488, 0.172491, 0.177492
0.19475, 0.194754, 0.169755, 0.174756
0.191992, 0.191995, 0.166995, 0.171996
0.189337, 0.18934, 0.16434, 0.16934
0.186529, 0.18653, 0.161531, 0.166531
0.184157, 0.184159, 0.159159, 0.164159
0.181635, 0.181636, 0.156636, 0.161636
0.181, 0.181001, 0.156001, 0.161001
0.181, 0.181, 0.156, 0.161001
0.181, 0.181, 0.156, 0.161
0.181, 0.181, 0.156, 0.161
0.181, 0.181, 0.156, 0.161
0.181315, 0.181315, 0.156315, 0.161315
0.181, 0.181003, 0.156002, 0.161
0.181, 0.181005, 0.156003, 0.161001
0.181, 0.181007, 0.156004, 0.161001
0.182686, 0.182696, 0.157692, 0.162687
0.185799, 0.185812, 0.160807, 0.165801
0.188532, 0.18855, 0.163544, 0.168536
0.191727, 0.191749, 0.166741, 0.171731
0.194547, 0.194574, 0.169565, 0.174552
0.197748, 0.197782, 0.172772, 0.177756
0.200445, 0.200486, 0.175475, 0.180456
0.203783, 0.203831, 0.178819, 0.183796
0.206293, 0.206349, 0.181335, 0.18631
0.209302, 0.20933, 0.184561, 0.189567
0.211699, 0.21173, 0.186988, 0.191993
0.211699, 0.21173, 0.186988, 0.191993
0.181, 0.181, 0.156, 0.161
0.181, 0.181, 0.156, 0.161
0.227428, 0.227428, 0.202428, 0.207428
0.225543, 0.225543, 0.200543, 0.205543
0.225509, 0.225509, 0.200509, 0.205509
0.225509, 0.225509, 0.200509, 0.205509
0.225509, 0.225509, 0.200509, 0.205509
0.227883, 0.227883, 0.202883, 0.207883
0.227894, 0.227894, 0.202894, 0.207894
0.227895, 0.227895, 0.202895, 0.207895
0.227895, 0.227895, 0.202895, 0.207895
0.227979, 0.227979, 0.202979, 0.207979
0.227979, 0.227979, 0.202979, 0.207979
0.227976, 0.227976, 0.202976, 0.207976
0.227976, 0.227976, 0.202976, 0.207976
0.227974, 0.227974, 0.202974, 0.207974
0.227974, 0.227974, 0.202974, 0.207974
0.227978, 0.227978, 0.202978, 0.207978
0.227978, 0.227978, 0.202978, 0.207978
0.227976, 0.227976, 0.202976, 0.207976
0.227976, 0.227976, 0.202976, 0.207976
0.181016, 0.181016, 0.156016, 0.161016
0.181, 0.181001, 0.156001, 0.161001
0.181, 0.181001, 0.156001, 0.161
0.181, 0.181003, 0.156002, 0.161
0.181, 0.181005, 0.156003, 0.161001
0.181, 0.181008, 0.156005, 0.161001
0.183863, 0.183874, 0.15887, 0.163865
0.186819, 0.186834, 0.161829, 0.166822
0.189679, 0.189697, 0.16469, 0.169681
0.192581, 0.192605, 0.167596, 0.172585
0.195457, 0.195486, 0.170476, 0.175462
0.19871, 0.198746, 0.173736, 0.178719
0.201861, 0.201905, 0.176893, 0.181873
0.204847, 0.204898, 0.179885, 0.184862
0.207931, 0.207991, 0.182977, 0.18795
0.21053, 0.210597, 0.185582, 0.190552
0.213679, 0.213756, 0.18874, 0.193705
0.216729, 0.216816, 0.191798, 0.19676
0.21968, 0.219778, 0.19476, 0.199717
0.222474, 0.222583, 0.197566, 0.202519
0.225419, 0.225541, 0.200524, 0.205471
0.228088, 0.228221, 0.203204, 0.208147
0.230786, 0.230931, 0.205915, 0.210853
0.233747, 0.233906, 0.208891, 0.213824
0.236668, 0.236842, 0.211829, 0.216757
0.239437, 0.239624, 0.214611, 0.219534
0.242, 0.2422, 0.217189, 0.222107
0.244475, 0.244688, 0.21968, 0.224593
0.246809, 0.247036, 0.222033, 0.226942
0.249389, 0.249631, 0.224631, 0.229535
0.251826, 0.252082, 0.227086, 0.231987
0.254178, 0.254448, 0.229457, 0.234353
0.256658, 0.256942, 0.231957, 0.236848
0.258999, 0.259297, 0.234318, 0.239205
0.261359, 0.26167, 0.236696, 0.24158
0.263685, 0.264011, 0.239044, 0.243924
0.266177, 0.266517, 0.241559, 0.246436
0.268531, 0.268885, 0.243937, 0.24881
0.270897, 0.271266, 0.246331, 0.251202
0.27313, 0.273513, 0.248589, 0.253457
0.275375, 0.27577, 0.250859, 0.255726
0.277537, 0.277945, 0.253047, 0.257912
0.279709, 0.280129, 0.255246, 0.26011
0.281757, 0.282188, 0.257319, 0.262182
0.283684, 0.284124, 0.259271, 0.264134
0.285622, 0.286071, 0.261231, 0.266095
0.287529, 0.287986, 0.263164, 0.268028
0.289321, 0.289786, 0.264981, 0.269846
0.290961, 0.291432, 0.266644, 0.271512
0.292695, 0.293173, 0.268404, 0.273274
0.29444, 0.294924, 0.27018, 0.275053
0.29623, 0.296719, 0.271999, 0.276876
0.297987, 0.29848, 0.273784, 0.278665
0.300007, 0.300502, 0.275836, 0.280724
0.302015, 0.302513, 0.277879, 0.282774
0.304081, 0.304579, 0.27998, 0.284884
0.305888, 0.306384, 0.281819, 0.286732
0.307685, 0.308177, 0.283649, 0.288572
0.309404, 0.309891, 0.285394, 0.290328
0.31108, 0.31156, 0.287102, 0.292048
0.312682, 0.313154, 0.288735, 0.293694
0.314182, 0.314645, 0.290264, 0.295236
0.316113, 0.316561, 0.292234, 0.297225
0.317892, 0.318324, 0.294055, 0.299067
0.319583, 0.319996, 0.295781, 0.300813
0.321214, 0.321606, 0.297447, 0.302502
0.322685, 0.323055, 0.29895, 0.304027
0.324104, 0.32445, 0.3004, 0.3055
0.325519, 0.325838, 0.301846, 0.306972
0.326992, 0.327278, 0.303352, 0.308506
0.328593, 0.328838, 0.305018, 0.310178
0.329866, 0.330075, 0.306347, 0.31151
0.331042, 0.331214, 0.307576, 0.312743
0.332219, 0.332349, 0.30881, 0.31398
0.333388, 0.333472, 0.31003, 0.315203
0.334108, 0.334161, 0.310788, 0.315963
0.334882, 0.334899, 0.311603, 0.316781
0.335652, 0.335663, 0.312417, 0.317596
0.33634, 0.33637, 0.313146, 0.318327
0.337038, 0.337087, 0.313886, 0.319069
0.337659, 0.337728, 0.314546, 0.319732
0.338248, 0.338336, 0.315173, 0.320361
0.33878, 0.338887, 0.315742, 0.320931
0.339272, 0.339398, 0.316269, 0.321459
0.339746, 0.339892, 0.316778, 0.321969
0.34019, 0.340356, 0.317257, 0.322449
0.340623, 0.340811, 0.317725, 0.322918
0.341024, 0.341234, 0.31817, 0.323365
0.34137, 0.3416, 0.318547, 0.323742
0.341688, 0.341939, 0.318895, 0.324091
0.341977, 0.34225, 0.319214, 0.324411
0.342268, 0.342564, 0.319537, 0.324734
0.342494, 0.342811, 0.31979, 0.324987
0.34269, 0.343027, 0.32001, 0.325208
0.342868, 0.343227, 0.320213, 0.325411
0.343009, 0.343387, 0.320376, 0.325574
0.343126, 0.343525, 0.320515, 0.325712
0.343221, 0.34364, 0.320631, 0.325829
0.343292, 0.343732, 0.320722, 0.325919
0.343337, 0.343795, 0.320784, 0.32598
0.343359, 0.343837, 0.320824, 0.326019
0.34336, 0.343855, 0.320838, 0.326033
0.34333, 0.343849, 0.320826, 0.32602
0.34327, 0.343811, 0.320782, 0.325975
0.343184, 0.343746, 0.320709, 0.325901
0.34307, 0.343653, 0.320607, 0.325798
0.342943, 0.343543, 0.320489, 0.325678
0.342785, 0.343395, 0.320333, 0.325522
0.342596, 0.343201, 0.320137, 0.325324
0.342392, 0.342993, 0.319924, 0.325111
0.342182, 0.342799, 0.319719, 0.324904
0.341958, 0.34259, 0.319497, 0.324681
0.341714, 0.342361, 0.319256, 0.324438
0.341436, 0.342099, 0.318979, 0.32416
0.341153, 0.34183, 0.318696, 0.323875
0.340834, 0.341524, 0.318364, 0.323541
0.340503, 0.341207, 0.318031, 0.323205
0.340161, 0.340878, 0.317685, 0.322858
0.339801, 0.34053, 0.31732, 0.322491
0.3394, 0.340142, 0.316914, 0.322083
0.33899, 0.339744, 0.316496, 0.321663
0.338606, 0.33937, 0.316105, 0.32127
0.338158, 0.338933, 0.315648, 0.320811
0.337691, 0.338476, 0.31517, 0.320332
0.337178, 0.337974, 0.314645, 0.319804
0.336671, 0.337475, 0.314125, 0.319282
0.336144, 0.336957, 0.313585, 0.318739
0.335568, 0.33639, 0.312994, 0.318146
0.33494, 0.335771, 0.312349, 0.317498
0.334352, 0.33519, 0.311744, 0.316891
0.333713, 0.334557, 0.311085, 0.31623
0.333052, 0.333902, 0.310404, 0.315546
0.332387, 0.333245, 0.30973, 0.31487
0.331738, 0.332357, 0.308947, 0.314093
0.33107, 0.331697, 0.308261, 0.313405
0.330385, 0.331018, 0.307557, 0.312698
0.329585, 0.330225, 0.306735, 0.311874
0.328822, 0.329467, 0.30595, 0.311086
0.328019, 0.328669, 0.305124, 0.310257
0.327175, 0.327829, 0.304254, 0.309385
0.326351, 0.327009, 0.303406, 0.308534
0.325442, 0.326103, 0.302469, 0.307595
0.324555, 0.325218, 0.301556, 0.306678
0.323671, 0.324336, 0.300645, 0.305765
0.32279, 0.323456, 0.299737, 0.304855
0.321915, 0.322582, 0.298835, 0.30395
0.321023, 0.32169, 0.297916, 0.303028
0.320113, 0.320779, 0.296978, 0.302088
0.319211, 0.319877, 0.296048, 0.301156
0.318215, 0.318879, 0.295022, 0.300127
0.317174, 0.317836, 0.293949, 0.299051
0.316193, 0.31685, 0.292928, 0.298027
0.315141, 0.315794, 0.291843, 0.29694
0.314097, 0.314747, 0.290768, 0.295862
0.313006, 0.313652, 0.289645, 0.294737
0.312012, 0.312653, 0.288621, 0.29371
0.310944, 0.31158, 0.287521, 0.292608
0.309888, 0.310519, 0.286434, 0.291519
0.308636, 0.309263, 0.285155, 0.290238
0.307576, 0.308197, 0.284064, 0.289145
0.306376, 0.306991, 0.282831, 0.287909
0.30519, 0.305797, 0.28161, 0.286686
0.303953, 0.304553, 0.280339, 0.285412
0.302763, 0.303355, 0.279115, 0.284187
0.301522, 0.302106, 0.277841, 0.28291
0.300264, 0.300839, 0.276549, 0.281615
0.298954, 0.29952, 0.275204, 0.280268
0.297626, 0.298182, 0.27384, 0.278903
0.296348, 0.296895, 0.272529, 0.277589
0.295159, 0.295697, 0.27131, 0.276368
0.293813, 0.29434, 0.26993, 0.274986
0.292486, 0.293, 0.26856, 0.273615
0.290995, 0.291498, 0.267034, 0.272086
0.289558, 0.290049, 0.265563, 0.270613
0.288252, 0.288733, 0.264227, 0.269275
0.286817, 0.287287, 0.262759, 0.267806
0.285326, 0.285785, 0.261235, 0.26628
0.283894, 0.284344, 0.25978, 0.264823
0.282445, 0.282884, 0.2583, 0.263342
0.28098, 0.281407, 0.256804, 0.261843
0.279538, 0.279953, 0.255332, 0.26037
0.278079, 0.278484, 0.253844, 0.258881
0.276317, 0.276707, 0.252047, 0.257082
0.274698, 0.275076, 0.250398, 0.255431
0.27323, 0.273596, 0.248902, 0.253934
0.271618, 0.271973, 0.247261, 0.252292
0.270161, 0.270505, 0.245779, 0.250808
0.26882, 0.269151, 0.244407, 0.249435
0.26738, 0.2677, 0.242943, 0.247969
0.265748, 0.266058, 0.241286, 0.246311
0.264011, 0.264308, 0.239521, 0.244544
0.262299, 0.262584, 0.237784, 0.242806
0.260478, 0.260753, 0.235943, 0.240964
0.258684, 0.258947, 0.234123, 0.239143
0.257104, 0.257356, 0.232521, 0.23754
0.255462, 0.255704, 0.230858, 0.235876
0.25371, 0.253941, 0.229083, 0.2341
0.251797, 0.252016, 0.227147, 0.232162
0.250057, 0.250266, 0.225387, 0.230402
0.248253, 0.248451, 0.223562, 0.228576
0.24653, 0.246719, 0.22182, 0.226833
0.244742, 0.244918, 0.220007, 0.225019
0.242937, 0.243104, 0.218185, 0.223196
0.241116, 0.241274, 0.216347, 0.221358
0.239176, 0.239325, 0.21439, 0.2194
0.237321, 0.237461, 0.21252, 0.217529
0.235189, 0.235321, 0.210375, 0.215384
0.233193, 0.233316, 0.208364, 0.213372
0.231339, 0.231454, 0.206497, 0.211504
0.229255, 0.229361, 0.204398, 0.209404
0.227259, 0.227357, 0.202389, 0.207395
0.225245, 0.225336, 0.200364, 0.205369
0.22327, 0.223354, 0.198377, 0.203381
0.221222, 0.221299, 0.196318, 0.201322
0.219156, 0.21926, 0.19479, 0.199808
0.217186, 0.217281, 0.19277, 0.197786
0.634998, 0.637885, 0.625494, 0.63094
0.19861, 0.19861, 0.17361, 0.17861
0.206033, 0.206033, 0.181033, 0.186033
0.210636, 0.210636, 0.185636, 0.190636
0.213793, 0.213793, 0.188793, 0.193793
0.215732, 0.215732, 0.190732, 0.195732
0.216842, 0.216842, 0.191842, 0.196842
0.217453, 0.217453, 0.192453, 0.197453
0.21778, 0.21778, 0.19278, 0.19778
0.217954, 0.217954, 0.192954, 0.197954
0.218045, 0.218045, 0.193045, 0.198045
0.192276, 0.192276, 0.167276, 0.172276
0.192024, 0.192024, 0.167024, 0.172024
0.192021, 0.192021, 0.167021, 0.172021
0.23556, 0.23556, 0.21056, 0.21556
0.237315, 0.237315, 0.212315, 0.217315
0.196777, 0.196777, 0.171777, 0.176777
0.201433, 0.201433, 0.176433, 0.181433
0.236947, 0.236947, 0.211947, 0.216947
0.237368, 0.237368, 0.212368, 0.217368
0.238081, 0.238081, 0.213081, 0.218081
0.238089, 0.238089, 0.213089, 0.218089
0.237372, 0.237372, 0.212372, 0.217372
0.237368, 0.237368, 0.212368, 0.217368
0.237367, 0.237367, 0.212367, 0.217367
0.238038, 0.238038, 0.213038, 0.218039
0.238775, 0.238777, 0.213776, 0.218778
0.23955, 0.239554, 0.214551, 0.219556
0.240402, 0.24041, 0.215403, 0.220414
0.24136, 0.241372, 0.216362, 0.221379
0.242426, 0.242444, 0.217429, 0.222454
0.243643, 0.243668, 0.218647, 0.223682
0.24503, 0.245063, 0.220036, 0.225083
0.246533, 0.246577, 0.221541, 0.226603
0.248196, 0.248249, 0.223205, 0.228283
0.250172, 0.250239, 0.225184, 0.230282
0.252338, 0.252418, 0.227352, 0.232471
0.254714, 0.254809, 0.229731, 0.234874
0.257285, 0.257395, 0.232305, 0.237475
0.260158, 0.260288, 0.235182, 0.240386
0.263218, 0.263367, 0.238246, 0.243482
0.266436, 0.266605, 0.241468, 0.24674
0.269869, 0.27006, 0.244906, 0.250224
0.273888, 0.274101, 0.248929, 0.254293
0.277859, 0.278093, 0.252905, 0.258313
0.281871, 0.282128, 0.256922, 0.26238
0.285878, 0.286157, 0.260933, 0.26644
0.289905, 0.290208, 0.264965, 0.27053
0.293961, 0.294289, 0.269026, 0.274654
0.298, 0.298352, 0.273069, 0.278759
0.302015, 0.302391, 0.277089, 0.282842
0.306059, 0.306461, 0.281137, 0.28696
0.310159, 0.310588, 0.285241, 0.291137
0.31434, 0.314798, 0.289425, 0.295405
0.318593, 0.319081, 0.293681, 0.299754
0.322864, 0.323381, 0.297957, 0.304117
0.32717, 0.327716, 0.302268, 0.308518
0.331475, 0.33205, 0.306579, 0.31292
0.335844, 0.336448, 0.310952, 0.31739
0.340267, 0.340902, 0.315381, 0.321922
0.34469, 0.345356, 0.319809, 0.326456
0.34911, 0.349806, 0.324235, 0.330986
0.353519, 0.354244, 0.328649, 0.335505
0.357893, 0.358648, 0.333026, 0.339989
0.36227, 0.363056, 0.337407, 0.344483
0.384526, 0.38537, 0.359679, 0.367004
0.400499, 0.40139, 0.375662, 0.383188
0.372139, 0.373007, 0.347282, 0.354669
0.394238, 0.39517, 0.36946, 0.377057
0.410422, 0.411403, 0.385735, 0.393456
0.422379, 0.4234, 0.397776, 0.405586
0.431658, 0.432715, 0.407161, 0.415016
0.43953, 0.440632, 0.415203, 0.423055
0.44655, 0.447686, 0.422375, 0.430198
0.452442, 0.453607, 0.428428, 0.436188
0.457429, 0.458618, 0.433576, 0.441245
0.462797, 0.46401, 0.439124, 0.446679
0.466146, 0.467378, 0.442673, 0.450058
0.468969, 0.470215, 0.445703, 0.452888
0.471391, 0.472647, 0.448336, 0.455299
0.477583, 0.478854, 0.454777, 0.461485
0.48287, 0.484152, 0.460319, 0.466746
0.488104, 0.489394, 0.465868, 0.471931
0.508187, 0.509509, 0.486347, 0.492024
0.508607, 0.509919, 0.487129, 0.492309
0.50995, 0.511253, 0.488795, 0.493745
0.511914, 0.513206, 0.491084, 0.495906
0.528938, 0.530244, 0.508535, 0.513226
0.526782, 0.528063, 0.506697, 0.511273
0.525461, 0.52672, 0.505672, 0.510151
0.539452, 0.540714, 0.520066, 0.524447
0.546133, 0.54738, 0.527134, 0.531424
0.545361, 0.546571, 0.526778, 0.531242
0.497237, 0.498332, 0.478615, 0.483629
0.499668, 0.500745, 0.481299, 0.486654
0.501845, 0.502903, 0.483708, 0.489383
0.503996, 0.505034, 0.4861, 0.492108
0.506063, 0.507079, 0.488408, 0.494752
0.507997, 0.508992, 0.490576, 0.497248
0.509942, 0.510914, 0.492772, 0.49979
0.511798, 0.512744, 0.494871, 0.502233
0.51352, 0.514441, 0.49683, 0.504525
0.515194, 0.516088, 0.498745, 0.506777
0.516776, 0.517641, 0.500564, 0.508929
0.5183, 0.519135, 0.502328, 0.511027
0.519823, 0.520626, 0.504105, 0.513152
0.521353, 0.522118, 0.505904, 0.515319
0.522473, 0.523208, 0.507234, 0.516931
0.523609, 0.524308, 0.508596, 0.518591
0.524616, 0.525281, 0.509818, 0.520091
0.525522, 0.526151, 0.510928, 0.521463
0.526308, 0.526903, 0.511911, 0.522689
0.52706, 0.527615, 0.512871, 0.523898
0.52772, 0.528234, 0.51374, 0.525005
0.528191, 0.528669, 0.514385, 0.52584
0.528541, 0.528984, 0.514888, 0.526503
0.528806, 0.529215, 0.515301, 0.52706
0.528992, 0.529364, 0.515629, 0.527519
0.529088, 0.529425, 0.51586, 0.527865
0.529095, 0.529394, 0.515997, 0.528101
0.529012, 0.529275, 0.516032, 0.528216
0.52883, 0.529054, 0.515964, 0.528212
0.528525, 0.528709, 0.515771, 0.528067
0.528129, 0.528274, 0.515472, 0.527793
0.527578, 0.52768, 0.515014, 0.52734
0.527, 0.527065, 0.514506, 0.526817
0.526311, 0.526338, 0.51388, 0.526157
0.525546, 0.525556, 0.513165, 0.525393
0.52469, 0.525227, 0.512802, 0.524724
0.523667, 0.524168, 0.511831, 0.523671
0.522484, 0.522948, 0.510689, 0.522425
0.521366, 0.521798, 0.509597, 0.521228
0.520226, 0.520628, 0.508473, 0.519992
0.518942, 0.519312, 0.507195, 0.518585
0.517573, 0.517911, 0.505823, 0.517073
0.516082, 0.516387, 0.504319, 0.515414
0.514543, 0.514948, 0.502775, 0.513712
0.512922, 0.513295, 0.501125, 0.511897
0.511173, 0.511514, 0.499337, 0.50993
0.509338, 0.509647, 0.497454, 0.507861
0.507467, 0.507744, 0.49552, 0.505736
0.505465, 0.50571, 0.49345, 0.503468
0.503433, 0.503647, 0.491343, 0.501162
0.501321, 0.501505, 0.489148, 0.498764
0.499132, 0.499286, 0.486874, 0.496286
0.496865, 0.49699, 0.484508, 0.493717
0.494827, 0.494927, 0.482376, 0.491478
0.492419, 0.49249, 0.479853, 0.488937
0.489936, 0.48998, 0.477248, 0.486307
0.48738, 0.487396, 0.474563, 0.483587
0.484751, 0.484759, 0.471791, 0.480772
0.48205, 0.482074, 0.468948, 0.477881
0.479423, 0.479461, 0.46618, 0.47506
0.476586, 0.476639, 0.463195, 0.472016
0.473681, 0.473748, 0.46013, 0.468883
0.470478, 0.470558, 0.456747, 0.465422
0.467592, 0.467685, 0.453699, 0.462299
0.464568, 0.464672, 0.450503, 0.459023
0.46132, 0.461436, 0.44707, 0.455501
0.458257, 0.458383, 0.443826, 0.452169
0.455139, 0.455275, 0.44053, 0.448784
0.451968, 0.452113, 0.437183, 0.445349
0.448656, 0.44881, 0.433682, 0.441752
0.445379, 0.445541, 0.430218, 0.438193
0.442052, 0.442221, 0.426701, 0.434581
0.438676, 0.438852, 0.423134, 0.430917
0.435253, 0.435435, 0.419512, 0.427195
0.431689, 0.431877, 0.415748, 0.423331
0.427886, 0.42808, 0.41174, 0.419219
0.424517, 0.424715, 0.408185, 0.415571
0.421501, 0.421703, 0.405004, 0.412309
0.418062, 0.418267, 0.401378, 0.408591
0.414487, 0.414696, 0.397611, 0.404732
0.410977, 0.411188, 0.393908, 0.400938
0.407434, 0.407647, 0.390178, 0.397121
0.403757, 0.403971, 0.386315, 0.393171
0.400047, 0.400263, 0.382414, 0.389184
0.396307, 0.396524, 0.378484, 0.385168
0.392643, 0.39286, 0.374635, 0.381239
0.389269, 0.389486, 0.371094, 0.377626
0.385023, 0.385239, 0.366635, 0.373078
0.381283, 0.381498, 0.362714, 0.369083
0.376981, 0.377195, 0.358214, 0.364503
0.373303, 0.373515, 0.354365, 0.360586
0.369716, 0.369927, 0.350613, 0.356771
0.365676, 0.365884, 0.34639, 0.352479
0.361838, 0.362043, 0.342375, 0.348401
0.357875, 0.358077, 0.338239, 0.344203
0.354008, 0.354208, 0.334212, 0.34012
0.350242, 0.350438, 0.330286, 0.33614
0.346577, 0.34677, 0.326468, 0.332273
0.340341, 0.340528, 0.319973, 0.325697
0.334091, 0.334271, 0.313476, 0.319127
0.327945, 0.328118, 0.307099, 0.312684
0.321685, 0.321851, 0.300606, 0.306128
0.314985, 0.315143, 0.293659, 0.299119
0.308857, 0.309007, 0.287322, 0.292732
0.302638, 0.30278, 0.280892, 0.286254
0.296557, 0.296692, 0.274611, 0.279931
0.290182, 0.290308, 0.268028, 0.273307
0.284289, 0.284407, 0.261959, 0.267205
0.278443, 0.278554, 0.255938, 0.261154
0.272546, 0.272649, 0.249869, 0.255057
0.266397, 0.266491, 0.243542, 0.248704
0.260017, 0.260104, 0.236995, 0.242133
0.254556, 0.254636, 0.231389, 0.23651
0.251058, 0.251133, 0.227787, 0.232895
0.249139, 0.249211, 0.225779, 0.230876
0.247454, 0.247522, 0.224017, 0.229106
0.245595, 0.245659, 0.222077, 0.227158
0.24361, 0.24367, 0.220004, 0.225077
0.24192, 0.241978, 0.218247, 0.223313
0.24, 0.240055, 0.216253, 0.221312
0.238222, 0.238274, 0.214408, 0.219462
0.236482, 0.236531, 0.21261, 0.217659
0.23467, 0.234716, 0.210735, 0.215779
0.232897, 0.23294, 0.208902, 0.213942
0.231108, 0.231149, 0.207055, 0.212092
0.229133, 0.229171, 0.205019, 0.210052
0.227254, 0.22729, 0.203084, 0.208113
0.225185, 0.225218, 0.200955, 0.205982
0.22333, 0.22336, 0.199049, 0.204073
0.2214, 0.221428, 0.197069, 0.20209
0.219098, 0.219123, 0.194706, 0.199724
0.217133, 0.217156, 0.192694, 0.197711
0.21491, 0.214931, 0.190421, 0.195436
0.212911, 0.21293, 0.188382, 0.193395
0.210711, 0.210728, 0.186138, 0.191149
0.208678, 0.208693, 0.184065, 0.189076
0.206629, 0.206643, 0.181979, 0.186988
0.204501, 0.204514, 0.179815, 0.184823
0.20223, 0.202241, 0.177507, 0.182514
0.200005, 0.200014, 0.175248, 0.180254
0.197761, 0.197769, 0.172973, 0.177978
0.195241, 0.195247, 0.170418, 0.175422
0.192699, 0.192704, 0.167846, 0.17285
0.190003, 0.190007, 0.165122, 0.170125
0.186683, 0.186686, 0.161774, 0.166776
0.183733, 0.183735, 0.1588, 0.163802
0.181, 0.181002, 0.156048, 0.161049
0.181, 0.181001, 0.156029, 0.161029
0.181, 0.181, 0.156013, 0.161013
0.181, 0.181, 0.156004, 0.161004
0.181, 0.181, 0.156001, 0.161001
