0.59405, 0.59411, 0.569226, 0.574291
0.605631, 0.605851, 0.581298, 0.586382
0.631916, 0.632434, 0.608744, 0.613935
0.650471, 0.651288, 0.628373, 0.633902
0.67619, 0.677633, 0.656508, 0.662164
0.682511, 0.684282, 0.664237, 0.669812
0.701419, 0.703447, 0.684765, 0.690709
0.709407, 0.71191, 0.694657, 0.701098
0.715141, 0.717859, 0.701451, 0.707666
0.719929, 0.722658, 0.706964, 0.712804
0.7163, 0.71904, 0.703675, 0.709734
0.717384, 0.719859, 0.704121, 0.710836
0.712624, 0.714993, 0.698806, 0.705344
0.699374, 0.701414, 0.684182, 0.690029
0.689279, 0.691007, 0.67282, 0.678545
0.674722, 0.676156, 0.656243, 0.662169
0.658132, 0.659013, 0.637553, 0.643048
0.635871, 0.636616, 0.613893, 0.619163
0.614186, 0.61458, 0.590725, 0.595986
0.590504, 0.590655, 0.566111, 0.571195
0.562047, 0.56206, 0.537177, 0.542204
0.571505, 0.571612, 0.547365, 0.552485
0.571625, 0.571732, 0.547486, 0.552605
0.571625, 0.571732, 0.547486, 0.552605
0.571625, 0.571732, 0.547486, 0.552605
0.571625, 0.571732, 0.547486, 0.552605
0.571625, 0.571732, 0.547486, 0.552605
0.566466, 0.566505, 0.541518, 0.54656
0.568037, 0.568123, 0.543297, 0.548343
0.577932, 0.577977, 0.553234, 0.558263
0.597591, 0.597714, 0.57348, 0.578596
0.61875, 0.619048, 0.594707, 0.599798
0.645455, 0.646108, 0.621196, 0.62591
0.665755, 0.666875, 0.641919, 0.646101
0.684781, 0.686369, 0.661415, 0.665713
0.699371, 0.70149, 0.676356, 0.67986
0.708095, 0.710536, 0.685487, 0.688899
0.718024, 0.720975, 0.695826, 0.698784
0.722111, 0.725389, 0.700049, 0.70354
0.725277, 0.728867, 0.70323, 0.707639
0.72255, 0.726076, 0.701025, 0.705067
0.717751, 0.720925, 0.69612, 0.700221
0.709491, 0.71258, 0.687822, 0.692629
0.699234, 0.701995, 0.677405, 0.682525
0.690258, 0.692621, 0.668345, 0.673033
0.673281, 0.67503, 0.650648, 0.655441
0.653903, 0.655144, 0.630768, 0.635835
0.602628, 0.603364, 0.578621, 0.583564
0.595421, 0.595737, 0.570709, 0.57574
0.574654, 0.574681, 0.54977, 0.554785
0.576969, 0.57728, 0.552587, 0.557746
0.574049, 0.574289, 0.549444, 0.554515
0.574023, 0.574263, 0.549418, 0.554489
0.574023, 0.574263, 0.549418, 0.554489
0.574023, 0.574263, 0.549418, 0.554489
0.574023, 0.574263, 0.549418, 0.554489
0.574023, 0.574263, 0.549418, 0.554489
0.570212, 0.570331, 0.545297, 0.550316
0.574283, 0.574493, 0.549523, 0.554566
0.573888, 0.57408, 0.549369, 0.554439
0.576736, 0.577047, 0.552826, 0.557895
0.575982, 0.576263, 0.552423, 0.557524
0.581915, 0.582333, 0.559586, 0.564888
0.582767, 0.583182, 0.56073, 0.565912
0.595754, 0.596441, 0.575945, 0.581213
0.602829, 0.603731, 0.584303, 0.58976
0.609672, 0.610834, 0.593123, 0.598688
0.616037, 0.617286, 0.600743, 0.606391
0.623565, 0.625157, 0.610336, 0.616251
0.632836, 0.634925, 0.62281, 0.62881
0.643678, 0.64608, 0.636537, 0.642929
0.646983, 0.64974, 0.641145, 0.647688
0.650097, 0.653048, 0.645762, 0.652042
0.661258, 0.664639, 0.660355, 0.666985
0.660975, 0.664657, 0.661162, 0.668432
0.666749, 0.670992, 0.670821, 0.677949
0.670866, 0.675112, 0.675774, 0.682958
0.677879, 0.682629, 0.686076, 0.693736
0.677327, 0.682173, 0.68619, 0.693178
0.685277, 0.690911, 0.698191, 0.705814
0.689418, 0.695224, 0.703824, 0.711906
0.689397, 0.695353, 0.70503, 0.712865
0.689796, 0.696242, 0.707028, 0.714816
0.69337, 0.69984, 0.712123, 0.721186
0.683122, 0.688408, 0.696494, 0.705748
0.657352, 0.660431, 0.655789, 0.663748
0.611032, 0.611081, 0.588166, 0.59438
0.626647, 0.628136, 0.609757, 0.615294
0.661824, 0.664396, 0.652352, 0.658975
0.662501, 0.66517, 0.654242, 0.661477
0.647609, 0.649383, 0.634874, 0.641724
0.629205, 0.630409, 0.612549, 0.618886
0.624895, 0.626088, 0.608156, 0.61448
0.624377, 0.62557, 0.607629, 0.613952
0.624331, 0.625524, 0.607582, 0.613905
0.624327, 0.62552, 0.607578, 0.613901
0.624327, 0.625519, 0.607578, 0.613901
0.624327, 0.625519, 0.607578, 0.6139
0.624327, 0.625519, 0.607578, 0.6139
0.624327, 0.625519, 0.607578, 0.6139
0.624327, 0.625519, 0.607578, 0.6139
0.624327, 0.625519, 0.607578, 0.6139
0.624327, 0.625519, 0.607578, 0.6139
0.624327, 0.625519, 0.607578, 0.6139
0.624327, 0.625519, 0.607578, 0.6139
0.624327, 0.625519, 0.607578, 0.6139
0.624327, 0.625519, 0.607578, 0.6139
0.624327, 0.625519, 0.607578, 0.6139
0.624327, 0.625519, 0.607578, 0.6139
0.624327, 0.625519, 0.607578, 0.6139
0.624327, 0.625519, 0.607578, 0.6139
0.624327, 0.625519, 0.607578, 0.6139
0.624327, 0.625519, 0.607578, 0.6139
0.624327, 0.625519, 0.607578, 0.6139
0.624327, 0.625519, 0.607578, 0.6139
0.624327, 0.625519, 0.607578, 0.6139
0.624327, 0.625519, 0.607578, 0.6139
0.624327, 0.625519, 0.607578, 0.6139
0.624327, 0.624736, 0.603079, 0.608722
0.624327, 0.624736, 0.603079, 0.608722
0.568788, 0.56891, 0.544151, 0.549205
0.57092, 0.57096, 0.546289, 0.551365
0.569708, 0.569763, 0.545007, 0.550032
0.573725, 0.573781, 0.549391, 0.55451
0.572858, 0.572922, 0.548454, 0.553509
0.575437, 0.575528, 0.551219, 0.556306
0.581126, 0.581262, 0.557317, 0.562428
0.583368, 0.583585, 0.559852, 0.564989
0.587983, 0.588259, 0.564761, 0.569915
0.594272, 0.594705, 0.57165, 0.57687
0.602085, 0.602683, 0.580127, 0.585357
0.631562, 0.632285, 0.610612, 0.615921
0.610388, 0.611009, 0.589622, 0.594991
0.629532, 0.630367, 0.609721, 0.615157
0.62708, 0.627908, 0.607797, 0.613193
0.633417, 0.634606, 0.614825, 0.620305
0.635609, 0.636987, 0.617224, 0.622764
0.641697, 0.643079, 0.624036, 0.629546
0.646443, 0.648096, 0.62927, 0.634867
0.650913, 0.652661, 0.633964, 0.639581
0.652735, 0.654642, 0.636083, 0.641656
0.658524, 0.660428, 0.642102, 0.647738
0.660927, 0.662803, 0.644446, 0.650064
0.665058, 0.667066, 0.648901, 0.654426
0.666104, 0.667962, 0.649397, 0.655005
0.67063, 0.67228, 0.653989, 0.659644
0.670646, 0.672599, 0.653557, 0.658999
0.677136, 0.679556, 0.66019, 0.665732
0.676323, 0.678457, 0.658495, 0.663866
0.677125, 0.679305, 0.658814, 0.664186
0.681387, 0.683492, 0.662485, 0.667843
0.679185, 0.68122, 0.659372, 0.664617
0.680983, 0.682769, 0.660377, 0.665571
0.684253, 0.686163, 0.662892, 0.66803
0.681791, 0.683228, 0.659234, 0.664301
0.682127, 0.683642, 0.658787, 0.663789
0.6829, 0.685032, 0.65934, 0.664078
0.684679, 0.686291, 0.660925, 0.66513
0.682413, 0.683639, 0.658936, 0.663332
0.682656, 0.68393, 0.659653, 0.664058
0.683858, 0.684698, 0.661308, 0.666019
0.678248, 0.678979, 0.655724, 0.660634
0.678754, 0.679464, 0.656741, 0.6617
0.679169, 0.680023, 0.657662, 0.662437
0.67535, 0.676256, 0.65391, 0.658872
0.673041, 0.673265, 0.651694, 0.657065
0.671326, 0.671847, 0.650303, 0.655379
0.667441, 0.667492, 0.646468, 0.651815
0.664795, 0.66503, 0.643829, 0.649173
0.661006, 0.661183, 0.640049, 0.645464
0.657008, 0.657359, 0.635697, 0.640989
0.656791, 0.656823, 0.635761, 0.641149
0.650833, 0.650907, 0.629454, 0.634812
0.647614, 0.647906, 0.626088, 0.631389
0.646928, 0.647086, 0.625624, 0.63098
0.637531, 0.637677, 0.615715, 0.620958
0.630581, 0.630916, 0.608625, 0.613891
0.629868, 0.630173, 0.60785, 0.613119
0.626147, 0.626325, 0.603788, 0.609058
0.61932, 0.619521, 0.596714, 0.601925
0.616034, 0.616185, 0.593071, 0.598212
0.605348, 0.605385, 0.582045, 0.587243
0.60132, 0.601438, 0.577791, 0.582938
0.599297, 0.599523, 0.575651, 0.580779
0.585978, 0.586093, 0.561868, 0.566941
0.584958, 0.585026, 0.560669, 0.565718
0.581597, 0.581671, 0.557144, 0.562181
0.579242, 0.579329, 0.554673, 0.559658
0.572243, 0.572287, 0.547413, 0.552423
0.568031, 0.56804, 0.543125, 0.548132
0.56776, 0.567765, 0.54283, 0.547842
0.566283, 0.566372, 0.541349, 0.546356
0.566306, 0.566368, 0.541357, 0.546368
0.566306, 0.566368, 0.541357, 0.546368
0.566306, 0.566368, 0.541357, 0.546368
0.566306, 0.566368, 0.541357, 0.546368
0.566306, 0.566368, 0.541357, 0.546368
0.566306, 0.566368, 0.541357, 0.546368
0.568196, 0.568249, 0.543293, 0.548334
0.569134, 0.5693, 0.544254, 0.549241
0.578174, 0.578424, 0.553339, 0.558326
0.600496, 0.601338, 0.576046, 0.58099
0.622469, 0.624365, 0.598753, 0.603522
0.648349, 0.652461, 0.62614, 0.63065
0.666608, 0.672505, 0.645668, 0.649499
0.686987, 0.695583, 0.667901, 0.670792
0.699222, 0.710112, 0.681592, 0.683274
0.710298, 0.722548, 0.693811, 0.693641
0.713975, 0.727114, 0.698376, 0.696053
0.720083, 0.735015, 0.706209, 0.701541
0.720855, 0.735944, 0.708075, 0.701547
0.71696, 0.731244, 0.704351, 0.698231
0.712987, 0.726033, 0.700624, 0.694939
0.703629, 0.714919, 0.690392, 0.685859
0.693198, 0.702963, 0.678752, 0.675397
0.682184, 0.690524, 0.666316, 0.664206
0.663188, 0.669168, 0.644942, 0.644768
0.618635, 0.622508, 0.598261, 0.59986
0.615645, 0.618073, 0.593556, 0.596415
0.597074, 0.597878, 0.573333, 0.577563
0.574572, 0.574625, 0.549732, 0.554738
0.571988, 0.572288, 0.547164, 0.552017
0.572311, 0.572581, 0.547601, 0.552391
0.572313, 0.572583, 0.547603, 0.552393
0.572313, 0.572583, 0.547603, 0.552393
0.572313, 0.572583, 0.547603, 0.552393
0.572313, 0.572583, 0.547603, 0.552393
0.567268, 0.567283, 0.542342, 0.547328
0.571789, 0.571941, 0.54711, 0.551993
0.581704, 0.582167, 0.557447, 0.562059
0.598284, 0.598803, 0.575135, 0.579628
0.616163, 0.617356, 0.594052, 0.597975
0.638762, 0.641125, 0.618436, 0.621425
0.657326, 0.660219, 0.638914, 0.641317
0.677522, 0.682435, 0.660395, 0.661376
0.694284, 0.700727, 0.678862, 0.678702
0.70014, 0.7075, 0.684146, 0.6835
0.710379, 0.718937, 0.693933, 0.692651
0.713992, 0.723272, 0.696524, 0.695139
0.71743, 0.72715, 0.698769, 0.698242
0.716013, 0.725851, 0.696667, 0.697715
0.713141, 0.72258, 0.693495, 0.695677
0.705818, 0.714153, 0.685589, 0.688572
0.69918, 0.707095, 0.678639, 0.682344
0.685111, 0.691043, 0.663319, 0.667723
0.671982, 0.676892, 0.649597, 0.654448
0.654331, 0.657967, 0.631313, 0.636209
0.629277, 0.631275, 0.605336, 0.610278
0.604757, 0.60587, 0.580363, 0.585365
0.573187, 0.573279, 0.548234, 0.553234
0.574923, 0.575547, 0.550419, 0.555475
0.576203, 0.577037, 0.551745, 0.556763
0.576212, 0.577046, 0.551753, 0.556772
0.576212, 0.577046, 0.551754, 0.556772
0.576212, 0.577046, 0.551754, 0.556772
0.576212, 0.577046, 0.551754, 0.556772
0.59434, 0.594395, 0.569444, 0.574499
0.609561, 0.609765, 0.585236, 0.590596
0.633614, 0.634086, 0.610244, 0.615464
0.655053, 0.655938, 0.63317, 0.638666
0.681416, 0.682817, 0.661497, 0.667258
0.69189, 0.693781, 0.673762, 0.680633
0.704097, 0.706238, 0.687883, 0.695176
0.705005, 0.70762, 0.69123, 0.697986
0.805, 0.807413, 0.794502, 0.801834
0.734061, 0.737607, 0.720901, 0.72683
0.804577, 0.806415, 0.792439, 0.799295
0.805, 0.808732, 0.811422, 0.837791
0.804727, 0.80705, 0.801093, 0.878749
0.801074, 0.801289, 0.816112, 0.912446
0.804715, 0.809148, 0.790885, 0.871704
0.805, 0.805987, 0.802922, 0.80454
0.805, 0.80699, 0.817133, 0.901282
0.804434, 0.807638, 0.791931, 0.885781
0.803149, 0.803461, 0.810462, 0.807201
0.805, 0.807547, 0.789759, 0.835324
0.778854, 0.780918, 0.770975, 0.790411
0.784943, 0.78702, 0.777166, 0.796742
0.784289, 0.786365, 0.776502, 0.796062
0.784275, 0.786351, 0.776487, 0.796048
0.596435, 0.596517, 0.57175, 0.576838
0.606, 0.606262, 0.581832, 0.586935
0.630965, 0.631417, 0.6076, 0.612964
0.653173, 0.654052, 0.631283, 0.637562
0.667066, 0.668478, 0.647088, 0.653516
0.682408, 0.684323, 0.664258, 0.670253
0.690277, 0.692407, 0.673182, 0.679192
0.738924, 0.741516, 0.724345, 0.731098
0.752894, 0.755721, 0.738949, 0.746124
0.703888, 0.706046, 0.689521, 0.696474
0.794304, 0.798205, 0.783656, 0.796799
0.804815, 0.805289, 0.817502, 0.813028
0.804749, 0.810716, 0.806357, 0.852045
0.803826, 0.810209, 0.807448, 0.861629
0.803826, 0.810209, 0.807448, 0.861629
0.803826, 0.810209, 0.807448, 0.861629
0.803826, 0.810209, 0.807448, 0.861629
0.594645, 0.59475, 0.570007, 0.575102
0.604476, 0.604702, 0.580117, 0.585391
0.629672, 0.630102, 0.606146, 0.611444
0.638092, 0.638864, 0.615794, 0.621115
0.671443, 0.672785, 0.651037, 0.656637
0.681465, 0.683146, 0.66275, 0.66873
0.704645, 0.706679, 0.687794, 0.694048
0.705485, 0.70809, 0.690774, 0.69663
0.716467, 0.719235, 0.703221, 0.709372
0.720032, 0.722519, 0.706936, 0.713521
0.70738, 0.710191, 0.69463, 0.700288
0.706712, 0.709402, 0.693764, 0.700411
0.698324, 0.701104, 0.685231, 0.691391
0.723821, 0.725878, 0.709465, 0.715432
0.761551, 0.763355, 0.74531, 0.75416
0.699021, 0.700657, 0.67978, 0.687572
0.778378, 0.779241, 0.773429, 0.772009
0.590552, 0.59121, 0.56838, 0.574013
0.667898, 0.66814, 0.64701, 0.651779
0.642373, 0.642457, 0.620362, 0.625158
0.690189, 0.690556, 0.669781, 0.679978
0.791096, 0.791496, 0.779183, 0.794625
0.791717, 0.792117, 0.779815, 0.795261
0.791711, 0.792111, 0.779809, 0.795255
0.791711, 0.792111, 0.779809, 0.795255
0.589971, 0.59012, 0.566366, 0.571465
0.626453, 0.626679, 0.60637, 0.611879
0.649718, 0.649739, 0.631115, 0.636899
0.663869, 0.66398, 0.64572, 0.651681
0.645112, 0.645709, 0.622639, 0.629358
0.721173, 0.722345, 0.703277, 0.713941
0.769258, 0.770703, 0.757035, 0.764117
0.703911, 0.705973, 0.679664, 0.687592
0.799942, 0.802999, 0.787777, 0.798941
0.727059, 0.729838, 0.709484, 0.717163
0.719905, 0.722962, 0.696824, 0.702178
0.793614, 0.797539, 0.781214, 0.785979
0.757148, 0.760716, 0.745148, 0.747513
0.733768, 0.736994, 0.712921, 0.716842
0.744494, 0.748033, 0.728636, 0.729659
0.797643, 0.800671, 0.790086, 0.789368
0.69137, 0.693231, 0.672109, 0.67391
0.685107, 0.68671, 0.663064, 0.66681
0.701529, 0.702963, 0.679075, 0.683586
0.729609, 0.730505, 0.711651, 0.71516
0.751916, 0.751969, 0.741627, 0.741635
0.805, 0.80564, 0.794051, 0.796666
0.649431, 0.649605, 0.627822, 0.631713
0.652268, 0.652443, 0.630679, 0.634563
0.652359, 0.652534, 0.630771, 0.634654
0.652364, 0.652538, 0.630775, 0.634659
0.652364, 0.652539, 0.630776, 0.634659
0.626698, 0.626773, 0.606607, 0.608979
0.618445, 0.61887, 0.597893, 0.600726
0.615454, 0.615709, 0.594738, 0.597724
0.687083, 0.687508, 0.671754, 0.672164
0.629864, 0.630208, 0.607174, 0.612209
0.705296, 0.705653, 0.690342, 0.693864
0.790795, 0.791584, 0.782756, 0.78153
0.606435, 0.607136, 0.588925, 0.593868
0.65585, 0.656903, 0.638754, 0.645804
0.625785, 0.627098, 0.609017, 0.614753
0.658105, 0.659928, 0.647377, 0.653224
0.658111, 0.660146, 0.645759, 0.652826
0.658111, 0.660147, 0.64576, 0.652827
0.658111, 0.660147, 0.64576, 0.652827
0.658111, 0.660147, 0.64576, 0.652827
0.658111, 0.660147, 0.64576, 0.652827
0.597295, 0.597416, 0.572648, 0.577691
0.607656, 0.607884, 0.583393, 0.588694
0.624954, 0.625429, 0.60168, 0.606996
0.652109, 0.652916, 0.629976, 0.635487
0.666452, 0.667762, 0.64609, 0.651549
0.684985, 0.686704, 0.666402, 0.672271
0.700042, 0.702029, 0.682956, 0.689018
0.706678, 0.709011, 0.691181, 0.697119
0.713986, 0.716646, 0.700296, 0.706501
0.718331, 0.721012, 0.70524, 0.712097
0.720734, 0.723281, 0.707779, 0.714454
0.717908, 0.720445, 0.705069, 0.710941
0.709033, 0.711338, 0.695097, 0.701039
0.70552, 0.70748, 0.690657, 0.697149
0.690585, 0.692168, 0.673981, 0.680265
0.668648, 0.670161, 0.650236, 0.655753
0.65818, 0.659191, 0.637847, 0.643418
0.638577, 0.639316, 0.616802, 0.622248
0.616634, 0.617028, 0.593437, 0.598618
0.592668, 0.592839, 0.568222, 0.573306
0.572204, 0.572254, 0.547366, 0.552407
0.568741, 0.568862, 0.544234, 0.549322
0.570001, 0.570107, 0.545665, 0.550761
0.570001, 0.570106, 0.545664, 0.55076
0.570001, 0.570106, 0.545664, 0.55076
0.570001, 0.570106, 0.545664, 0.55076
0.570001, 0.570106, 0.545664, 0.55076
0.56856, 0.568584, 0.54361, 0.548614
0.570417, 0.570545, 0.545969, 0.551015
0.578873, 0.578907, 0.554323, 0.559376
0.600967, 0.601129, 0.576752, 0.581821
0.612708, 0.612984, 0.588826, 0.593882
0.643235, 0.643833, 0.619514, 0.624393
0.666477, 0.667556, 0.642667, 0.647213
0.68419, 0.685779, 0.660644, 0.66463
0.703769, 0.705984, 0.681362, 0.685238
0.707324, 0.70985, 0.684262, 0.687821
0.713505, 0.716364, 0.690671, 0.694591
0.727804, 0.731085, 0.70657, 0.709553
0.724458, 0.728072, 0.703355, 0.7067
0.722522, 0.726019, 0.700222, 0.70501
0.71833, 0.721656, 0.696563, 0.701608
0.709292, 0.712288, 0.687562, 0.691811
0.704804, 0.707599, 0.68313, 0.687572
0.687325, 0.689671, 0.665071, 0.670112
0.671432, 0.673187, 0.648663, 0.653631
0.645428, 0.646611, 0.621782, 0.626622
0.630695, 0.631282, 0.606678, 0.611526
0.594579, 0.594825, 0.569804, 0.574818
0.576754, 0.576834, 0.551855, 0.557045
0.577685, 0.577983, 0.552963, 0.558006
0.577282, 0.577587, 0.552449, 0.557434
0.577278, 0.577583, 0.552444, 0.55743
0.577278, 0.577583, 0.552444, 0.55743
0.577278, 0.577583, 0.552444, 0.55743
0.577278, 0.577583, 0.552444, 0.55743
0.577278, 0.577583, 0.552444, 0.55743
0.570879, 0.571011, 0.546175, 0.551235
0.575446, 0.575691, 0.550917, 0.555972
0.574956, 0.575252, 0.550799, 0.555911
0.574094, 0.574362, 0.550166, 0.555269
0.576625, 0.576902, 0.553197, 0.558385
0.584588, 0.584964, 0.562798, 0.568092
0.586982, 0.58749, 0.565558, 0.570746
0.594624, 0.595363, 0.574775, 0.580093
0.600853, 0.601683, 0.581924, 0.587343
0.609512, 0.610721, 0.59275, 0.598352
0.618552, 0.619877, 0.603636, 0.609268
0.623652, 0.62529, 0.610665, 0.616565
0.632384, 0.634322, 0.621778, 0.627962
0.637661, 0.639869, 0.629208, 0.635177
0.647132, 0.649899, 0.641204, 0.647691
0.647092, 0.649989, 0.641931, 0.6481
0.659944, 0.663418, 0.658765, 0.665539
0.660999, 0.664647, 0.660918, 0.667725
0.664121, 0.66802, 0.666902, 0.673972
0.67202, 0.676244, 0.676927, 0.684275
0.673389, 0.677875, 0.679852, 0.686623
0.674724, 0.679452, 0.683058, 0.690367
0.682921, 0.688148, 0.694205, 0.702378
0.683319, 0.688847, 0.695496, 0.702847
0.688309, 0.69428, 0.703941, 0.711553
0.692418, 0.698581, 0.709028, 0.717114
0.693545, 0.700164, 0.712182, 0.719697
0.695739, 0.702271, 0.715151, 0.723818
0.687489, 0.693131, 0.701809, 0.711268
0.659102, 0.662184, 0.657422, 0.665303
0.613257, 0.613281, 0.589501, 0.596098
0.620664, 0.622169, 0.604054, 0.609761
0.662804, 0.665413, 0.653209, 0.65988
0.665587, 0.668347, 0.658085, 0.665393
0.647705, 0.649455, 0.634722, 0.641562
0.63087, 0.632191, 0.614519, 0.620858
0.627124, 0.628436, 0.610699, 0.617026
0.626689, 0.627999, 0.610255, 0.616581
0.62665, 0.62796, 0.610216, 0.616541
0.626646, 0.627957, 0.610212, 0.616538
0.626646, 0.627957, 0.610212, 0.616538
0.626646, 0.627957, 0.610212, 0.616538
0.626646, 0.627957, 0.610212, 0.616538
0.626646, 0.627957, 0.610212, 0.616538
0.626646, 0.627957, 0.610212, 0.616538
0.626646, 0.627957, 0.610212, 0.616538
0.626646, 0.627957, 0.610212, 0.616538
0.626646, 0.627957, 0.610212, 0.616538
0.626646, 0.627957, 0.610212, 0.616538
0.626646, 0.627957, 0.610212, 0.616538
0.626646, 0.627957, 0.610212, 0.616538
0.626646, 0.627957, 0.610212, 0.616538
0.626646, 0.627957, 0.610212, 0.616538
0.626646, 0.627957, 0.610212, 0.616538
0.626646, 0.627957, 0.610212, 0.616538
0.626646, 0.627957, 0.610212, 0.616538
0.626646, 0.627957, 0.610212, 0.616538
0.626646, 0.627957, 0.610212, 0.616538
0.626646, 0.627957, 0.610212, 0.616538
0.626646, 0.627957, 0.610212, 0.616538
0.626646, 0.627957, 0.610212, 0.616538
0.626646, 0.62729, 0.605476, 0.611091
0.626646, 0.62729, 0.605476, 0.611091
0.566965, 0.566983, 0.542226, 0.547261
0.557063, 0.557119, 0.532486, 0.537546
0.569516, 0.569519, 0.544781, 0.549811
0.573175, 0.573263, 0.548736, 0.553824
0.572604, 0.572661, 0.548007, 0.553129
0.579035, 0.579118, 0.554796, 0.559874
0.576968, 0.577099, 0.552818, 0.557873
0.583183, 0.58325, 0.55947, 0.564594
0.590544, 0.590761, 0.567448, 0.572629
0.595899, 0.59627, 0.573335, 0.578551
0.600642, 0.601148, 0.578495, 0.583731
0.605589, 0.606134, 0.583826, 0.589057
0.642326, 0.643134, 0.621521, 0.626808
0.614155, 0.614964, 0.59368, 0.599064
0.623322, 0.624333, 0.603212, 0.608557
0.631075, 0.632351, 0.611968, 0.617438
0.633849, 0.635052, 0.615109, 0.620666
0.64178, 0.643271, 0.623611, 0.629074
0.641997, 0.643596, 0.623957, 0.629458
0.650997, 0.652666, 0.633531, 0.639095
0.650449, 0.652115, 0.633145, 0.638708
0.654908, 0.656711, 0.637613, 0.643157
0.659538, 0.661113, 0.642415, 0.647968
0.658411, 0.659951, 0.640958, 0.646433
0.667245, 0.669219, 0.650315, 0.655949
0.666815, 0.66851, 0.649257, 0.654647
0.669396, 0.671383, 0.65173, 0.657154
0.672024, 0.674241, 0.654253, 0.659801
0.672554, 0.67475, 0.654313, 0.659684
0.675433, 0.677399, 0.65652, 0.661937
0.676921, 0.678716, 0.657265, 0.662552
0.675994, 0.678021, 0.655746, 0.660945
0.681149, 0.682958, 0.660182, 0.665395
0.679676, 0.681001, 0.657558, 0.662641
0.679546, 0.681217, 0.656884, 0.661919
0.683997, 0.685725, 0.660587, 0.665542
0.683222, 0.684741, 0.659224, 0.663874
0.680659, 0.682317, 0.656929, 0.661064
0.683221, 0.684347, 0.659871, 0.664293
0.679863, 0.680753, 0.656786, 0.661438
0.678829, 0.679652, 0.656047, 0.660853
0.679883, 0.680489, 0.657613, 0.662492
0.6789, 0.679587, 0.656917, 0.661833
0.677057, 0.677881, 0.655347, 0.660299
0.675307, 0.675796, 0.653941, 0.658953
0.671884, 0.672177, 0.650453, 0.655756
0.667337, 0.66751, 0.646052, 0.65143
0.668556, 0.668773, 0.647698, 0.653127
0.663238, 0.663312, 0.642216, 0.647565
0.66129, 0.661318, 0.640266, 0.645585
0.659413, 0.659444, 0.638372, 0.643747
0.655258, 0.655484, 0.634134, 0.63949
0.650993, 0.651074, 0.629611, 0.634922
0.648586, 0.648614, 0.627338, 0.63266
0.643604, 0.64372, 0.622125, 0.627409
0.637074, 0.637155, 0.615235, 0.620519
0.631879, 0.632066, 0.609848, 0.615095
0.631044, 0.631173, 0.608934, 0.614175
0.622321, 0.622584, 0.59978, 0.605
0.616934, 0.617115, 0.593994, 0.599137
0.613819, 0.614002, 0.590771, 0.595913
0.603899, 0.603946, 0.58044, 0.585592
0.603105, 0.603306, 0.579638, 0.584768
0.595318, 0.595471, 0.571468, 0.576559
0.586763, 0.586889, 0.562629, 0.567698
0.584584, 0.584593, 0.560214, 0.565267
0.579676, 0.579756, 0.555226, 0.5603
0.577713, 0.577818, 0.553105, 0.558117
0.578429, 0.578444, 0.553622, 0.558635
0.570085, 0.57022, 0.545223, 0.550158
0.568781, 0.568803, 0.543912, 0.548935
0.565689, 0.5657, 0.540703, 0.545716
0.565728, 0.565747, 0.540747, 0.545735
0.565728, 0.565747, 0.540747, 0.545735
0.565728, 0.565747, 0.540747, 0.545735
0.565728, 0.565747, 0.540747, 0.545735
0.565728, 0.565747, 0.540747, 0.545735
0.565728, 0.565747, 0.540747, 0.545735
0.515183, 0.515245, 0.490242, 0.49528
0.567893, 0.56809, 0.543019, 0.548015
0.57693, 0.57712, 0.552056, 0.557067
0.601767, 0.602513, 0.577308, 0.582263
0.621718, 0.623493, 0.59789, 0.6027
0.649584, 0.653717, 0.627371, 0.631929
0.671121, 0.677222, 0.650202, 0.654066
0.686417, 0.695294, 0.667479, 0.670327
0.698056, 0.708829, 0.680367, 0.681977
0.711248, 0.723911, 0.695173, 0.694906
0.716584, 0.73011, 0.701304, 0.698836
0.71913, 0.733953, 0.705081, 0.700557
0.722858, 0.738304, 0.710267, 0.703726
0.718301, 0.732457, 0.706322, 0.699919
0.711863, 0.725218, 0.699671, 0.69373
0.705816, 0.716575, 0.692655, 0.688555
0.68937, 0.698814, 0.674435, 0.671564
0.68071, 0.688032, 0.664557, 0.663083
0.658984, 0.664273, 0.640289, 0.640573
0.627827, 0.631279, 0.606863, 0.608788
0.612395, 0.614298, 0.589684, 0.593009
0.588376, 0.588775, 0.564117, 0.568714
0.57067, 0.570818, 0.545757, 0.550695
0.572707, 0.573032, 0.547959, 0.552747
0.572711, 0.573036, 0.547963, 0.552751
0.572711, 0.573036, 0.547963, 0.552751
0.572711, 0.573036, 0.547963, 0.552751
0.572711, 0.573036, 0.547963, 0.552751
0.572711, 0.573036, 0.547963, 0.552751
0.569074, 0.569156, 0.544178, 0.54914
0.567511, 0.567607, 0.54289, 0.547778
0.586574, 0.586967, 0.562622, 0.56725
0.600774, 0.601472, 0.57782, 0.58216
0.638009, 0.639606, 0.616872, 0.620428
0.645296, 0.64799, 0.625735, 0.628448
0.667272, 0.671309, 0.649085, 0.650779
0.68188, 0.687229, 0.665046, 0.665756
0.694957, 0.701539, 0.679083, 0.678853
0.705431, 0.713519, 0.689594, 0.688416
0.716063, 0.725494, 0.699772, 0.698008
0.71515, 0.724645, 0.697065, 0.69587
0.719012, 0.728831, 0.700042, 0.699984
0.717481, 0.727363, 0.698282, 0.699716
0.709206, 0.718175, 0.689265, 0.691911
0.706178, 0.714844, 0.685906, 0.68945
0.69193, 0.699173, 0.670905, 0.675321
0.682526, 0.688194, 0.660652, 0.665152
0.659029, 0.663379, 0.636297, 0.641315
0.648604, 0.651367, 0.625109, 0.630139
0.614116, 0.615584, 0.589864, 0.594897
0.59479, 0.595026, 0.569917, 0.574944
0.572759, 0.572943, 0.547897, 0.552907
0.575808, 0.576615, 0.551328, 0.556341
0.575802, 0.576609, 0.551322, 0.556335
0.575802, 0.576609, 0.551322, 0.556335
0.575802, 0.576609, 0.551322, 0.556335
0.575802, 0.576609, 0.551322, 0.556335
0.575802, 0.576609, 0.551322, 0.556335
0.594073, 0.594097, 0.569146, 0.574215
0.606113, 0.606266, 0.58155, 0.586697
0.628773, 0.62932, 0.60543, 0.610698
0.663328, 0.66435, 0.641972, 0.647771
0.683183, 0.684649, 0.663451, 0.669266
0.679113, 0.680923, 0.6611, 0.66787
0.690515, 0.692349, 0.674079, 0.679768
0.804996, 0.807943, 0.792142, 0.798348
0.706368, 0.709498, 0.692024, 0.699964
0.804792, 0.806494, 0.795147, 0.802855
0.802221, 0.806528, 0.792084, 0.799761
0.72124, 0.723287, 0.707397, 0.714487
0.804992, 0.805597, 0.791587, 0.807199
0.616244, 0.616285, 0.591505, 0.597065
0.693227, 0.693239, 0.669274, 0.68582
0.717576, 0.718339, 0.694899, 0.718432
0.804923, 0.805662, 0.787297, 0.794049
0.804588, 0.806863, 0.797572, 0.853825
0.804588, 0.806863, 0.797572, 0.853825
0.804588, 0.806863, 0.797572, 0.853825
0.804588, 0.806863, 0.797572, 0.853825
0.804588, 0.806863, 0.797572, 0.853825
0.596181, 0.596237, 0.571405, 0.576504
0.606151, 0.606418, 0.581923, 0.587234
0.629859, 0.630316, 0.606595, 0.611919
0.652276, 0.653106, 0.630261, 0.635687
0.670254, 0.671608, 0.650211, 0.655692
0.686362, 0.688024, 0.667727, 0.673619
0.697473, 0.699432, 0.680523, 0.686379
0.708575, 0.711145, 0.693591, 0.699564
0.715591, 0.718203, 0.701949, 0.707892
0.718072, 0.720699, 0.704877, 0.711089
0.717905, 0.720559, 0.705045, 0.711575
0.717201, 0.719744, 0.704351, 0.710686
0.707579, 0.70995, 0.693395, 0.699258
0.700746, 0.702872, 0.685544, 0.691382
0.682909, 0.684614, 0.665668, 0.671933
0.685787, 0.687252, 0.667036, 0.672695
0.660217, 0.661268, 0.639888, 0.645245
0.637145, 0.637865, 0.615198, 0.620669
0.615606, 0.616012, 0.59225, 0.597511
0.590391, 0.590541, 0.566069, 0.571205
0.57192, 0.572, 0.547236, 0.552245
0.567518, 0.567574, 0.542898, 0.547956
0.567517, 0.567573, 0.542896, 0.547955
0.567517, 0.567573, 0.542896, 0.547955
0.567517, 0.567573, 0.542896, 0.547955
0.567517, 0.567573, 0.542896, 0.547955
0.567517, 0.567573, 0.542896, 0.547955
0.566597, 0.566633, 0.541755, 0.546779
0.566905, 0.56694, 0.54214, 0.547184
0.582251, 0.582314, 0.557596, 0.56262
0.602058, 0.602276, 0.577796, 0.582827
0.630589, 0.63096, 0.606695, 0.611681
0.639193, 0.639874, 0.615205, 0.619921
0.668145, 0.669223, 0.644204, 0.648261
0.690092, 0.691746, 0.666765, 0.670734
0.704345, 0.70664, 0.681902, 0.684951
0.710009, 0.712711, 0.687561, 0.69068
0.719095, 0.722183, 0.696186, 0.700477
0.722976, 0.726393, 0.700812, 0.704967
0.723093, 0.72638, 0.701934, 0.705433
0.724041, 0.727651, 0.702821, 0.706754
0.71786, 0.721467, 0.696384, 0.701216
0.709281, 0.712375, 0.68761, 0.692673
0.699489, 0.702306, 0.677656, 0.682328
0.684541, 0.686597, 0.662248, 0.666972
0.665567, 0.667054, 0.642561, 0.647373
0.642649, 0.643679, 0.618788, 0.623756
0.603525, 0.604128, 0.57934, 0.584278
0.582973, 0.583097, 0.558177, 0.563156
0.572454, 0.572557, 0.547803, 0.552928
0.57664, 0.576934, 0.552178, 0.557272
0.576615, 0.576909, 0.552154, 0.557248
0.576615, 0.576909, 0.552154, 0.557248
0.576615, 0.576909, 0.552154, 0.557248
0.576615, 0.576909, 0.552154, 0.557248
0.576615, 0.576909, 0.552154, 0.557248
0.566606, 0.566646, 0.541837, 0.546859
0.573317, 0.573493, 0.548458, 0.553528
0.574114, 0.574336, 0.549634, 0.554734
0.573477, 0.573697, 0.549079, 0.554145
0.573425, 0.573606, 0.549321, 0.554485
0.584341, 0.584719, 0.561382, 0.566565
0.580559, 0.580979, 0.558016, 0.563197
0.58666, 0.587121, 0.565243, 0.570478
0.598997, 0.599775, 0.579437, 0.584766
0.601092, 0.601987, 0.582682, 0.588166
0.610305, 0.611506, 0.593457, 0.599045
0.621304, 0.622733, 0.606899, 0.612537
0.628082, 0.629808, 0.615513, 0.621298
0.633706, 0.635803, 0.623653, 0.629614
0.642409, 0.644866, 0.634942, 0.641561
0.646819, 0.649525, 0.641222, 0.64751
0.652579, 0.655697, 0.649171, 0.655744
0.662755, 0.666338, 0.662554, 0.669634
0.661553, 0.66528, 0.662245, 0.669206
0.667186, 0.671299, 0.671058, 0.678216
0.672293, 0.676676, 0.677662, 0.68522
0.676044, 0.680788, 0.684811, 0.692318
0.677761, 0.682821, 0.686871, 0.694098
0.684707, 0.689962, 0.696875, 0.704818
0.687058, 0.692781, 0.70115, 0.709095
0.686944, 0.693144, 0.702503, 0.710279
0.689864, 0.696206, 0.70733, 0.715572
0.694207, 0.700951, 0.714141, 0.723404
0.68252, 0.687952, 0.696431, 0.705784
0.655564, 0.658492, 0.653328, 0.661431
0.608626, 0.608698, 0.585885, 0.591941
0.633631, 0.635277, 0.617315, 0.622941
0.66951, 0.672198, 0.661037, 0.667885
0.664157, 0.666957, 0.656394, 0.66359
0.646222, 0.64793, 0.632999, 0.639791
0.63236, 0.633777, 0.616594, 0.623033
0.629581, 0.630991, 0.61376, 0.620191
0.629272, 0.630681, 0.613445, 0.619875
0.629243, 0.630652, 0.613416, 0.619846
0.629241, 0.63065, 0.613413, 0.619843
0.62924, 0.63065, 0.613413, 0.619843
0.62924, 0.63065, 0.613413, 0.619843
0.62924, 0.63065, 0.613413, 0.619843
0.62924, 0.63065, 0.613413, 0.619843
0.62924, 0.63065, 0.613413, 0.619843
0.62924, 0.63065, 0.613413, 0.619843
0.62924, 0.63065, 0.613413, 0.619843
0.62924, 0.63065, 0.613413, 0.619843
0.62924, 0.63065, 0.613413, 0.619843
0.62924, 0.63065, 0.613413, 0.619843
0.62924, 0.63065, 0.613413, 0.619843
0.62924, 0.63065, 0.613413, 0.619843
0.62924, 0.63065, 0.613413, 0.619843
0.62924, 0.63065, 0.613413, 0.619843
0.62924, 0.63065, 0.613413, 0.619843
0.62924, 0.63065, 0.613413, 0.619843
0.62924, 0.63065, 0.613413, 0.619843
0.62924, 0.63065, 0.613413, 0.619843
0.62924, 0.63065, 0.613413, 0.619843
0.62924, 0.63065, 0.613413, 0.619843
0.62924, 0.63065, 0.613413, 0.619843
0.62924, 0.629929, 0.608457, 0.614149
0.62924, 0.629929, 0.608457, 0.614149
0.568205, 0.568379, 0.543679, 0.548742
0.570105, 0.570108, 0.545485, 0.550549
0.569422, 0.569446, 0.544701, 0.54974
0.571989, 0.57206, 0.547482, 0.552545
0.573332, 0.573373, 0.549003, 0.554111
0.574898, 0.574952, 0.550609, 0.555675
0.581897, 0.582214, 0.558328, 0.56347
0.584134, 0.584247, 0.560634, 0.565836
0.590304, 0.590682, 0.567302, 0.572468
0.596706, 0.597048, 0.574237, 0.579427
0.601789, 0.602089, 0.579761, 0.584943
0.60904, 0.609521, 0.587706, 0.593029
0.612784, 0.613533, 0.592056, 0.597434
0.619473, 0.620325, 0.599249, 0.60458
0.624256, 0.625134, 0.604528, 0.60992
0.630517, 0.631761, 0.611526, 0.616989
0.635741, 0.636849, 0.617146, 0.622571
0.640031, 0.641511, 0.622066, 0.627597
0.647908, 0.649566, 0.63081, 0.636424
0.648052, 0.649955, 0.630818, 0.636312
0.654102, 0.655949, 0.637267, 0.64291
0.655517, 0.657203, 0.638921, 0.644553
0.660402, 0.662114, 0.643665, 0.649256
0.66668, 0.668435, 0.650356, 0.655966
0.664417, 0.666213, 0.647668, 0.653217
0.670209, 0.672004, 0.653454, 0.659099
0.669953, 0.671715, 0.652574, 0.658098
0.673544, 0.675589, 0.656265, 0.661732
0.675861, 0.678087, 0.657931, 0.66337
0.677311, 0.679172, 0.658661, 0.664027
0.678735, 0.680789, 0.659723, 0.664999
0.680828, 0.682767, 0.660959, 0.666224
0.683218, 0.684796, 0.662465, 0.667662
0.681362, 0.682969, 0.659738, 0.664826
0.681627, 0.683206, 0.659123, 0.664168
0.684926, 0.686542, 0.661629, 0.666622
0.683084, 0.684776, 0.65921, 0.663933
0.682862, 0.684343, 0.659052, 0.663316
0.684418, 0.685519, 0.661014, 0.665424
0.682896, 0.684095, 0.659919, 0.664386
0.679878, 0.680702, 0.657092, 0.661905
0.680093, 0.680779, 0.657784, 0.662615
0.677597, 0.678305, 0.655471, 0.660361
0.674795, 0.675509, 0.652916, 0.657953
0.674767, 0.675541, 0.653371, 0.65821
0.672234, 0.672497, 0.650848, 0.656151
0.666282, 0.666372, 0.644871, 0.650204
0.667622, 0.667716, 0.64651, 0.651873
0.664453, 0.66449, 0.643364, 0.648729
0.659967, 0.660081, 0.638955, 0.644267
0.658476, 0.658818, 0.637339, 0.642586
0.655713, 0.655773, 0.634652, 0.640048
0.650712, 0.650782, 0.629372, 0.634685
0.646863, 0.646948, 0.625461, 0.630794
0.644087, 0.644191, 0.622477, 0.627777
0.638983, 0.639037, 0.617186, 0.622453
0.627161, 0.627472, 0.605134, 0.610392
0.629493, 0.629663, 0.60732, 0.61255
0.625076, 0.625187, 0.602547, 0.607783
0.615866, 0.615989, 0.593001, 0.598155
0.613653, 0.613743, 0.590535, 0.595715
0.608443, 0.608629, 0.585269, 0.590449
0.598214, 0.598259, 0.574571, 0.579673
0.596323, 0.596512, 0.572552, 0.577676
0.5896, 0.589726, 0.565511, 0.57053
0.585769, 0.585894, 0.561547, 0.566635
0.581746, 0.581799, 0.557261, 0.562259
0.577895, 0.57793, 0.553348, 0.558393
0.570352, 0.570388, 0.545555, 0.550567
0.569008, 0.569051, 0.54412, 0.549105
0.56633, 0.566342, 0.541354, 0.546349
0.565407, 0.56542, 0.540415, 0.545413
0.566643, 0.566732, 0.541745, 0.546754
0.566644, 0.566733, 0.541746, 0.546755
0.566644, 0.566733, 0.541746, 0.546755
0.566644, 0.566733, 0.541746, 0.546755
0.566644, 0.566733, 0.541746, 0.546755
0.566644, 0.566733, 0.541746, 0.546755
0.569421, 0.569638, 0.544677, 0.549693
0.569435, 0.569526, 0.544511, 0.549502
0.581649, 0.581936, 0.556863, 0.561859
0.601494, 0.602384, 0.577094, 0.582039
0.627504, 0.629941, 0.604114, 0.608885
0.652844, 0.657395, 0.630892, 0.635441
0.674844, 0.681581, 0.654479, 0.658234
0.689823, 0.699063, 0.671043, 0.673717
0.703977, 0.715324, 0.686737, 0.688046
0.710703, 0.724281, 0.695128, 0.694472
0.718888, 0.733265, 0.704194, 0.70114
0.721537, 0.736085, 0.707692, 0.702376
0.719413, 0.733787, 0.706574, 0.700506
0.71551, 0.72862, 0.703062, 0.697461
0.710983, 0.723274, 0.698745, 0.693349
0.700868, 0.711604, 0.687543, 0.683309
0.69123, 0.700189, 0.676511, 0.673727
0.673701, 0.680868, 0.656719, 0.655594
0.651565, 0.656274, 0.632451, 0.633221
0.62478, 0.628052, 0.603594, 0.605747
0.612143, 0.613993, 0.5894, 0.592743
0.622669, 0.623089, 0.598328, 0.602913
0.553168, 0.553434, 0.52833, 0.533201
0.57123, 0.571445, 0.546388, 0.551236
0.570778, 0.570993, 0.545936, 0.550785
0.570776, 0.570991, 0.545935, 0.550783
0.570776, 0.570991, 0.545935, 0.550783
0.570776, 0.570991, 0.545935, 0.550783
0.570776, 0.570991, 0.545935, 0.550783
0.569786, 0.569996, 0.544901, 0.549797
0.574217, 0.574407, 0.549591, 0.554416
0.588405, 0.588846, 0.564563, 0.569173
0.604546, 0.605432, 0.581791, 0.586012
0.625714, 0.627329, 0.604544, 0.608106
0.647311, 0.650067, 0.627677, 0.630339
0.669278, 0.673073, 0.651629, 0.653408
0.684713, 0.690239, 0.668443, 0.668884
0.70049, 0.707755, 0.684931, 0.68425
0.706451, 0.714799, 0.690554, 0.689278
0.715014, 0.724371, 0.698266, 0.696622
0.719055, 0.729518, 0.700735, 0.699923
0.718865, 0.72922, 0.699863, 0.700416
0.716367, 0.726481, 0.697128, 0.698837
0.708221, 0.716719, 0.688118, 0.690842
0.700451, 0.708288, 0.679895, 0.683444
0.690109, 0.696948, 0.668831, 0.673104
0.677129, 0.682589, 0.655044, 0.65977
0.662351, 0.666569, 0.639681, 0.644592
0.642578, 0.645279, 0.619016, 0.623959
0.615655, 0.617166, 0.591462, 0.596464
0.590498, 0.590763, 0.565644, 0.570661
0.568576, 0.568737, 0.543735, 0.548765
0.579036, 0.579902, 0.554594, 0.559608
0.578625, 0.579491, 0.554183, 0.559197
0.578619, 0.579485, 0.554177, 0.559191
0.578619, 0.579485, 0.554177, 0.559191
0.578619, 0.579485, 0.554177, 0.559191
0.578619, 0.579485, 0.554177, 0.559191
0.580796, 0.580815, 0.555801, 0.560819
0.600611, 0.600757, 0.575883, 0.581045
0.630301, 0.630713, 0.606238, 0.611524
0.647503, 0.648255, 0.624952, 0.630505
0.676441, 0.677727, 0.655964, 0.661594
0.696983, 0.698986, 0.679399, 0.686608
0.70407, 0.706536, 0.68897, 0.69563
0.713232, 0.715728, 0.700416, 0.706777
0.71647, 0.719422, 0.704759, 0.711326
0.721069, 0.724127, 0.709425, 0.715638
0.720737, 0.723186, 0.708864, 0.71519
0.715689, 0.718066, 0.702197, 0.708293
0.706969, 0.709132, 0.691628, 0.697654
0.699146, 0.700914, 0.682795, 0.68879
0.672893, 0.674393, 0.654411, 0.660243
0.666152, 0.667487, 0.646854, 0.652651
0.655686, 0.656616, 0.634822, 0.640686
0.633684, 0.634478, 0.611652, 0.617055
0.611337, 0.611858, 0.588352, 0.59377
0.593485, 0.593711, 0.569819, 0.575068
0.571184, 0.571236, 0.546491, 0.551547
0.569574, 0.56967, 0.545126, 0.550212
0.569578, 0.569675, 0.545131, 0.550216
0.569578, 0.569675, 0.545131, 0.550216
0.569578, 0.569675, 0.545131, 0.550216
0.569578, 0.569675, 0.545131, 0.550216
0.569578, 0.569675, 0.545131, 0.550216
0.567941, 0.567985, 0.543045, 0.548033
0.566712, 0.566738, 0.541965, 0.547003
0.573153, 0.573163, 0.548525, 0.553587
0.588561, 0.588567, 0.564178, 0.569308
0.617386, 0.617552, 0.593589, 0.598752
0.638544, 0.638895, 0.615023, 0.620207
0.664282, 0.665112, 0.640978, 0.646189
0.687918, 0.689393, 0.66464, 0.669615
0.705694, 0.708428, 0.683341, 0.687343
0.719239, 0.722466, 0.697227, 0.700331
0.726856, 0.730718, 0.705056, 0.708792
0.730791, 0.734719, 0.709434, 0.713401
0.724475, 0.728373, 0.702745, 0.707595
0.719845, 0.722957, 0.698567, 0.703515
0.713763, 0.716563, 0.692069, 0.69646
0.700644, 0.703359, 0.67789, 0.682714
0.694745, 0.696613, 0.672226, 0.676907
0.680765, 0.682605, 0.657465, 0.662423
0.667453, 0.668988, 0.644282, 0.649045
0.653562, 0.654967, 0.629715, 0.634613
0.636961, 0.638034, 0.613287, 0.618333
0.611102, 0.611567, 0.587008, 0.592223
0.583951, 0.584048, 0.559525, 0.564698
0.586161, 0.586666, 0.561533, 0.56663
0.586172, 0.586677, 0.561544, 0.566641
0.586172, 0.586677, 0.561544, 0.566642
0.586172, 0.586677, 0.561544, 0.566642
0.586172, 0.586677, 0.561544, 0.566642
0.586172, 0.586677, 0.561544, 0.566642
0.568328, 0.568372, 0.543358, 0.548371
0.577295, 0.577466, 0.552435, 0.557474
0.579989, 0.580295, 0.555716, 0.560838
0.582591, 0.583063, 0.558379, 0.563481
0.581286, 0.581755, 0.557271, 0.562368
0.574542, 0.574849, 0.550742, 0.555803
0.580474, 0.580797, 0.557537, 0.562673
0.587855, 0.588182, 0.565821, 0.571488
0.595033, 0.59576, 0.574814, 0.580478
0.600057, 0.600785, 0.581447, 0.587021
0.605768, 0.6069, 0.588656, 0.594376
0.620412, 0.621734, 0.605893, 0.611858
0.630501, 0.631949, 0.618561, 0.624854
0.633658, 0.63569, 0.624207, 0.630415
0.643261, 0.645768, 0.636193, 0.642522
0.647443, 0.650453, 0.642453, 0.649516
0.657197, 0.660367, 0.654304, 0.660597
0.657924, 0.661381, 0.656191, 0.662844
0.661445, 0.665428, 0.661445, 0.668583
0.668001, 0.671945, 0.671765, 0.678731
0.670276, 0.674567, 0.674513, 0.681518
0.67533, 0.679935, 0.683689, 0.691248
0.676096, 0.68056, 0.685007, 0.692736
0.683792, 0.689154, 0.696922, 0.704923
0.686284, 0.6921, 0.7004, 0.708259
0.688633, 0.694678, 0.704465, 0.712616
0.691246, 0.697687, 0.70879, 0.717029
0.696401, 0.703358, 0.716176, 0.724324
0.686744, 0.692892, 0.703823, 0.713111
0.671813, 0.676223, 0.678671, 0.68839
0.641735, 0.643576, 0.632311, 0.639728
0.573286, 0.573852, 0.550869, 0.556228
0.653809, 0.656748, 0.644756, 0.651522
0.704599, 0.709051, 0.708678, 0.717315
0.704559, 0.709609, 0.713351, 0.723176
0.699026, 0.703838, 0.7054, 0.715243
0.698212, 0.703017, 0.704538, 0.714373
0.698124, 0.702928, 0.704444, 0.714279
0.698115, 0.702919, 0.704435, 0.714269
0.698114, 0.702918, 0.704434, 0.714268
0.698114, 0.702918, 0.704434, 0.714268
0.698114, 0.702918, 0.704434, 0.714268
0.698114, 0.702918, 0.704434, 0.714268
0.698114, 0.702918, 0.704434, 0.714268
0.698114, 0.702918, 0.704434, 0.714268
0.698114, 0.702918, 0.704434, 0.714268
0.698114, 0.702918, 0.704434, 0.714268
0.698114, 0.702918, 0.704434, 0.714268
0.698114, 0.702918, 0.704434, 0.714268
0.698114, 0.702918, 0.704434, 0.714268
0.698114, 0.702918, 0.704434, 0.714268
0.698114, 0.702918, 0.704434, 0.714268
0.698114, 0.702918, 0.704434, 0.714268
0.698114, 0.702918, 0.704434, 0.714268
0.698114, 0.702918, 0.704434, 0.714268
0.698114, 0.702918, 0.704434, 0.714268
0.698114, 0.702918, 0.704434, 0.714268
0.698114, 0.702918, 0.704434, 0.714268
0.698114, 0.702918, 0.704434, 0.714268
0.698114, 0.701113, 0.688766, 0.696256
0.698114, 0.701113, 0.688766, 0.696256
0.572601, 0.572798, 0.548764, 0.553932
0.593025, 0.593717, 0.570089, 0.575377
0.593017, 0.593594, 0.570651, 0.57605
0.593835, 0.594437, 0.571536, 0.576953
0.590028, 0.59044, 0.567296, 0.572668
0.581158, 0.581375, 0.557497, 0.562638
0.570757, 0.570763, 0.546226, 0.551262
0.571555, 0.571566, 0.546849, 0.551847
0.57123, 0.571342, 0.546467, 0.551608
0.580818, 0.580823, 0.556631, 0.561792
0.590627, 0.590816, 0.567496, 0.572616
0.607192, 0.607584, 0.585819, 0.591087
0.621443, 0.622216, 0.601546, 0.606806
0.629656, 0.630783, 0.611125, 0.616758
0.634892, 0.636396, 0.617479, 0.623371
0.642421, 0.644292, 0.625562, 0.631265
0.64199, 0.643715, 0.624697, 0.630229
0.6415, 0.643308, 0.623854, 0.629346
0.644468, 0.646276, 0.62691, 0.632404
0.646327, 0.648254, 0.628978, 0.634444
0.646422, 0.648311, 0.628719, 0.634141
0.655352, 0.656721, 0.638308, 0.643838
0.65655, 0.657515, 0.639671, 0.645263
0.663714, 0.665228, 0.647375, 0.652941
0.671258, 0.672612, 0.655575, 0.66122
0.673943, 0.675284, 0.657996, 0.663618
0.675235, 0.67693, 0.658994, 0.664721
0.676903, 0.679865, 0.66073, 0.666373
0.675408, 0.678748, 0.65838, 0.663879
0.675611, 0.6782, 0.657641, 0.663104
0.675046, 0.677285, 0.655999, 0.661397
0.676773, 0.678852, 0.657278, 0.662579
0.678485, 0.680495, 0.658318, 0.663464
0.680558, 0.681567, 0.659148, 0.664264
0.682703, 0.682903, 0.660005, 0.66508
0.682457, 0.683159, 0.659107, 0.664128
0.685527, 0.687443, 0.662108, 0.666999
0.685387, 0.687825, 0.661957, 0.666321
0.68077, 0.682391, 0.657191, 0.661234
0.681871, 0.683303, 0.658721, 0.662935
0.67909, 0.681269, 0.656351, 0.66015
0.67796, 0.679906, 0.655501, 0.65954
0.678738, 0.679327, 0.65647, 0.661434
0.67435, 0.675009, 0.652565, 0.657846
0.677967, 0.678147, 0.656504, 0.661842
0.677477, 0.677573, 0.656303, 0.661728
0.672249, 0.672415, 0.65119, 0.656575
0.668383, 0.668591, 0.64755, 0.652996
0.663757, 0.66386, 0.642608, 0.647971
0.664355, 0.665202, 0.643384, 0.648296
0.660932, 0.661916, 0.639846, 0.644528
0.656188, 0.656874, 0.63494, 0.639995
0.65442, 0.65474, 0.633213, 0.638443
0.650296, 0.650367, 0.629084, 0.634431
0.648089, 0.648112, 0.626958, 0.632373
0.640436, 0.640841, 0.619112, 0.624418
0.638022, 0.638662, 0.616665, 0.622015
0.634077, 0.634316, 0.612241, 0.617529
0.625492, 0.625892, 0.60321, 0.608411
0.606119, 0.60654, 0.583241, 0.588506
0.610634, 0.61072, 0.587398, 0.592566
0.608495, 0.608593, 0.584947, 0.590321
0.603462, 0.603658, 0.579806, 0.584809
0.596097, 0.59629, 0.572217, 0.57732
0.591181, 0.591279, 0.567092, 0.5722
0.590366, 0.59043, 0.566256, 0.571366
0.586371, 0.586482, 0.562152, 0.567198
0.586079, 0.586151, 0.561719, 0.566871
0.578599, 0.578656, 0.553939, 0.559141
0.573322, 0.573346, 0.548505, 0.553535
0.566199, 0.566207, 0.541231, 0.546225
0.566568, 0.566605, 0.541669, 0.54669
0.567392, 0.567416, 0.542441, 0.547438
0.567392, 0.567416, 0.542441, 0.547438
0.567392, 0.567416, 0.542441, 0.547438
0.567392, 0.567416, 0.542441, 0.547438
0.567392, 0.567416, 0.542441, 0.547438
0.567392, 0.567416, 0.542441, 0.547438
0.567288, 0.567301, 0.542311, 0.547344
0.567866, 0.568032, 0.542985, 0.547999
0.572336, 0.572587, 0.547501, 0.552528
0.591899, 0.592075, 0.567017, 0.57215
0.622784, 0.623027, 0.597998, 0.6032
0.645049, 0.647812, 0.621938, 0.626609
0.670074, 0.676711, 0.649565, 0.653665
0.699388, 0.709667, 0.68138, 0.684036
0.710462, 0.723836, 0.694619, 0.695639
0.725833, 0.743045, 0.712792, 0.710864
0.729204, 0.747478, 0.71718, 0.712874
0.726566, 0.742704, 0.714271, 0.707882
0.721818, 0.736282, 0.709664, 0.703571
0.711934, 0.723745, 0.698896, 0.694074
0.700714, 0.710097, 0.68619, 0.683238
0.687399, 0.694623, 0.671065, 0.669802
0.677499, 0.683534, 0.660396, 0.65992
0.666996, 0.67244, 0.649191, 0.649227
0.656264, 0.66201, 0.637722, 0.637799
0.643752, 0.648729, 0.623866, 0.624822
0.627525, 0.631248, 0.606157, 0.608243
0.601359, 0.602994, 0.578129, 0.581815
0.568731, 0.568921, 0.543947, 0.548832
0.57909, 0.579585, 0.554575, 0.559189
0.578735, 0.579229, 0.55422, 0.558834
0.57873, 0.579223, 0.554214, 0.558828
0.57873, 0.579223, 0.554214, 0.558828
0.57873, 0.579223, 0.554214, 0.558828
0.57873, 0.579223, 0.554214, 0.558828
0.56991, 0.570043, 0.545078, 0.549975
0.586314, 0.587169, 0.562209, 0.566593
0.593321, 0.594368, 0.569823, 0.57397
0.611464, 0.612511, 0.589524, 0.593457
0.628924, 0.630558, 0.608072, 0.611634
0.643458, 0.645632, 0.623452, 0.626666
0.662636, 0.665656, 0.644561, 0.64695
0.68131, 0.686146, 0.664484, 0.665598
0.698079, 0.705196, 0.682473, 0.682045
0.712275, 0.721249, 0.69699, 0.695299
0.72219, 0.733144, 0.706128, 0.703554
0.727966, 0.740396, 0.710537, 0.709387
0.726105, 0.737848, 0.708004, 0.708363
0.720022, 0.731075, 0.701309, 0.703179
0.711948, 0.721115, 0.692088, 0.695201
0.697582, 0.704134, 0.676289, 0.68015
0.681444, 0.68635, 0.659147, 0.663538
0.66564, 0.669028, 0.642494, 0.647162
0.647055, 0.649855, 0.623553, 0.628304
0.63069, 0.632718, 0.606748, 0.611612
0.612654, 0.614048, 0.5884, 0.593349
0.597608, 0.598286, 0.572983, 0.578009
0.568125, 0.568302, 0.543234, 0.548235
0.568298, 0.56846, 0.543423, 0.548431
0.568298, 0.56846, 0.543423, 0.548431
0.568298, 0.56846, 0.543423, 0.548431
0.568298, 0.56846, 0.543423, 0.548431
0.568298, 0.56846, 0.543423, 0.548431
0.568298, 0.56846, 0.543423, 0.548431
0.666615, 0.670648, 0.642947, 0.648239
0.757747, 0.765637, 0.744684, 0.762666
0.804996, 0.813136, 0.796665, 0.866131
0.804238, 0.813465, 0.790988, 0.887667
0.804967, 0.820669, 0.790699, 0.847749
0.804967, 0.820669, 0.790699, 0.847749
0.804967, 0.820669, 0.790699, 0.847749
0.804967, 0.820669, 0.790699, 0.847749
0.595702, 0.595787, 0.570939, 0.576022
0.607405, 0.607678, 0.58327, 0.58846
0.632209, 0.632704, 0.608973, 0.614411
0.652031, 0.652841, 0.630008, 0.635557
0.673697, 0.675085, 0.653703, 0.659275
0.685559, 0.687272, 0.667142, 0.673012
0.69617, 0.698113, 0.679287, 0.685009
0.713404, 0.715937, 0.698524, 0.704779
0.715524, 0.71824, 0.702063, 0.708312
0.719924, 0.722566, 0.70677, 0.712657
0.717536, 0.720194, 0.704956, 0.710798
0.715644, 0.718248, 0.702657, 0.709231
0.709073, 0.711273, 0.694839, 0.7014
0.701124, 0.703285, 0.686324, 0.692199
0.686892, 0.688586, 0.670246, 0.675845
0.674332, 0.675681, 0.655358, 0.661354
0.654489, 0.655395, 0.633749, 0.639311
0.634407, 0.635107, 0.612352, 0.617568
0.610484, 0.610888, 0.587099, 0.592364
0.586552, 0.586663, 0.561966, 0.567019
0.567536, 0.567565, 0.54275, 0.547754
0.56983, 0.569986, 0.545564, 0.550686
0.569831, 0.569987, 0.545564, 0.550687
0.569831, 0.569987, 0.545564, 0.550687
0.569831, 0.569987, 0.545564, 0.550687
0.569831, 0.569987, 0.545564, 0.550687
0.569831, 0.569987, 0.545564, 0.550687
0.568067, 0.568087, 0.543179, 0.548179
0.56877, 0.568809, 0.544001, 0.549021
0.580645, 0.580673, 0.555903, 0.56095
0.601023, 0.601195, 0.576651, 0.581683
0.625026, 0.625348, 0.601438, 0.606527
0.647921, 0.648609, 0.623855, 0.628572
0.667333, 0.668456, 0.643937, 0.648394
0.69132, 0.69304, 0.668067, 0.672071
0.702384, 0.704586, 0.679898, 0.68365
0.71101, 0.713773, 0.688613, 0.691675
0.719089, 0.722086, 0.696308, 0.700216
0.724069, 0.727467, 0.702079, 0.705632
0.72348, 0.726843, 0.702508, 0.705625
0.7215, 0.724845, 0.699711, 0.703992
0.716957, 0.720573, 0.695621, 0.700583
0.70756, 0.71045, 0.685954, 0.691025
0.698714, 0.701497, 0.677113, 0.681755
0.686301, 0.688395, 0.664357, 0.669054
0.664933, 0.666426, 0.642095, 0.647066
0.645822, 0.646967, 0.622438, 0.6275
0.608194, 0.608751, 0.583847, 0.588757
0.588587, 0.588701, 0.563746, 0.568701
0.570577, 0.570731, 0.54576, 0.55082
0.576673, 0.577014, 0.552428, 0.557536
0.576599, 0.57694, 0.552354, 0.557462
0.576599, 0.57694, 0.552353, 0.557461
0.576599, 0.57694, 0.552353, 0.557461
0.576599, 0.57694, 0.552353, 0.557461
0.576599, 0.57694, 0.552353, 0.557461
0.568143, 0.568218, 0.543262, 0.548264
0.574002, 0.574208, 0.549152, 0.554176
0.574423, 0.574689, 0.549968, 0.555043
0.575372, 0.575655, 0.551179, 0.556287
0.57523, 0.575498, 0.551171, 0.556329
0.576339, 0.576637, 0.55293, 0.558012
0.58438, 0.584784, 0.561746, 0.567034
0.587392, 0.587918, 0.565997, 0.571272
0.596794, 0.597554, 0.577608, 0.583007
0.604376, 0.605337, 0.586287, 0.59175
0.609829, 0.611051, 0.593118, 0.598633
0.614833, 0.616238, 0.600102, 0.605835
0.624819, 0.626495, 0.6123, 0.618094
0.633893, 0.635989, 0.623975, 0.629984
0.642313, 0.644744, 0.635068, 0.641485
0.646275, 0.649061, 0.640438, 0.646754
0.653463, 0.656615, 0.64998, 0.656567
0.657737, 0.661215, 0.656939, 0.663588
0.661897, 0.665631, 0.662272, 0.669281
0.669298, 0.673411, 0.673081, 0.680537
0.669615, 0.67408, 0.67447, 0.681475
0.675747, 0.680502, 0.684295, 0.69171
0.681478, 0.686442, 0.691204, 0.698789
0.684225, 0.689777, 0.696975, 0.704583
0.686274, 0.69212, 0.701049, 0.708594
0.690093, 0.69622, 0.70621, 0.714422
0.691945, 0.698418, 0.70984, 0.718643
0.69247, 0.699488, 0.712741, 0.721392
0.68227, 0.687699, 0.696139, 0.70544
0.656156, 0.659088, 0.653873, 0.662064
0.610275, 0.610386, 0.587769, 0.593922
0.633087, 0.634663, 0.616507, 0.622136
0.669598, 0.672406, 0.661338, 0.668262
0.662014, 0.664556, 0.653287, 0.660431
0.643886, 0.645584, 0.630306, 0.637046
0.628818, 0.63004, 0.612188, 0.618502
0.625693, 0.626908, 0.609007, 0.615313
0.625349, 0.626563, 0.608656, 0.614961
0.625318, 0.626533, 0.608625, 0.61493
0.625316, 0.62653, 0.608623, 0.614927
0.625316, 0.62653, 0.608623, 0.614927
0.625316, 0.62653, 0.608623, 0.614927
0.625316, 0.62653, 0.608623, 0.614927
0.625316, 0.62653, 0.608623, 0.614927
0.625316, 0.62653, 0.608623, 0.614927
0.625316, 0.62653, 0.608623, 0.614927
0.625316, 0.62653, 0.608623, 0.614927
0.625316, 0.62653, 0.608623, 0.614927
0.625316, 0.62653, 0.608623, 0.614927
0.625316, 0.62653, 0.608623, 0.614927
0.625316, 0.62653, 0.608623, 0.614927
0.625316, 0.62653, 0.608623, 0.614927
0.625316, 0.62653, 0.608623, 0.614927
0.625316, 0.62653, 0.608623, 0.614927
0.625316, 0.62653, 0.608623, 0.614927
0.625316, 0.62653, 0.608623, 0.614927
0.625316, 0.62653, 0.608623, 0.614927
0.625316, 0.62653, 0.608623, 0.614927
0.625316, 0.62653, 0.608623, 0.614927
0.625316, 0.62653, 0.608623, 0.614927
0.625316, 0.62653, 0.608623, 0.614927
0.625316, 0.625899, 0.604132, 0.609759
0.625316, 0.625899, 0.604132, 0.609759
0.567771, 0.56792, 0.543043, 0.548069
0.570194, 0.570283, 0.545612, 0.550675
0.569054, 0.569138, 0.544286, 0.549278
0.569946, 0.569986, 0.545241, 0.55026
0.573446, 0.573478, 0.549063, 0.554123
0.575778, 0.575851, 0.551591, 0.556677
0.57938, 0.579509, 0.555545, 0.560693
0.585859, 0.586296, 0.562423, 0.567519
0.590442, 0.590881, 0.567435, 0.572578
0.596911, 0.597301, 0.574463, 0.579668
0.601527, 0.602067, 0.579571, 0.584799
0.607437, 0.607988, 0.586061, 0.591346
0.61296, 0.613672, 0.59227, 0.597665
0.620534, 0.621366, 0.600324, 0.605646
0.624345, 0.62546, 0.604759, 0.610113
0.63051, 0.631588, 0.611482, 0.616962
0.63536, 0.636796, 0.616935, 0.622381
0.639799, 0.641186, 0.621647, 0.627138
0.646641, 0.648296, 0.629375, 0.635051
0.646951, 0.648532, 0.629546, 0.635004
0.654588, 0.65653, 0.637865, 0.643477
0.657322, 0.659391, 0.641014, 0.646699
0.659365, 0.661357, 0.642807, 0.648333
0.667766, 0.66963, 0.651463, 0.657111
0.663839, 0.665447, 0.646837, 0.65235
0.668313, 0.669986, 0.651511, 0.657118
0.671984, 0.67375, 0.654627, 0.660165
0.672262, 0.674279, 0.654768, 0.66019
0.675949, 0.67819, 0.658206, 0.663576
0.679511, 0.681546, 0.661194, 0.666693
0.678444, 0.680402, 0.659399, 0.664728
0.679022, 0.680853, 0.65921, 0.664474
0.682748, 0.684559, 0.662231, 0.66747
0.681183, 0.682806, 0.659711, 0.664865
0.68062, 0.6819, 0.658066, 0.663108
0.684768, 0.686664, 0.661784, 0.666794
0.681422, 0.683029, 0.657569, 0.662361
0.681399, 0.682673, 0.657441, 0.66184
0.683315, 0.684639, 0.659888, 0.664187
0.682139, 0.68337, 0.659066, 0.66352
0.680019, 0.680766, 0.657204, 0.662091
0.679643, 0.680652, 0.657329, 0.661997
0.679566, 0.680291, 0.657641, 0.662509
0.675863, 0.676452, 0.653973, 0.659121
0.67481, 0.675489, 0.653341, 0.658348
0.673878, 0.674061, 0.652612, 0.657873
0.669805, 0.67007, 0.6485, 0.653826
0.669637, 0.669676, 0.648759, 0.654136
0.667675, 0.667797, 0.646823, 0.652194
0.661937, 0.662227, 0.641169, 0.646577
0.658624, 0.658815, 0.637452, 0.642794
0.658765, 0.658981, 0.637795, 0.643005
0.650538, 0.650593, 0.629195, 0.634496
0.648845, 0.649075, 0.627492, 0.632863
0.644376, 0.644574, 0.623004, 0.628317
0.631983, 0.632092, 0.610059, 0.6153
0.63374, 0.63386, 0.611744, 0.616982
0.628462, 0.628566, 0.606264, 0.611495
0.624814, 0.625055, 0.602348, 0.607617
0.6156, 0.615952, 0.592822, 0.597953
0.614298, 0.614558, 0.591274, 0.596406
0.604245, 0.604373, 0.580926, 0.5861
0.599081, 0.599272, 0.575439, 0.580554
0.594836, 0.595005, 0.571075, 0.576176
0.591525, 0.591717, 0.567524, 0.572612
0.585081, 0.58523, 0.560872, 0.565936
0.58138, 0.581435, 0.556963, 0.562004
0.574526, 0.574618, 0.549907, 0.554926
0.569922, 0.569958, 0.545098, 0.55012
0.566683, 0.566708, 0.541722, 0.546736
0.567426, 0.56755, 0.54253, 0.547557
0.565972, 0.566027, 0.54101, 0.545997
0.565428, 0.565438, 0.540436, 0.545444
0.565427, 0.565437, 0.540435, 0.545443
0.565427, 0.565437, 0.540435, 0.545443
0.565427, 0.565437, 0.540435, 0.545443
0.565427, 0.565437, 0.540435, 0.545443
0.565427, 0.565437, 0.540435, 0.545443
0.570949, 0.571023, 0.546018, 0.551068
0.567158, 0.567228, 0.542207, 0.547176
0.578023, 0.578287, 0.553199, 0.558186
0.593934, 0.594378, 0.569231, 0.57415
0.621769, 0.62352, 0.597943, 0.602858
0.638644, 0.64267, 0.616368, 0.620853
0.666912, 0.672979, 0.645959, 0.65007
0.685159, 0.693585, 0.665903, 0.668923
0.697785, 0.708554, 0.680215, 0.681862
0.711486, 0.724122, 0.695208, 0.695171
0.715157, 0.728868, 0.699804, 0.69757
0.721103, 0.736243, 0.707273, 0.702908
0.722217, 0.736714, 0.709415, 0.703023
0.719401, 0.734317, 0.707406, 0.700715
0.714067, 0.727292, 0.70185, 0.696072
0.705457, 0.717018, 0.692381, 0.687676
0.694257, 0.704501, 0.680223, 0.676465
0.681095, 0.688726, 0.664951, 0.663334
0.660314, 0.665792, 0.641795, 0.641993
0.62811, 0.631932, 0.607736, 0.609343
0.60872, 0.611055, 0.58659, 0.589489
0.594512, 0.595147, 0.570624, 0.574965
0.567467, 0.567534, 0.542512, 0.547509
0.571142, 0.571437, 0.546297, 0.551165
0.573586, 0.573892, 0.548914, 0.553714
0.573585, 0.57389, 0.548913, 0.553713
0.573585, 0.57389, 0.548913, 0.553713
0.573585, 0.57389, 0.548913, 0.553713
0.573585, 0.57389, 0.548913, 0.553713
0.573585, 0.57389, 0.548913, 0.553713
0.575075, 0.575328, 0.550569, 0.555417
0.578481, 0.578762, 0.554183, 0.558919
0.592315, 0.592805, 0.568793, 0.573339
0.612679, 0.613756, 0.590529, 0.594545
0.633326, 0.63533, 0.612719, 0.61595
0.65722, 0.660167, 0.638603, 0.64103
0.673026, 0.677457, 0.655728, 0.656951
0.693071, 0.699411, 0.677157, 0.677092
0.69821, 0.70553, 0.682321, 0.681688
0.714398, 0.723434, 0.698537, 0.696919
0.714819, 0.724235, 0.697571, 0.695883
0.719099, 0.729178, 0.700645, 0.699893
0.717458, 0.726796, 0.698024, 0.698779
0.714361, 0.723682, 0.694724, 0.696759
0.708212, 0.716697, 0.687932, 0.691043
0.700118, 0.708333, 0.679617, 0.683487
0.689027, 0.695382, 0.667522, 0.671903
0.672975, 0.67802, 0.650733, 0.655514
0.655892, 0.659591, 0.63291, 0.637855
0.63139, 0.633519, 0.607519, 0.612507
0.586732, 0.587648, 0.562218, 0.56719
0.573503, 0.573566, 0.548556, 0.553553
0.575318, 0.575881, 0.550726, 0.555804
0.576086, 0.576776, 0.551534, 0.556534
0.576092, 0.576782, 0.551541, 0.55654
0.576092, 0.576782, 0.551541, 0.55654
0.576092, 0.576782, 0.551541, 0.55654
0.576092, 0.576782, 0.551541, 0.55654
0.595918, 0.596126, 0.571204, 0.576233
0.60498, 0.605095, 0.580799, 0.585821
0.634024, 0.634197, 0.611046, 0.615999
0.653154, 0.653471, 0.631558, 0.636356
0.672611, 0.673136, 0.65254, 0.657769
0.685692, 0.686374, 0.667626, 0.67226
0.700266, 0.700932, 0.684341, 0.688729
0.707725, 0.708597, 0.69335, 0.698303
0.715261, 0.715924, 0.703406, 0.707273
0.720263, 0.720819, 0.710393, 0.71388
0.720214, 0.720487, 0.711181, 0.714467
0.716178, 0.716363, 0.706127, 0.709948
0.70756, 0.707641, 0.696317, 0.700078
0.701322, 0.701358, 0.690145, 0.693186
0.68337, 0.683405, 0.67019, 0.673684
0.668943, 0.669158, 0.652781, 0.65676
0.654474, 0.654815, 0.635754, 0.640246
0.634735, 0.634921, 0.613988, 0.61854
0.612038, 0.612277, 0.589322, 0.594243
0.587762, 0.5879, 0.563486, 0.568491
0.571053, 0.571081, 0.546147, 0.551173
0.569566, 0.569689, 0.544834, 0.549787
0.569566, 0.56969, 0.544834, 0.549787
0.569566, 0.56969, 0.544834, 0.549787
0.569566, 0.56969, 0.544834, 0.549787
0.569566, 0.56969, 0.544834, 0.549787
0.569566, 0.56969, 0.544834, 0.549787
0.566221, 0.566222, 0.541246, 0.54626
0.566423, 0.566472, 0.541817, 0.546858
0.582145, 0.582336, 0.558195, 0.563063
0.600466, 0.601164, 0.577336, 0.581767
0.651735, 0.653346, 0.630246, 0.633973
0.64809, 0.65078, 0.628311, 0.631057
0.667489, 0.671565, 0.649275, 0.650812
0.689414, 0.695615, 0.673129, 0.67319
0.701868, 0.709488, 0.686835, 0.68584
0.710825, 0.720206, 0.695188, 0.69334
0.718943, 0.729356, 0.703122, 0.700978
0.724417, 0.735878, 0.7082, 0.70537
0.724868, 0.735864, 0.707991, 0.706213
0.722065, 0.733112, 0.704422, 0.704286
0.717831, 0.728818, 0.69983, 0.700783
0.712192, 0.721484, 0.693662, 0.694801
0.699728, 0.708166, 0.680471, 0.682883
0.684417, 0.690542, 0.663229, 0.667209
0.664132, 0.668398, 0.641531, 0.64644
0.642778, 0.646015, 0.619758, 0.624272
0.62141, 0.623077, 0.597551, 0.602139
0.592632, 0.593182, 0.567997, 0.57283
0.575731, 0.576043, 0.551132, 0.556217
0.577908, 0.578785, 0.553495, 0.558339
0.57791, 0.578788, 0.553498, 0.558341
0.57791, 0.578788, 0.553498, 0.558341
0.57791, 0.578788, 0.553498, 0.558341
0.57791, 0.578788, 0.553498, 0.558341
0.57791, 0.578788, 0.553498, 0.558341
0.568188, 0.568261, 0.543241, 0.548236
0.57546, 0.576062, 0.550979, 0.556031
0.578856, 0.579418, 0.554759, 0.559844
0.582034, 0.582511, 0.558537, 0.563748
0.590604, 0.591159, 0.568408, 0.573609
0.601907, 0.602423, 0.581355, 0.586644
0.619976, 0.62123, 0.602325, 0.607808
0.636979, 0.638265, 0.622273, 0.627984
0.647799, 0.649516, 0.636236, 0.642193
0.662944, 0.665618, 0.655178, 0.661395
0.674022, 0.677215, 0.669751, 0.676243
0.685047, 0.689203, 0.68456, 0.691199
0.692262, 0.69693, 0.694057, 0.700915
0.699697, 0.704634, 0.703596, 0.710992
0.70423, 0.709209, 0.709759, 0.71728
0.714359, 0.719974, 0.72152, 0.728391
0.716037, 0.721819, 0.722725, 0.730517
0.72342, 0.729524, 0.729587, 0.737114
0.727878, 0.734235, 0.733881, 0.741285
0.729615, 0.735874, 0.733225, 0.740177
0.729468, 0.735363, 0.72922, 0.735755
0.733979, 0.740044, 0.731066, 0.737581
0.73634, 0.741476, 0.729143, 0.735391
0.734353, 0.739405, 0.722679, 0.728456
0.733156, 0.737439, 0.716933, 0.722249
0.730464, 0.733726, 0.709727, 0.714642
0.733041, 0.736269, 0.710856, 0.715085
0.730027, 0.732734, 0.709464, 0.713152
0.726043, 0.728057, 0.706653, 0.711095
0.719598, 0.720707, 0.700975, 0.706376
0.715723, 0.71694, 0.698157, 0.70353
0.71339, 0.714069, 0.696651, 0.701977
0.705496, 0.705625, 0.688746, 0.694636
0.698522, 0.698836, 0.681624, 0.687184
0.688311, 0.68838, 0.670733, 0.67646
0.679994, 0.680292, 0.661954, 0.667705
0.670666, 0.670994, 0.65177, 0.657296
0.658778, 0.658951, 0.638939, 0.644389
0.63203, 0.632322, 0.61116, 0.616564
0.634392, 0.63456, 0.612629, 0.617875
0.606827, 0.607055, 0.584107, 0.589284
0.604608, 0.604714, 0.581194, 0.586357
0.587239, 0.587259, 0.563055, 0.568134
0.577692, 0.577697, 0.552997, 0.558068
0.570255, 0.570601, 0.545484, 0.550434
0.568259, 0.568313, 0.543435, 0.548445
0.567347, 0.567403, 0.542593, 0.547631
0.565693, 0.565749, 0.540939, 0.545976
0.562724, 0.56278, 0.537969, 0.543007
0.557649, 0.557704, 0.532892, 0.53793
0.570541, 0.570597, 0.545788, 0.550826
0.571469, 0.571525, 0.546716, 0.551754
0.567224, 0.567276, 0.542368, 0.547379
0.571553, 0.571694, 0.546898, 0.551932
0.584001, 0.584351, 0.55941, 0.564412
0.599675, 0.6003, 0.575175, 0.580193
0.628724, 0.631116, 0.605326, 0.610285
0.650473, 0.654677, 0.628344, 0.632887
0.673797, 0.680306, 0.653225, 0.657127
0.690743, 0.699959, 0.672002, 0.674833
0.703486, 0.714665, 0.686153, 0.687387
0.711824, 0.725414, 0.696324, 0.695597
0.71962, 0.733922, 0.704975, 0.70214
0.72184, 0.736279, 0.707897, 0.702805
0.71851, 0.732964, 0.705472, 0.699418
0.715323, 0.728215, 0.702712, 0.697183
0.711014, 0.723615, 0.698911, 0.693308
0.701738, 0.712639, 0.688366, 0.684087
0.692107, 0.701159, 0.677281, 0.674518
0.67632, 0.683661, 0.659797, 0.658445
0.657111, 0.66214, 0.638405, 0.638942
0.621391, 0.624639, 0.600246, 0.602406
0.611277, 0.613139, 0.588619, 0.591982
0.623758, 0.624165, 0.599374, 0.603985
0.562906, 0.562985, 0.538056, 0.543
0.570679, 0.570876, 0.545914, 0.550772
0.570626, 0.570823, 0.545861, 0.550719
0.570626, 0.570823, 0.54586, 0.550718
0.570626, 0.570823, 0.54586, 0.550718
0.570626, 0.570823, 0.54586, 0.550718
0.570626, 0.570823, 0.54586, 0.550718
0.567781, 0.567878, 0.542867, 0.547878
0.570812, 0.570909, 0.546161, 0.551059
0.586292, 0.586634, 0.5624, 0.567094
0.601201, 0.602001, 0.578269, 0.582487
0.622183, 0.623578, 0.600865, 0.604627
0.643655, 0.646025, 0.62392, 0.626852
0.66807, 0.671988, 0.650208, 0.651905
0.682239, 0.687751, 0.665758, 0.666384
0.695919, 0.702476, 0.680127, 0.679783
0.707023, 0.715153, 0.691428, 0.690354
0.71534, 0.72487, 0.698668, 0.696732
0.716284, 0.725812, 0.698173, 0.696984
0.717594, 0.727052, 0.69849, 0.698542
0.716143, 0.725992, 0.696924, 0.698289
0.710396, 0.719477, 0.690597, 0.693048
0.70398, 0.712336, 0.683645, 0.687089
0.692794, 0.70018, 0.671761, 0.676149
0.678972, 0.684658, 0.656996, 0.661706
0.659641, 0.66358, 0.636745, 0.641683
0.63951, 0.642038, 0.615869, 0.620815
0.611451, 0.612616, 0.58708, 0.592092
0.58615, 0.586407, 0.561304, 0.566304
0.572859, 0.573312, 0.548151, 0.553154
0.577635, 0.578513, 0.553201, 0.558177
0.577599, 0.578476, 0.553164, 0.558141
0.577598, 0.578475, 0.553164, 0.55814
0.577598, 0.578475, 0.553164, 0.55814
0.577598, 0.578475, 0.553164, 0.55814
0.549123, 0.54916, 0.524138, 0.529141
0.579118, 0.579207, 0.554309, 0.559328
0.590702, 0.59074, 0.566181, 0.571157
0.609046, 0.609311, 0.58519, 0.59025
0.627051, 0.6273, 0.604046, 0.609075
0.645825, 0.64622, 0.623957, 0.629056
0.668504, 0.668948, 0.648327, 0.65338
0.677269, 0.678039, 0.658615, 0.663823
0.693649, 0.694372, 0.677171, 0.681978
0.698421, 0.699232, 0.683398, 0.688419
0.707321, 0.707883, 0.694276, 0.698632
0.709332, 0.709636, 0.697813, 0.701665
0.712328, 0.712622, 0.701124, 0.704892
0.709032, 0.709284, 0.698047, 0.701916
0.706988, 0.707075, 0.696534, 0.699516
0.701576, 0.702066, 0.690386, 0.69316
0.688013, 0.688036, 0.674313, 0.678057
0.664796, 0.665017, 0.648482, 0.652608
0.661041, 0.661183, 0.643355, 0.647193
0.646015, 0.646107, 0.625929, 0.630572
0.62605, 0.626194, 0.603708, 0.609115
0.610943, 0.611221, 0.587662, 0.592857
0.608607, 0.608884, 0.585318, 0.590511
0.608465, 0.608742, 0.585175, 0.590369
0.608459, 0.608736, 0.585169, 0.590363
0.608459, 0.608735, 0.585169, 0.590362
0.608459, 0.608735, 0.585169, 0.590362
0.603557, 0.603666, 0.579338, 0.585097
0.5868, 0.586892, 0.562258, 0.567809
0.582902, 0.58295, 0.558155, 0.563401
0.58019, 0.580541, 0.555551, 0.560963
0.591043, 0.591577, 0.566937, 0.571886
0.611087, 0.61229, 0.588384, 0.592498
0.632253, 0.634299, 0.610932, 0.614185
0.654072, 0.657436, 0.634024, 0.636134
0.672486, 0.677485, 0.65471, 0.655617
0.687575, 0.694178, 0.671341, 0.671304
0.695356, 0.702978, 0.679523, 0.678563
0.70851, 0.717826, 0.693138, 0.691277
0.713793, 0.723635, 0.69787, 0.696304
0.715883, 0.726437, 0.698523, 0.696856
0.715584, 0.726129, 0.696924, 0.697206
0.716013, 0.726541, 0.698021, 0.698403
0.713506, 0.723519, 0.695535, 0.696568
0.704273, 0.712732, 0.685023, 0.687155
0.692586, 0.700148, 0.672112, 0.675564
0.67932, 0.685081, 0.657652, 0.661968
0.66269, 0.666948, 0.640585, 0.64462
0.647017, 0.649962, 0.624039, 0.628122
0.624979, 0.626629, 0.600927, 0.605747
0.610236, 0.611258, 0.585828, 0.590503
0.607991, 0.609008, 0.58358, 0.588256
0.607849, 0.608867, 0.583439, 0.588115
0.607843, 0.60886, 0.583432, 0.588108
0.607842, 0.60886, 0.583431, 0.588108
0.607842, 0.60886, 0.583431, 0.588108
0.582892, 0.583203, 0.558269, 0.563366
0.584874, 0.584937, 0.560342, 0.565471
0.584485, 0.584528, 0.559991, 0.565249
0.576787, 0.576933, 0.5525, 0.557619
0.591011, 0.59134, 0.567957, 0.57332
0.590064, 0.59026, 0.567663, 0.572967
0.601042, 0.601611, 0.580447, 0.585937
0.613589, 0.614562, 0.594996, 0.600658
0.623353, 0.6243, 0.607186, 0.613146
0.63887, 0.640524, 0.625946, 0.632473
0.65168, 0.65407, 0.642392, 0.649234
0.664443, 0.667575, 0.658486, 0.665664
0.674619, 0.678213, 0.671928, 0.679553
0.679219, 0.68321, 0.678469, 0.686069
0.693989, 0.698703, 0.697143, 0.705322
0.698797, 0.703609, 0.703317, 0.711694
0.70318, 0.708496, 0.709015, 0.717023
0.709693, 0.715442, 0.716096, 0.72428
0.717728, 0.723291, 0.724486, 0.732815
0.721564, 0.727374, 0.72798, 0.736079
0.721115, 0.726847, 0.725011, 0.73286
0.72473, 0.730472, 0.725692, 0.732762
0.728224, 0.733757, 0.726786, 0.734228
0.730809, 0.735799, 0.725433, 0.73207
0.731047, 0.736252, 0.722268, 0.728395
0.730815, 0.73558, 0.71798, 0.723756
0.730152, 0.734075, 0.712735, 0.718114
0.730775, 0.734236, 0.709637, 0.714447
0.728795, 0.731739, 0.706663, 0.710588
0.724786, 0.726861, 0.703882, 0.70817
0.724509, 0.726446, 0.705277, 0.709624
0.722395, 0.724035, 0.704554, 0.709065
0.717027, 0.717886, 0.699549, 0.704804
0.709833, 0.710067, 0.692565, 0.698153
0.704525, 0.704673, 0.687513, 0.693086
0.700487, 0.700749, 0.68315, 0.688705
0.692419, 0.692481, 0.674856, 0.680333
0.686241, 0.686371, 0.668014, 0.673999
0.672234, 0.672416, 0.652921, 0.658543
0.664224, 0.664307, 0.644327, 0.649788
0.653304, 0.65344, 0.632267, 0.638152
0.643749, 0.643905, 0.621876, 0.627733
0.628539, 0.628749, 0.605742, 0.611551
0.617617, 0.617765, 0.594163, 0.60006
0.605123, 0.605261, 0.581039, 0.586884
0.593447, 0.593566, 0.568883, 0.574538
0.589973, 0.590016, 0.565323, 0.571019
0.589787, 0.589831, 0.565137, 0.570832
0.589781, 0.589825, 0.565131, 0.570827
0.589781, 0.589825, 0.565131, 0.570827
0.589781, 0.589825, 0.565131, 0.570827
0.582458, 0.582545, 0.557585, 0.563814
0.58839, 0.588546, 0.563531, 0.570217
0.582763, 0.582895, 0.55789, 0.563974
0.582241, 0.582449, 0.557408, 0.563252
0.591381, 0.591783, 0.566647, 0.572379
0.607479, 0.608561, 0.583188, 0.588536
0.631812, 0.634634, 0.608749, 0.613784
0.647865, 0.652219, 0.625807, 0.630487
0.668698, 0.675125, 0.648001, 0.652209
0.682339, 0.690991, 0.663273, 0.666441
0.692824, 0.702958, 0.674784, 0.676704
0.703717, 0.715522, 0.686938, 0.68732
0.708873, 0.721402, 0.692793, 0.691046
0.713747, 0.72757, 0.698973, 0.695083
0.71653, 0.730998, 0.702937, 0.697332
0.714649, 0.728378, 0.701816, 0.69582
0.708575, 0.72094, 0.695531, 0.690424
0.701114, 0.712213, 0.687252, 0.683086
0.69241, 0.701565, 0.677528, 0.674702
0.679226, 0.686853, 0.662701, 0.661179
0.662611, 0.668378, 0.644193, 0.64437
0.648923, 0.652907, 0.628693, 0.63026
0.627949, 0.630266, 0.605853, 0.608768
0.608809, 0.609594, 0.585166, 0.589384
0.605794, 0.606674, 0.582264, 0.586408
0.605597, 0.606476, 0.582067, 0.586211
0.605588, 0.606467, 0.582058, 0.586202
0.605587, 0.606467, 0.582057, 0.586201
0.605587, 0.606467, 0.582057, 0.586201
0.606122, 0.606522, 0.581888, 0.586585
0.578727, 0.579031, 0.55388, 0.558946
0.582667, 0.582732, 0.557822, 0.562823
0.571048, 0.571062, 0.546466, 0.551344
0.583719, 0.584016, 0.559894, 0.564487
0.601893, 0.602735, 0.579196, 0.583289
0.624702, 0.626395, 0.603484, 0.606829
0.643127, 0.645561, 0.623695, 0.626263
0.659829, 0.663523, 0.641624, 0.643227
0.677771, 0.683146, 0.660682, 0.661127
0.689342, 0.695967, 0.672965, 0.672506
0.698602, 0.706298, 0.682007, 0.681068
0.708871, 0.717952, 0.691882, 0.690219
0.710666, 0.720049, 0.692263, 0.691284
0.713176, 0.722354, 0.693706, 0.694229
0.709302, 0.718665, 0.689663, 0.691397
0.705448, 0.714271, 0.685519, 0.688106
0.702647, 0.71072, 0.682188, 0.685654
0.689388, 0.696109, 0.668036, 0.672123
0.680672, 0.685762, 0.658532, 0.663111
0.665315, 0.669618, 0.642654, 0.647503
0.647387, 0.650108, 0.623854, 0.628906
0.673547, 0.675133, 0.649415, 0.654409
0.627638, 0.628338, 0.603076, 0.608099
0.607903, 0.608577, 0.583322, 0.588345
0.604225, 0.604894, 0.57964, 0.584663
0.603969, 0.604637, 0.579384, 0.584406
0.603957, 0.604625, 0.579372, 0.584394
0.603956, 0.604625, 0.579371, 0.584394
0.577784, 0.578039, 0.553084, 0.558109
0.610057, 0.610294, 0.585877, 0.590928
0.624876, 0.625133, 0.601507, 0.60656
0.652193, 0.652525, 0.630213, 0.635197
0.667849, 0.668346, 0.647693, 0.652525
0.690012, 0.690689, 0.671567, 0.676447
0.697191, 0.698027, 0.680521, 0.685481
0.709189, 0.709951, 0.695322, 0.699546
0.714348, 0.714944, 0.702073, 0.706109
0.717042, 0.717432, 0.705785, 0.709587
0.720204, 0.720537, 0.710228, 0.713677
0.719428, 0.719615, 0.711238, 0.71396
0.711552, 0.711773, 0.701993, 0.704786
0.702264, 0.702285, 0.690682, 0.694006
0.690432, 0.690646, 0.677054, 0.680899
0.678347, 0.678543, 0.663554, 0.667322
0.660202, 0.660448, 0.642001, 0.646243
0.637333, 0.637473, 0.616643, 0.621207
0.618456, 0.618735, 0.59622, 0.601128
0.591141, 0.591248, 0.567125, 0.572086
0.572876, 0.572906, 0.548017, 0.553039
0.569759, 0.569763, 0.545156, 0.550216
0.569722, 0.569755, 0.545143, 0.550174
0.569722, 0.569755, 0.545143, 0.550174
0.569722, 0.569755, 0.545143, 0.550174
0.569722, 0.569755, 0.545143, 0.550174
0.569722, 0.569755, 0.545143, 0.550174
0.56712, 0.567192, 0.542161, 0.547146
0.567689, 0.567767, 0.542919, 0.54795
0.57708, 0.577264, 0.552736, 0.557571
0.59444, 0.594934, 0.571122, 0.575732
0.608897, 0.610102, 0.586928, 0.591024
0.640794, 0.642955, 0.620337, 0.623456
0.662295, 0.666113, 0.643666, 0.645526
0.68539, 0.691049, 0.668679, 0.66896
0.699936, 0.707346, 0.684706, 0.683963
0.707716, 0.716282, 0.692761, 0.691069
0.715165, 0.725034, 0.699938, 0.698007
0.721871, 0.732737, 0.706118, 0.703148
0.726318, 0.737543, 0.709954, 0.707664
0.723993, 0.735053, 0.706756, 0.70592
0.717143, 0.727463, 0.698634, 0.699651
0.709728, 0.719585, 0.690405, 0.693467
0.700796, 0.709057, 0.680765, 0.684101
0.690837, 0.697903, 0.670655, 0.673535
0.672201, 0.67732, 0.650472, 0.654526
0.653753, 0.657301, 0.630807, 0.635513
0.611195, 0.613321, 0.587525, 0.592224
0.600613, 0.601345, 0.576107, 0.580875
0.574109, 0.574205, 0.549287, 0.554349
0.576838, 0.577676, 0.552403, 0.557384
0.575899, 0.576657, 0.55147, 0.556527
0.57589, 0.576648, 0.551461, 0.556517
0.57589, 0.576648, 0.551461, 0.556517
0.57589, 0.576648, 0.551461, 0.556517
0.57589, 0.576648, 0.551461, 0.556517
0.57589, 0.576648, 0.551461, 0.556517
0.568703, 0.568865, 0.543919, 0.548956
0.576619, 0.577345, 0.552392, 0.557452
0.577794, 0.578258, 0.553922, 0.559044
0.583346, 0.583727, 0.560212, 0.56539
0.595347, 0.595803, 0.573802, 0.579038
0.607389, 0.608376, 0.588098, 0.59344
0.625102, 0.626338, 0.608797, 0.614439
0.637289, 0.638933, 0.623549, 0.629299
0.652772, 0.654951, 0.64294, 0.648939
0.670006, 0.672953, 0.664347, 0.671042
0.67701, 0.680726, 0.674501, 0.68116
0.68665, 0.691009, 0.687276, 0.694524
0.696189, 0.700956, 0.699433, 0.706976
0.702672, 0.707491, 0.707429, 0.714499
0.708344, 0.713795, 0.714546, 0.721492
0.714849, 0.720609, 0.721902, 0.729791
0.720869, 0.726722, 0.728049, 0.735577
0.723875, 0.729593, 0.730272, 0.737284
0.727411, 0.733131, 0.732057, 0.739073
0.731574, 0.737511, 0.73394, 0.741052
0.73292, 0.738197, 0.731788, 0.738611
0.734609, 0.739544, 0.73042, 0.736758
0.733845, 0.73914, 0.725558, 0.731512
0.736294, 0.74099, 0.723744, 0.729483
0.736127, 0.739795, 0.7187, 0.724049
0.731994, 0.735422, 0.710742, 0.715465
0.731132, 0.733775, 0.708993, 0.713045
0.72971, 0.731936, 0.709328, 0.713403
0.726295, 0.728303, 0.707326, 0.7116
0.721963, 0.723074, 0.703805, 0.708985
0.715719, 0.716385, 0.698275, 0.703989
0.711071, 0.711246, 0.694324, 0.700165
0.706791, 0.706892, 0.690118, 0.695815
0.696642, 0.696789, 0.679663, 0.685458
0.685594, 0.685663, 0.667854, 0.673522
0.679556, 0.679888, 0.661476, 0.667071
0.670189, 0.670536, 0.651334, 0.656957
0.659733, 0.659957, 0.64004, 0.645499
0.637523, 0.637739, 0.616505, 0.62181
0.631247, 0.631369, 0.609435, 0.614754
0.61606, 0.616281, 0.593311, 0.598522
0.602783, 0.602983, 0.579146, 0.584234
0.581584, 0.58173, 0.557428, 0.5625
0.575055, 0.57507, 0.550326, 0.555311
0.567418, 0.567521, 0.542519, 0.547557
0.570204, 0.570287, 0.545619, 0.55069
0.571442, 0.571596, 0.546904, 0.551977
0.571441, 0.571596, 0.546903, 0.551976
0.571441, 0.571596, 0.546903, 0.551976
0.571441, 0.571596, 0.546903, 0.551976
0.571441, 0.571596, 0.546903, 0.551976
0.571441, 0.571596, 0.546903, 0.551976
0.567689, 0.567801, 0.542811, 0.547835
0.570421, 0.570695, 0.545708, 0.550712
0.57994, 0.57998, 0.555072, 0.5601
0.602675, 0.603473, 0.578293, 0.58324
0.624806, 0.627207, 0.601528, 0.606464
0.65138, 0.65552, 0.62916, 0.633804
0.671885, 0.678569, 0.651363, 0.655326
0.68904, 0.697989, 0.67018, 0.673086
0.702037, 0.713165, 0.684735, 0.686165
0.710214, 0.72301, 0.694245, 0.693874
0.718852, 0.732748, 0.703808, 0.701319
0.719577, 0.733909, 0.705256, 0.700809
0.720337, 0.735204, 0.70762, 0.701252
0.719152, 0.733256, 0.70728, 0.700805
0.711227, 0.72392, 0.698862, 0.693432
0.703664, 0.714433, 0.690311, 0.686197
0.691367, 0.700844, 0.676613, 0.673551
0.678416, 0.685608, 0.662139, 0.660711
0.659329, 0.664511, 0.640603, 0.641006
0.615268, 0.618616, 0.594283, 0.596361
0.611902, 0.613755, 0.589357, 0.592654
0.592958, 0.593717, 0.569085, 0.573371
0.567272, 0.567364, 0.542319, 0.547306
0.572674, 0.573004, 0.547922, 0.552691
0.572518, 0.572867, 0.547719, 0.552542
0.572516, 0.572866, 0.547717, 0.55254
0.572516, 0.572866, 0.547717, 0.55254
0.572516, 0.572866, 0.547717, 0.55254
0.572516, 0.572866, 0.547717, 0.55254
0.57025, 0.570359, 0.545335, 0.550265
0.569397, 0.569503, 0.544612, 0.549523
0.580878, 0.581141, 0.556402, 0.561175
0.593081, 0.59349, 0.569659, 0.574222
0.615656, 0.6169, 0.593499, 0.597435
0.635432, 0.637576, 0.614901, 0.618074
0.660203, 0.663509, 0.641687, 0.643922
0.674832, 0.679536, 0.65773, 0.658944
0.694713, 0.70124, 0.678844, 0.678654
0.699906, 0.707172, 0.684105, 0.683475
0.714092, 0.72317, 0.698018, 0.696334
0.716516, 0.726028, 0.699154, 0.697568
0.718496, 0.728524, 0.699796, 0.699387
0.716988, 0.726442, 0.69752, 0.69861
0.713383, 0.722983, 0.693854, 0.696017
0.708165, 0.71652, 0.687933, 0.691047
0.699818, 0.707701, 0.679178, 0.683066
0.68671, 0.692948, 0.665065, 0.669559
0.67212, 0.677225, 0.649886, 0.654634
0.652457, 0.655942, 0.629334, 0.634287
0.628639, 0.63058, 0.604691, 0.609668
0.586285, 0.587322, 0.561838, 0.566858
0.570626, 0.570654, 0.545649, 0.550645
0.574322, 0.574876, 0.54971, 0.55478
0.578244, 0.579107, 0.553864, 0.558919
0.578218, 0.579081, 0.553839, 0.558893
0.578218, 0.57908, 0.553838, 0.558893
0.578218, 0.57908, 0.553838, 0.558893
0.578218, 0.57908, 0.553838, 0.558893
0.705648, 0.71964, 0.688104, 0.693058
0.702402, 0.715379, 0.684482, 0.690644
0.677961, 0.686258, 0.658222, 0.664118
0.662746, 0.667382, 0.642884, 0.648583
0.671767, 0.673189, 0.6516, 0.65703
0.700697, 0.701454, 0.681798, 0.686326
0.706934, 0.707902, 0.691256, 0.694557
0.715205, 0.716753, 0.70147, 0.704102
0.719599, 0.720548, 0.706244, 0.710097
0.719048, 0.719792, 0.706721, 0.710635
0.719773, 0.720229, 0.709187, 0.712139
0.715734, 0.7161, 0.70474, 0.708516
0.706708, 0.70686, 0.69462, 0.698283
0.696378, 0.696549, 0.682367, 0.686597
0.676093, 0.676141, 0.661192, 0.664955
0.669035, 0.669076, 0.652087, 0.656051
0.651685, 0.651705, 0.632008, 0.636545
0.631694, 0.631952, 0.610408, 0.614758
0.610192, 0.610266, 0.587304, 0.592014
0.583935, 0.583944, 0.559411, 0.564339
0.567683, 0.567719, 0.542824, 0.547835
0.571333, 0.571401, 0.546855, 0.55188
0.571355, 0.571424, 0.546878, 0.551903
0.571355, 0.571424, 0.546877, 0.551903
0.571355, 0.571424, 0.546877, 0.551903
0.571355, 0.571424, 0.546877, 0.551903
0.571355, 0.571424, 0.546877, 0.551903
0.568033, 0.568101, 0.543209, 0.54819
0.569589, 0.569593, 0.544919, 0.549972
0.585479, 0.585721, 0.561586, 0.566453
0.604191, 0.605096, 0.580708, 0.585108
0.627634, 0.629213, 0.605925, 0.609816
0.65189, 0.655008, 0.631266, 0.634031
0.672449, 0.677145, 0.653262, 0.654719
0.69158, 0.698238, 0.673245, 0.673273
0.702886, 0.710757, 0.685686, 0.685094
0.713482, 0.722868, 0.695632, 0.694353
0.716405, 0.726274, 0.697945, 0.69737
0.721767, 0.732701, 0.704237, 0.703994
0.724936, 0.736596, 0.707756, 0.708381
0.720101, 0.731208, 0.701724, 0.704486
0.715141, 0.725419, 0.696429, 0.6999
0.708387, 0.717259, 0.689529, 0.692425
0.694758, 0.70194, 0.674271, 0.678537
0.682417, 0.688492, 0.661014, 0.665985
0.660991, 0.665204, 0.638642, 0.643678
0.64182, 0.644685, 0.618651, 0.623506
0.60182, 0.603054, 0.577487, 0.582398
0.58814, 0.588291, 0.563295, 0.568262
0.574887, 0.575478, 0.550384, 0.555437
0.580448, 0.5814, 0.556228, 0.56135
0.580365, 0.581317, 0.556145, 0.561267
0.580364, 0.581316, 0.556144, 0.561266
0.580364, 0.581316, 0.556144, 0.561266
0.580364, 0.581316, 0.556144, 0.561266
0.580364, 0.581316, 0.556144, 0.561266
0.567268, 0.567303, 0.542339, 0.54734
0.572276, 0.572822, 0.547642, 0.552665
0.57768, 0.578269, 0.553569, 0.558672
0.583307, 0.583782, 0.560021, 0.565203
0.590575, 0.590991, 0.568293, 0.573577
0.600274, 0.600767, 0.579496, 0.584861
0.616798, 0.617733, 0.598716, 0.604301
0.6315, 0.632988, 0.616593, 0.622209
0.645352, 0.647232, 0.633238, 0.639257
0.660361, 0.662929, 0.652599, 0.658787
0.672506, 0.675439, 0.667743, 0.674171
0.686472, 0.689921, 0.68578, 0.692712
0.689552, 0.693384, 0.69042, 0.697057
0.695896, 0.6999, 0.698893, 0.70579
0.705838, 0.710375, 0.711737, 0.719626
0.713667, 0.71853, 0.72011, 0.727473
0.714706, 0.719883, 0.721588, 0.729101
0.718347, 0.723706, 0.723688, 0.730539
0.724993, 0.730378, 0.729562, 0.736729
0.731146, 0.736645, 0.734888, 0.742284
0.731032, 0.736533, 0.731376, 0.738146
0.730564, 0.735763, 0.727187, 0.733496
0.735357, 0.740346, 0.728773, 0.735001
0.735486, 0.740077, 0.724189, 0.730102
0.735998, 0.739689, 0.720074, 0.725626
0.731527, 0.734823, 0.711219, 0.716266
0.728748, 0.732275, 0.706587, 0.710936
0.73, 0.73318, 0.709475, 0.712793
0.72555, 0.72758, 0.706348, 0.710527
0.720088, 0.721733, 0.701473, 0.706406
0.716539, 0.717847, 0.699161, 0.704157
0.7132, 0.714316, 0.696662, 0.701528
0.705586, 0.705965, 0.68899, 0.694735
0.697579, 0.697808, 0.680512, 0.686108
0.689353, 0.689542, 0.672046, 0.677686
0.682843, 0.683115, 0.665213, 0.670782
0.66958, 0.669693, 0.650563, 0.65611
0.659797, 0.659925, 0.640179, 0.645576
0.646886, 0.646905, 0.626109, 0.63153
0.635079, 0.635145, 0.613402, 0.618644
0.622782, 0.622912, 0.600337, 0.605568
0.60873, 0.60882, 0.585472, 0.590607
0.574374, 0.574425, 0.550147, 0.555207
0.578331, 0.578333, 0.553693, 0.558734
0.570267, 0.570275, 0.545308, 0.550339
0.568727, 0.568781, 0.544007, 0.54906
0.56983, 0.569911, 0.545204, 0.550255
0.569829, 0.56991, 0.545203, 0.550253
0.569829, 0.56991, 0.545203, 0.550253
0.569829, 0.56991, 0.545203, 0.550253
0.569829, 0.56991, 0.545203, 0.550253
0.569829, 0.56991, 0.545203, 0.550253
0.568733, 0.568877, 0.543832, 0.548866
0.567431, 0.567557, 0.542547, 0.547543
0.579248, 0.579406, 0.554648, 0.559619
0.600566, 0.601378, 0.576712, 0.581743
0.61992, 0.621747, 0.596877, 0.601808
0.639504, 0.643055, 0.61766, 0.622636
0.66533, 0.671444, 0.645416, 0.650189
0.686523, 0.694349, 0.66737, 0.672204
0.697839, 0.708071, 0.679831, 0.684488
0.710016, 0.723229, 0.693789, 0.697271
0.716936, 0.730849, 0.701496, 0.70373
0.720324, 0.734827, 0.705621, 0.70503
0.718447, 0.731856, 0.703152, 0.700973
0.716599, 0.730103, 0.701525, 0.698391
0.709673, 0.721768, 0.694284, 0.690439
0.703808, 0.71566, 0.688783, 0.6844
0.694671, 0.703886, 0.678495, 0.675963
0.67969, 0.688051, 0.662361, 0.660668
0.665704, 0.671739, 0.64667, 0.646602
0.636669, 0.640438, 0.61555, 0.617358
0.619567, 0.621879, 0.596878, 0.599965
0.626841, 0.627583, 0.602714, 0.607067
0.585653, 0.585791, 0.560716, 0.565792
0.571643, 0.571906, 0.546788, 0.551692
0.571534, 0.571822, 0.54669, 0.551586
0.571533, 0.571821, 0.546689, 0.551585
0.571533, 0.571821, 0.546689, 0.551585
0.571533, 0.571821, 0.546689, 0.551585
0.571533, 0.571821, 0.546689, 0.551585
0.568365, 0.568539, 0.543463, 0.548443
0.571476, 0.571658, 0.54671, 0.551553
0.579675, 0.579963, 0.555342, 0.560079
0.599787, 0.600469, 0.576128, 0.580626
0.619428, 0.620797, 0.596971, 0.600965
0.638605, 0.64098, 0.617224, 0.620513
0.662818, 0.666313, 0.642846, 0.6452
0.677298, 0.682303, 0.657999, 0.659395
0.690074, 0.696221, 0.670929, 0.671346
0.707499, 0.715585, 0.688652, 0.688439
0.711357, 0.720262, 0.691676, 0.692376
0.716124, 0.725967, 0.696787, 0.698354
0.718883, 0.728388, 0.699426, 0.701742
0.714894, 0.724247, 0.695196, 0.698718
0.711042, 0.71959, 0.690815, 0.695335
0.704652, 0.712904, 0.684486, 0.689319
0.69305, 0.700135, 0.672716, 0.677712
0.685293, 0.691514, 0.664607, 0.669421
0.66585, 0.670304, 0.644178, 0.649121
0.646758, 0.649753, 0.624034, 0.628937
0.620529, 0.622113, 0.596811, 0.601789
0.597548, 0.597987, 0.572938, 0.577965
0.567536, 0.567871, 0.542783, 0.547829
0.574864, 0.575531, 0.55038, 0.555449
0.578163, 0.579167, 0.553985, 0.559058
0.578161, 0.579165, 0.553983, 0.559056
0.578161, 0.579165, 0.553983, 0.559056
0.578161, 0.579165, 0.553983, 0.559056
0.578161, 0.579165, 0.553983, 0.559056
0.578268, 0.578354, 0.553414, 0.558433
0.599334, 0.599998, 0.575102, 0.580158
0.624579, 0.62528, 0.601263, 0.60636
0.647903, 0.648751, 0.62585, 0.631046
0.66862, 0.669466, 0.648387, 0.653534
0.693314, 0.693961, 0.675364, 0.680275
0.701476, 0.702116, 0.685834, 0.69037
0.712347, 0.713129, 0.698891, 0.703197
0.718037, 0.718378, 0.70625, 0.709995
0.719796, 0.719906, 0.709218, 0.71246
0.720023, 0.720115, 0.710666, 0.713829
0.717196, 0.718038, 0.708388, 0.710593
0.710348, 0.711091, 0.700732, 0.70287
0.700187, 0.700765, 0.688637, 0.691287
0.680754, 0.680969, 0.666093, 0.669766
0.669466, 0.669547, 0.652709, 0.656688
0.65184, 0.651922, 0.633035, 0.637248
0.632822, 0.633104, 0.611942, 0.616768
0.611763, 0.611936, 0.589059, 0.593988
0.590305, 0.590495, 0.56625, 0.571247
0.57395, 0.574209, 0.549157, 0.554178
0.571806, 0.572002, 0.546936, 0.551908
0.571767, 0.571963, 0.546897, 0.551869
0.571767, 0.571962, 0.546897, 0.551869
0.571767, 0.571962, 0.546897, 0.551869
0.571767, 0.571962, 0.546897, 0.551869
0.571767, 0.571962, 0.546897, 0.551869
0.571364, 0.57168, 0.546514, 0.55147
0.576319, 0.576784, 0.551598, 0.556358
0.592618, 0.593078, 0.569145, 0.573758
0.610061, 0.610979, 0.587449, 0.591635
0.633329, 0.635169, 0.612207, 0.615523
0.653902, 0.656898, 0.634449, 0.637003
0.676685, 0.681536, 0.658892, 0.659802
0.695316, 0.702443, 0.678986, 0.678297
0.70761, 0.716257, 0.692434, 0.690856
0.716452, 0.726808, 0.700753, 0.698253
0.717195, 0.72746, 0.701231, 0.698704
0.726275, 0.737728, 0.710189, 0.707751
0.725521, 0.737285, 0.708836, 0.707273
0.718778, 0.72979, 0.700608, 0.70122
0.713164, 0.723466, 0.69414, 0.696164
0.705482, 0.714376, 0.685659, 0.688566
0.694023, 0.701613, 0.67368, 0.677183
0.678248, 0.683985, 0.656775, 0.660981
0.660827, 0.665046, 0.638312, 0.643092
0.630238, 0.632659, 0.606711, 0.61157
0.606423, 0.607323, 0.582063, 0.586916
0.579783, 0.580093, 0.554845, 0.559956
0.586039, 0.587063, 0.561469, 0.566583
0.586933, 0.588054, 0.562588, 0.56776
0.586938, 0.588059, 0.562593, 0.567765
0.586938, 0.588059, 0.562593, 0.567765
0.586938, 0.588059, 0.562593, 0.567765
0.586938, 0.588059, 0.562593, 0.567765
0.586938, 0.588059, 0.562593, 0.567765
0.575811, 0.576125, 0.551045, 0.556165
0.586944, 0.588124, 0.56307, 0.568239
0.588859, 0.590144, 0.565551, 0.570658
0.59934, 0.600812, 0.577429, 0.582675
0.606301, 0.607844, 0.585879, 0.591142
0.621044, 0.623239, 0.60317, 0.608632
0.634653, 0.637053, 0.61994, 0.625524
0.645293, 0.647775, 0.633394, 0.639456
0.661034, 0.664006, 0.652945, 0.659181
0.671761, 0.67521, 0.667197, 0.673477
0.68276, 0.686782, 0.681956, 0.688862
0.692673, 0.696749, 0.693746, 0.70083
0.700787, 0.705709, 0.70481, 0.7118
0.703152, 0.708085, 0.708943, 0.716433
0.713235, 0.718968, 0.720097, 0.727229
0.716359, 0.721631, 0.723055, 0.73087
0.723517, 0.729141, 0.729674, 0.737269
0.724876, 0.730692, 0.729687, 0.736403
0.728953, 0.734486, 0.732135, 0.739243
0.732453, 0.737465, 0.732222, 0.739137
0.73325, 0.738155, 0.729707, 0.736175
0.734198, 0.738829, 0.726678, 0.732673
0.734796, 0.738863, 0.722528, 0.728258
0.733759, 0.737274, 0.717156, 0.722583
0.731108, 0.733724, 0.710043, 0.714977
0.730103, 0.732708, 0.707519, 0.711977
0.729763, 0.73135, 0.708928, 0.713355
0.72683, 0.728261, 0.70746, 0.712236
0.719539, 0.720082, 0.700834, 0.706394
0.714647, 0.715086, 0.696847, 0.702558
0.712365, 0.712546, 0.695439, 0.701124
0.706398, 0.706699, 0.689766, 0.695586
0.697298, 0.697784, 0.680347, 0.685996
0.68568, 0.685943, 0.667994, 0.67371
0.679878, 0.68042, 0.662024, 0.6677
0.668744, 0.668948, 0.64957, 0.655152
0.659023, 0.659139, 0.639169, 0.644647
0.647586, 0.6476, 0.62655, 0.631803
0.632716, 0.632738, 0.610839, 0.616146
0.604942, 0.605375, 0.582025, 0.587068
0.604773, 0.605057, 0.581195, 0.586122
0.583516, 0.583886, 0.559413, 0.564257
0.583302, 0.583925, 0.558833, 0.563478
0.576149, 0.576947, 0.551704, 0.556747
0.577513, 0.578378, 0.553142, 0.55818
0.579968, 0.580988, 0.555883, 0.560947
0.579966, 0.580986, 0.555881, 0.560946
0.579966, 0.580986, 0.555881, 0.560946
0.579966, 0.580986, 0.555881, 0.560946
0.579966, 0.580986, 0.555881, 0.560946
0.579966, 0.580986, 0.555881, 0.560946
0.570617, 0.570901, 0.54589, 0.550919
0.577231, 0.578147, 0.552992, 0.558025
0.597015, 0.597986, 0.572995, 0.57797
0.608359, 0.610274, 0.584669, 0.589656
0.639636, 0.642845, 0.616711, 0.621592
0.659425, 0.664989, 0.638088, 0.642482
0.683098, 0.690751, 0.663189, 0.666904
0.693262, 0.702931, 0.674836, 0.677328
0.70655, 0.718634, 0.690119, 0.69046
0.715251, 0.728059, 0.699425, 0.697881
0.717242, 0.730717, 0.702129, 0.69851
0.718263, 0.731922, 0.704597, 0.699023
0.718317, 0.732367, 0.706021, 0.699718
0.711978, 0.724858, 0.699295, 0.693799
0.707344, 0.719297, 0.694558, 0.689648
0.697052, 0.706888, 0.682897, 0.679624
0.684529, 0.693028, 0.669091, 0.666839
0.669238, 0.67583, 0.651641, 0.65104
0.648872, 0.653696, 0.62931, 0.630205
0.621879, 0.624587, 0.600081, 0.602727
0.595808, 0.597026, 0.572388, 0.576214
0.579865, 0.579995, 0.55504, 0.559986
0.577223, 0.577446, 0.552473, 0.557555
0.57548, 0.575638, 0.550972, 0.555841
0.575497, 0.575655, 0.550989, 0.555858
0.575468, 0.575625, 0.55096, 0.555829
0.575493, 0.575651, 0.550985, 0.555854
0.575471, 0.575629, 0.550963, 0.555832
0.566914, 0.566998, 0.541983, 0.546933
0.571068, 0.571103, 0.546371, 0.551367
0.581577, 0.581886, 0.557346, 0.562093
0.595687, 0.596275, 0.572453, 0.576913
0.619795, 0.621073, 0.59774, 0.601639
0.635958, 0.638097, 0.615553, 0.61874
0.663985, 0.667327, 0.645853, 0.64805
0.675806, 0.680656, 0.658897, 0.659963
0.692935, 0.699415, 0.677436, 0.677357
0.701973, 0.709232, 0.686397, 0.685679
0.709289, 0.717778, 0.693001, 0.691686
0.717526, 0.726765, 0.700057, 0.698579
0.718393, 0.72849, 0.699464, 0.699436
0.716327, 0.726124, 0.696951, 0.698483
0.71591, 0.725665, 0.696545, 0.698765
0.705759, 0.714309, 0.6857, 0.688976
0.696752, 0.704239, 0.675882, 0.680052
0.68403, 0.689777, 0.662222, 0.666817
0.668043, 0.672633, 0.645701, 0.650236
0.648659, 0.651727, 0.625359, 0.63019
0.622901, 0.624665, 0.598813, 0.603789
0.587218, 0.587964, 0.562598, 0.567607
0.574567, 0.574651, 0.549738, 0.554762
0.573278, 0.573801, 0.548673, 0.553701
0.576681, 0.577289, 0.552167, 0.557151
0.575173, 0.57578, 0.550659, 0.555642
0.575654, 0.576261, 0.55114, 0.556123
0.575473, 0.576079, 0.550958, 0.555942
0.575538, 0.576145, 0.551023, 0.556007
0.595986, 0.596, 0.571243, 0.57622
0.607072, 0.607241, 0.58296, 0.587986
0.633191, 0.633405, 0.610118, 0.615053
0.65182, 0.652175, 0.630043, 0.635177
0.673772, 0.674277, 0.654118, 0.658882
0.695523, 0.696307, 0.678051, 0.682724
0.700883, 0.701426, 0.685309, 0.689737
0.713536, 0.714193, 0.700487, 0.704799
0.715206, 0.715428, 0.70368, 0.707227
0.719914, 0.720131, 0.710065, 0.713021
0.721277, 0.72156, 0.712801, 0.715712
0.713567, 0.713709, 0.704066, 0.707143
0.704865, 0.70497, 0.693629, 0.697165
0.696529, 0.696624, 0.684014, 0.687643
0.673235, 0.673423, 0.658392, 0.662019
0.663906, 0.663986, 0.646838, 0.650566
0.643998, 0.644242, 0.62398, 0.628556
0.62043, 0.620551, 0.598348, 0.603086
0.597306, 0.597451, 0.573636, 0.578623
0.57264, 0.572677, 0.547776, 0.552784
0.571213, 0.571286, 0.546672, 0.55171
0.569551, 0.569626, 0.544897, 0.549905
0.569556, 0.569631, 0.544902, 0.54991
0.569556, 0.569631, 0.544902, 0.54991
0.569556, 0.569631, 0.544902, 0.54991
0.569556, 0.569631, 0.544902, 0.54991
0.567055, 0.56706, 0.542201, 0.547217
0.567028, 0.567134, 0.542124, 0.547147
0.579776, 0.579993, 0.555567, 0.560388
0.599429, 0.599997, 0.576341, 0.58089
0.622746, 0.624132, 0.601372, 0.605368
0.647935, 0.65051, 0.627879, 0.630649
0.669032, 0.673278, 0.650975, 0.652515
0.691131, 0.697471, 0.675311, 0.675323
0.701211, 0.708839, 0.685978, 0.684949
0.712736, 0.722392, 0.696907, 0.694751
0.719896, 0.730651, 0.704095, 0.701223
0.723948, 0.735016, 0.707806, 0.705244
0.726549, 0.738158, 0.709899, 0.708225
0.722841, 0.734145, 0.705599, 0.70496
0.714742, 0.724784, 0.696247, 0.697683
0.705277, 0.713962, 0.684923, 0.688547
0.693323, 0.700692, 0.673119, 0.676128
0.678999, 0.684614, 0.657866, 0.661452
0.6556, 0.659458, 0.633218, 0.637335
0.621439, 0.623814, 0.597873, 0.602435
0.610971, 0.612052, 0.586612, 0.591514
0.572815, 0.572876, 0.547968, 0.553005
0.575236, 0.575933, 0.550842, 0.555906
0.577718, 0.578653, 0.553355, 0.558327
0.577722, 0.578657, 0.553359, 0.55833
0.577722, 0.578657, 0.553359, 0.55833
0.577722, 0.578657, 0.553359, 0.55833
0.577722, 0.578657, 0.553359, 0.55833
0.577722, 0.578657, 0.553359, 0.55833
0.569988, 0.57029, 0.545188, 0.550146
0.576005, 0.576433, 0.551694, 0.556739
0.583291, 0.583909, 0.5596, 0.564828
0.585703, 0.586104, 0.562868, 0.568179
0.597577, 0.598095, 0.576438, 0.581724
0.613957, 0.61503, 0.595234, 0.600606
0.630106, 0.631585, 0.614582, 0.620195
0.64391, 0.645758, 0.631733, 0.637606
0.661153, 0.663552, 0.653187, 0.659572
0.672916, 0.676217, 0.668576, 0.674925
0.683334, 0.687258, 0.682558, 0.689072
0.694317, 0.699022, 0.696391, 0.703498
0.701525, 0.706635, 0.70617, 0.713947
0.707261, 0.712533, 0.713191, 0.720693
0.71227, 0.717882, 0.718758, 0.72563
0.717987, 0.723712, 0.72494, 0.732007
0.723614, 0.729859, 0.730141, 0.737462
0.728542, 0.734487, 0.733827, 0.741502
0.731078, 0.736772, 0.733536, 0.740646
0.732104, 0.73802, 0.73166, 0.738268
0.734498, 0.739794, 0.730474, 0.736763
0.735835, 0.741274, 0.727604, 0.733657
0.736207, 0.740724, 0.723294, 0.729055
0.732957, 0.736341, 0.714891, 0.720142
0.731899, 0.7353, 0.710407, 0.715042
0.730993, 0.734036, 0.709312, 0.712909
0.729058, 0.731086, 0.709078, 0.713231
0.724603, 0.726156, 0.705927, 0.71067
0.719777, 0.720689, 0.701986, 0.707511
0.713172, 0.714226, 0.695691, 0.701248
0.708761, 0.708907, 0.691999, 0.697662
0.700628, 0.700812, 0.683726, 0.689639
0.695671, 0.695977, 0.678677, 0.684349
0.686007, 0.686234, 0.668452, 0.674091
0.672998, 0.67316, 0.654168, 0.659679
0.663538, 0.663753, 0.643952, 0.649399
0.648364, 0.648533, 0.627697, 0.63312
0.619567, 0.619688, 0.59778, 0.603017
0.620176, 0.620432, 0.597631, 0.602847
0.602804, 0.602876, 0.579511, 0.584672
0.594118, 0.594302, 0.57004, 0.574995
0.580682, 0.58069, 0.556052, 0.561123
0.582934, 0.582946, 0.55796, 0.563011
0.568933, 0.569004, 0.544231, 0.549273
0.570762, 0.570836, 0.546205, 0.551277
0.570762, 0.570836, 0.546205, 0.551277
0.570762, 0.570836, 0.546205, 0.551277
0.570762, 0.570836, 0.546205, 0.551277
0.570762, 0.570836, 0.546205, 0.551277
0.570762, 0.570836, 0.546205, 0.551277
0.566792, 0.566823, 0.541905, 0.546923
0.572113, 0.572373, 0.547393, 0.552374
0.591465, 0.592034, 0.567061, 0.572026
0.612634, 0.613971, 0.588555, 0.593541
0.622785, 0.62591, 0.599855, 0.604592
0.669621, 0.674763, 0.648148, 0.652353
0.683271, 0.691314, 0.663724, 0.667155
0.694536, 0.704832, 0.67655, 0.678697
0.711013, 0.723198, 0.694523, 0.694712
0.71367, 0.727136, 0.69827, 0.696457
0.720344, 0.7352, 0.706239, 0.702158
0.7232, 0.738163, 0.710346, 0.704066
0.718722, 0.733439, 0.706579, 0.699986
0.714881, 0.728727, 0.702827, 0.696613
0.707926, 0.719534, 0.695295, 0.690492
0.692063, 0.702265, 0.677488, 0.674139
0.680862, 0.688281, 0.664589, 0.663094
0.657893, 0.66306, 0.639281, 0.639663
0.604475, 0.607771, 0.583207, 0.58534
0.609944, 0.611851, 0.587263, 0.590587
0.585393, 0.585821, 0.561047, 0.565646
0.570668, 0.570866, 0.54577, 0.550717
0.573075, 0.573368, 0.548359, 0.553177
0.573075, 0.573369, 0.54836, 0.553178
0.573075, 0.573369, 0.54836, 0.553178
0.573075, 0.573369, 0.54836, 0.553178
0.573075, 0.573369, 0.54836, 0.553178
0.573075, 0.573369, 0.54836, 0.553178
0.572332, 0.572546, 0.547662, 0.552545
0.574166, 0.574398, 0.549611, 0.554423
0.588318, 0.588681, 0.564491, 0.569147
0.606577, 0.607479, 0.584048, 0.588203
0.633076, 0.634895, 0.612435, 0.61584
0.654117, 0.657095, 0.63515, 0.637555
0.672683, 0.677045, 0.655388, 0.656781
0.688964, 0.694845, 0.672972, 0.673106
0.699779, 0.706935, 0.683774, 0.683289
0.715652, 0.724941, 0.699511, 0.697758
0.713332, 0.722545, 0.695911, 0.69439
0.720372, 0.730964, 0.701762, 0.701497
0.719624, 0.729394, 0.700299, 0.701369
0.713269, 0.723126, 0.693871, 0.696259
0.707458, 0.716495, 0.687572, 0.690605
0.698815, 0.70643, 0.67808, 0.682044
0.68228, 0.688167, 0.660463, 0.665078
0.667445, 0.67218, 0.644991, 0.649872
0.647572, 0.650644, 0.62422, 0.629117
0.618301, 0.619878, 0.594166, 0.599155
0.616285, 0.616718, 0.591522, 0.596535
0.570546, 0.570854, 0.545744, 0.550768
0.577986, 0.578865, 0.553558, 0.558587
0.577831, 0.57871, 0.553403, 0.558432
0.577829, 0.578708, 0.553401, 0.55843
0.577829, 0.578708, 0.553401, 0.558429
0.577829, 0.578708, 0.553401, 0.558429
0.577829, 0.578708, 0.553401, 0.558429
0.580189, 0.580201, 0.555195, 0.560212
0.566167, 0.566178, 0.541172, 0.546188
0.566151, 0.566163, 0.541157, 0.546173
0.566151, 0.566163, 0.541157, 0.546173
0.595816, 0.595931, 0.571126, 0.576165
0.601359, 0.601447, 0.577051, 0.58205
0.631328, 0.631604, 0.608107, 0.613206
0.649889, 0.650172, 0.628091, 0.633111
0.672885, 0.673435, 0.652979, 0.657917
0.684954, 0.685503, 0.66655, 0.671157
0.698413, 0.699237, 0.681737, 0.686848
0.706504, 0.707319, 0.69239, 0.696847
0.716196, 0.716847, 0.704613, 0.708558
0.718326, 0.718674, 0.707235, 0.71104
0.720456, 0.720806, 0.711688, 0.714764
0.716632, 0.716711, 0.706719, 0.710336
0.708464, 0.708781, 0.69781, 0.701404
0.703359, 0.703571, 0.692622, 0.695693
0.687605, 0.687702, 0.673731, 0.677601
0.675205, 0.675502, 0.659454, 0.663327
0.65802, 0.658254, 0.639811, 0.644009
0.635473, 0.635731, 0.614562, 0.619324
0.614486, 0.614643, 0.591999, 0.596739
0.590255, 0.590356, 0.5661, 0.571087
0.568353, 0.568405, 0.543631, 0.548691
0.569038, 0.569081, 0.544386, 0.549407
0.569037, 0.569081, 0.544386, 0.549407
0.569037, 0.569081, 0.544386, 0.549407
0.569037, 0.569081, 0.544386, 0.549407
0.569037, 0.569081, 0.544386, 0.549407
0.569037, 0.569081, 0.544386, 0.549407
0.568274, 0.568429, 0.5435, 0.548558
0.56978, 0.569848, 0.545102, 0.550054
0.579432, 0.57966, 0.555222, 0.560023
0.597347, 0.597842, 0.57432, 0.578928
0.614949, 0.61632, 0.59322, 0.597177
0.644726, 0.647071, 0.624892, 0.627964
0.663861, 0.667716, 0.645105, 0.646816
0.685226, 0.690932, 0.669046, 0.66959
0.698756, 0.706258, 0.683009, 0.682292
0.711043, 0.71968, 0.696669, 0.6952
0.718673, 0.728749, 0.704032, 0.701476
0.720643, 0.731746, 0.703502, 0.702309
0.725231, 0.737182, 0.70766, 0.706781
0.724974, 0.736281, 0.707523, 0.706682
0.719072, 0.729769, 0.701636, 0.701511
0.710178, 0.7197, 0.691101, 0.693195
0.701075, 0.709739, 0.681218, 0.684578
0.688764, 0.695826, 0.668387, 0.671663
0.673027, 0.678344, 0.651203, 0.655573
0.648736, 0.652124, 0.62579, 0.630265
0.629257, 0.631189, 0.605584, 0.610118
0.583955, 0.584514, 0.559315, 0.564201
0.575477, 0.575782, 0.550821, 0.555948
0.574032, 0.574733, 0.549503, 0.554431
0.576007, 0.576803, 0.551545, 0.556516
0.57601, 0.576806, 0.551548, 0.556519
0.57601, 0.576806, 0.551548, 0.556519
0.57601, 0.576806, 0.551548, 0.556519
0.57601, 0.576806, 0.551548, 0.556519
0.567889, 0.567937, 0.542916, 0.547907
0.567826, 0.56807, 0.542961, 0.547849
0.577573, 0.578233, 0.553267, 0.558358
0.58006, 0.580646, 0.556298, 0.561365
0.591862, 0.592604, 0.569581, 0.574789
0.600987, 0.601687, 0.580352, 0.585619
0.613754, 0.614412, 0.595253, 0.60074
0.630474, 0.631895, 0.614741, 0.620245
0.642028, 0.643821, 0.629312, 0.635377
0.659467, 0.661968, 0.650451, 0.656396
0.671222, 0.674493, 0.66614, 0.672591
0.680325, 0.684073, 0.678624, 0.685537
0.686869, 0.691093, 0.687331, 0.694176
0.70178, 0.706796, 0.706168, 0.713245
0.706288, 0.711428, 0.712441, 0.719949
0.706789, 0.711878, 0.712924, 0.720484
0.720059, 0.726133, 0.727614, 0.734745
0.722653, 0.728662, 0.729934, 0.737679
0.725289, 0.731521, 0.731232, 0.738371
0.726995, 0.73286, 0.730828, 0.737803
0.730648, 0.736831, 0.732186, 0.738917
0.732898, 0.738192, 0.730583, 0.737195
0.734935, 0.740128, 0.729002, 0.735394
0.737599, 0.742355, 0.727661, 0.733632
0.734705, 0.738941, 0.720101, 0.725671
0.734916, 0.738536, 0.715937, 0.721114
0.73214, 0.735526, 0.710159, 0.714607
0.729151, 0.73186, 0.707597, 0.71129
0.726124, 0.728159, 0.705992, 0.710421
0.724131, 0.726009, 0.70546, 0.710151
0.72023, 0.721387, 0.702832, 0.707924
0.715068, 0.715596, 0.698158, 0.703568
0.707347, 0.707492, 0.690445, 0.69607
0.699233, 0.699528, 0.682398, 0.688269
0.696214, 0.696438, 0.67935, 0.684997
0.686592, 0.686649, 0.668894, 0.674485
0.675672, 0.67593, 0.657212, 0.662758
0.665754, 0.666002, 0.64643, 0.651932
0.653538, 0.653761, 0.633246, 0.638626
0.634974, 0.635252, 0.613655, 0.618992
0.626857, 0.627135, 0.604632, 0.609881
0.598037, 0.598302, 0.574928, 0.58005
0.594081, 0.594118, 0.570118, 0.575188
0.577546, 0.57757, 0.553147, 0.558175
0.571836, 0.571876, 0.546962, 0.552024
0.566137, 0.566153, 0.541199, 0.54621
0.570387, 0.570433, 0.54578, 0.550848
0.567778, 0.567838, 0.542979, 0.548001
0.567784, 0.567844, 0.542985, 0.548007
0.567784, 0.567844, 0.542985, 0.548007
0.567784, 0.567844, 0.542985, 0.548007
0.567784, 0.567844, 0.542985, 0.548007
0.567965, 0.567998, 0.543011, 0.548038
0.569863, 0.570077, 0.54512, 0.550136
0.576826, 0.577188, 0.552312, 0.557317
0.591138, 0.591683, 0.566639, 0.571636
0.612555, 0.613975, 0.588555, 0.593592
0.637522, 0.640698, 0.614671, 0.619506
0.66005, 0.665173, 0.6385, 0.642882
0.681034, 0.688347, 0.660994, 0.664423
0.696532, 0.706388, 0.678238, 0.680513
0.706574, 0.718621, 0.69008, 0.690566
0.715211, 0.728485, 0.699644, 0.698275
0.720556, 0.734837, 0.705879, 0.702087
0.717664, 0.731651, 0.703799, 0.698492
0.720932, 0.735079, 0.708525, 0.702151
0.714396, 0.727734, 0.701939, 0.696061
0.711144, 0.723525, 0.698777, 0.693506
0.696765, 0.706893, 0.682679, 0.679048
0.68902, 0.697931, 0.67406, 0.671493
0.668512, 0.675106, 0.650892, 0.65029
0.649005, 0.653761, 0.629579, 0.630446
0.630771, 0.63334, 0.609263, 0.611928
0.581991, 0.583366, 0.558384, 0.56224
0.569263, 0.569321, 0.544392, 0.5494
0.572536, 0.572853, 0.5477, 0.552601
0.573042, 0.573269, 0.548351, 0.553191
0.573042, 0.573269, 0.548351, 0.553191
0.573042, 0.573269, 0.548351, 0.553191
0.573042, 0.573269, 0.548351, 0.553191
0.573042, 0.573269, 0.548351, 0.553191
0.573042, 0.573269, 0.548351, 0.553191
0.569503, 0.569608, 0.544717, 0.549634
0.576525, 0.576784, 0.551876, 0.5567
0.591993, 0.592554, 0.568458, 0.572961
0.609387, 0.610388, 0.586916, 0.590991
0.628137, 0.629885, 0.60702, 0.610507
0.654919, 0.65793, 0.635725, 0.638151
0.671569, 0.675862, 0.654206, 0.655653
0.68676, 0.692296, 0.670674, 0.671115
0.697826, 0.704992, 0.681783, 0.681252
0.707612, 0.716165, 0.691619, 0.690234
0.715257, 0.724539, 0.698339, 0.696766
0.718297, 0.728387, 0.700093, 0.699105
0.717636, 0.727624, 0.698558, 0.699126
0.717111, 0.727176, 0.697872, 0.699596
0.710249, 0.719394, 0.690322, 0.693313
0.702106, 0.709953, 0.681489, 0.685192
0.690696, 0.697791, 0.669648, 0.673878
0.675646, 0.680976, 0.653502, 0.658306
0.65921, 0.663035, 0.63629, 0.641234
0.638001, 0.640512, 0.614446, 0.619464
0.596302, 0.597369, 0.57185, 0.576813
0.579081, 0.579492, 0.5543, 0.559282
0.570777, 0.57102, 0.545933, 0.550933
0.575741, 0.576595, 0.551294, 0.556321
0.575703, 0.576557, 0.551256, 0.556282
0.575703, 0.576557, 0.551256, 0.556282
0.575703, 0.576557, 0.551256, 0.556282
0.575703, 0.576557, 0.551256, 0.556282
0.575703, 0.576557, 0.551256, 0.556282
0.591419, 0.591511, 0.566705, 0.571732
0.603799, 0.603918, 0.579562, 0.584516
0.628626, 0.628866, 0.605305, 0.610282
0.649072, 0.649403, 0.627062, 0.632239
0.673583, 0.674107, 0.653986, 0.658367
0.682059, 0.682706, 0.663205, 0.668518
0.700984, 0.701823, 0.684215, 0.689744
0.705293, 0.706351, 0.690445, 0.695676
0.718004, 0.71853, 0.70505, 0.710423
0.719825, 0.720238, 0.707744, 0.712914
0.716395, 0.7169, 0.70497, 0.709909
0.721639, 0.721757, 0.714674, 0.716773
0.714923, 0.715029, 0.707515, 0.709498
0.702331, 0.70243, 0.688879, 0.694856
0.685093, 0.685301, 0.671683, 0.675493
0.686786, 0.687141, 0.674518, 0.677189
0.680777, 0.681111, 0.66177, 0.668166
0.676353, 0.676508, 0.660986, 0.663767
0.657363, 0.65776, 0.634766, 0.641797
0.642688, 0.642714, 0.622311, 0.627333
0.639279, 0.639501, 0.616633, 0.62508
0.664713, 0.665013, 0.645133, 0.651383
0.662024, 0.662324, 0.642428, 0.648668
0.661839, 0.662138, 0.642242, 0.64848
0.66183, 0.662129, 0.642232, 0.648471
0.661829, 0.662129, 0.642232, 0.648471
0.606314, 0.606361, 0.581777, 0.587511
0.587171, 0.58727, 0.56309, 0.568728
0.595384, 0.595745, 0.571935, 0.577323
0.622827, 0.623603, 0.600941, 0.606294
0.641332, 0.643111, 0.620757, 0.625275
0.658308, 0.661246, 0.639476, 0.642686
0.668288, 0.672609, 0.65023, 0.651668
0.698429, 0.704836, 0.681106, 0.683352
0.700588, 0.708434, 0.685406, 0.684574
0.721219, 0.730672, 0.708475, 0.707051
0.724114, 0.734789, 0.709464, 0.707006
0.725947, 0.737264, 0.706064, 0.710288
0.738994, 0.750267, 0.72496, 0.723581
0.729691, 0.740627, 0.708608, 0.713996
0.732978, 0.74416, 0.718607, 0.71704
0.720105, 0.728966, 0.698042, 0.704908
0.784942, 0.793838, 0.771905, 0.770266
0.783169, 0.789021, 0.767002, 0.769672
0.805, 0.810254, 0.791172, 0.79192
0.773859, 0.77625, 0.759668, 0.759657
0.556247, 0.556797, 0.531655, 0.536617
0.796811, 0.797174, 0.785206, 0.789136
0.695605, 0.697247, 0.679124, 0.680061
0.707736, 0.709402, 0.691368, 0.692269
0.707138, 0.708803, 0.690765, 0.691667
0.707107, 0.708772, 0.690733, 0.691636
0.707106, 0.70877, 0.690732, 0.691635
0.593147, 0.59316, 0.568667, 0.573732
0.576473, 0.576814, 0.551565, 0.556669
0.574884, 0.5752, 0.550509, 0.555676
0.586081, 0.586304, 0.562876, 0.567975
0.592395, 0.592909, 0.570421, 0.575642
0.603178, 0.603855, 0.582912, 0.588328
0.629585, 0.630776, 0.612563, 0.618399
0.635039, 0.636766, 0.620671, 0.6263
0.649248, 0.651436, 0.638421, 0.64418
0.667655, 0.670385, 0.661315, 0.668059
0.679179, 0.682568, 0.675734, 0.682729
0.688068, 0.692422, 0.688517, 0.695798
0.695887, 0.700587, 0.698714, 0.706524
0.705046, 0.709948, 0.710091, 0.716603
0.707393, 0.712801, 0.713774, 0.721432
0.725744, 0.731597, 0.73367, 0.741575
0.721972, 0.727798, 0.729229, 0.737036
0.726525, 0.732873, 0.732267, 0.738713
0.741671, 0.747188, 0.745864, 0.754037
0.734733, 0.74124, 0.736953, 0.743368
0.736268, 0.741594, 0.734117, 0.741007
0.73411, 0.739475, 0.728211, 0.734256
0.73846, 0.743122, 0.728514, 0.734518
0.734206, 0.739089, 0.719841, 0.725314
0.74285, 0.74583, 0.723262, 0.728354
0.764136, 0.768526, 0.74236, 0.746818
0.805, 0.806196, 0.78634, 0.790529
0.803625, 0.807216, 0.783469, 0.789159
0.801465, 0.801733, 0.790149, 0.792913
0.709267, 0.710013, 0.691591, 0.697108
0.76534, 0.766971, 0.747911, 0.754557
0.804594, 0.805897, 0.800757, 0.79969
0.690146, 0.690209, 0.674184, 0.678933
0.804629, 0.806313, 0.788532, 0.794086
0.801437, 0.803002, 0.794869, 0.793435
0.802373, 0.803063, 0.793906, 0.792258
0.804643, 0.806426, 0.789479, 0.792981
0.745723, 0.746074, 0.724653, 0.729198
0.804994, 0.806712, 0.801801, 0.793892
0.655671, 0.656537, 0.63445, 0.636864
0.804985, 0.807602, 0.794386, 0.797093
0.608003, 0.608387, 0.583538, 0.588325
0.595985, 0.59636, 0.571505, 0.5763
0.594555, 0.594929, 0.570074, 0.57487
0.594489, 0.594863, 0.570008, 0.574804
0.594487, 0.594861, 0.570005, 0.574801
0.576326, 0.576906, 0.551743, 0.556595
0.673493, 0.673536, 0.652523, 0.655276
0.613275, 0.613306, 0.588491, 0.593423
0.664631, 0.664695, 0.643103, 0.646331
0.652114, 0.653926, 0.628935, 0.634163
0.708149, 0.711652, 0.689491, 0.69147
0.674515, 0.681193, 0.65303, 0.658843
0.708773, 0.717849, 0.693031, 0.693282
0.722903, 0.735806, 0.703102, 0.710266
0.804983, 0.818709, 0.797596, 0.793382
0.803973, 0.82094, 0.781919, 0.794734
0.803535, 0.819026, 0.801, 0.793162
0.72392, 0.738572, 0.709036, 0.707126
0.805, 0.820737, 0.786376, 0.794303
0.801207, 0.812432, 0.801652, 0.795851
0.75112, 0.761077, 0.731962, 0.737457
0.795158, 0.804256, 0.772172, 0.783459
0.804687, 0.808011, 0.799441, 0.803405
0.805, 0.808088, 0.783128, 0.79515
0.802958, 0.804595, 0.784671, 0.796718
0.804676, 0.806138, 0.794672, 0.807483
0.798862, 0.800054, 0.788795, 0.801612
0.804659, 0.805861, 0.794676, 0.807596
0.798862, 0.800054, 0.788795, 0.801612
0.804659, 0.805861, 0.794676, 0.807596
0.629576, 0.629659, 0.60571, 0.612503
0.805, 0.805183, 0.786816, 0.799049
0.691178, 0.692314, 0.669187, 0.677321
0.804969, 0.806335, 0.790622, 0.803153
0.676835, 0.679353, 0.656691, 0.662602
0.773201, 0.778588, 0.75209, 0.762171
0.804645, 0.81009, 0.798448, 0.804894
0.705279, 0.712914, 0.689168, 0.690666
0.804457, 0.816065, 0.782577, 0.800277
0.803117, 0.812793, 0.792778, 0.794918
0.804643, 0.814543, 0.799019, 0.80187
0.804643, 0.814543, 0.799019, 0.80187
0.804643, 0.814543, 0.799019, 0.80187
0.804643, 0.814543, 0.799019, 0.80187
0.597038, 0.597063, 0.572481, 0.577495
0.60729, 0.607394, 0.583097, 0.588135
0.629262, 0.629382, 0.606046, 0.610967
0.65561, 0.655921, 0.633974, 0.638938
0.675564, 0.675978, 0.655707, 0.660655
0.690522, 0.691279, 0.672736, 0.677546
0.699054, 0.699703, 0.683265, 0.687713
0.71072, 0.711424, 0.697426, 0.701673
0.716461, 0.716953, 0.705065, 0.708835
0.719906, 0.720312, 0.709269, 0.712734
0.717707, 0.717785, 0.708128, 0.711331
0.713415, 0.713465, 0.703783, 0.706953
0.709086, 0.709185, 0.69879, 0.701842
0.69811, 0.698171, 0.686461, 0.689678
0.682475, 0.682752, 0.668102, 0.67206
0.67105, 0.671242, 0.654805, 0.658529
0.651214, 0.651316, 0.632106, 0.636287
0.630762, 0.630868, 0.609634, 0.614208
0.606999, 0.607135, 0.583831, 0.58871
0.58206, 0.582065, 0.557583, 0.562444
0.570481, 0.570481, 0.545786, 0.550786
0.568327, 0.568464, 0.543484, 0.548418
0.568325, 0.568462, 0.543482, 0.548416
0.568325, 0.568462, 0.543482, 0.548416
0.568325, 0.568462, 0.543482, 0.548416
0.568325, 0.568462, 0.543482, 0.548416
0.568325, 0.568462, 0.543482, 0.548416
0.567069, 0.567115, 0.542119, 0.547141
0.572114, 0.572318, 0.5475, 0.552354
0.585221, 0.585507, 0.561409, 0.566228
0.60368, 0.604521, 0.580941, 0.585245
0.633259, 0.634908, 0.61202, 0.61565
0.650414, 0.653262, 0.6308, 0.633314
0.67595, 0.680452, 0.657911, 0.659061
0.69149, 0.698136, 0.675679, 0.675411
0.704384, 0.712353, 0.689521, 0.688352
0.712953, 0.722599, 0.697574, 0.69515
0.720025, 0.730834, 0.704662, 0.701637
0.724172, 0.735491, 0.707334, 0.704879
0.722904, 0.7339, 0.705262, 0.704111
0.720907, 0.732035, 0.703193, 0.703528
0.717012, 0.727774, 0.699006, 0.700056
0.706623, 0.715599, 0.687302, 0.689396
0.694901, 0.702416, 0.674648, 0.677422
0.68013, 0.686077, 0.658844, 0.662761
0.660101, 0.664168, 0.637711, 0.641662
0.632163, 0.635023, 0.608937, 0.613546
0.610341, 0.611926, 0.586286, 0.591063
0.586729, 0.586981, 0.561907, 0.566804
0.572513, 0.572962, 0.547804, 0.552766
0.576451, 0.577128, 0.551911, 0.556914
0.576431, 0.577108, 0.55189, 0.556894
0.576431, 0.577107, 0.55189, 0.556894
0.576431, 0.577107, 0.55189, 0.556894
0.576431, 0.577107, 0.55189, 0.556894
0.576431, 0.577107, 0.55189, 0.556894
0.563956, 0.564002, 0.539152, 0.544217
0.576684, 0.577381, 0.552348, 0.557434
0.575297, 0.575896, 0.550954, 0.556054
0.583729, 0.584246, 0.560506, 0.565613
0.591434, 0.591862, 0.569259, 0.574474
0.603845, 0.604517, 0.583616, 0.588927
0.618772, 0.619965, 0.60124, 0.606745
0.652288, 0.653823, 0.637918, 0.643544
0.648159, 0.650287, 0.636935, 0.642789
0.666785, 0.66964, 0.660206, 0.666694
0.673938, 0.67741, 0.670049, 0.676689
0.685763, 0.689825, 0.685507, 0.692273
0.691842, 0.696554, 0.693569, 0.700631
0.699513, 0.70472, 0.704025, 0.71157
0.706894, 0.712042, 0.712431, 0.719598
0.712779, 0.718227, 0.719122, 0.72651
0.72001, 0.726014, 0.72748, 0.734728
0.723797, 0.730009, 0.73082, 0.738267
0.7267, 0.73269, 0.731979, 0.739349
0.730323, 0.736278, 0.733307, 0.740317
0.732581, 0.738661, 0.73248, 0.739136
0.73418, 0.739659, 0.730525, 0.736962
0.734356, 0.740024, 0.726736, 0.73279
0.733732, 0.738589, 0.721593, 0.727323
0.733223, 0.737449, 0.716528, 0.721883
0.731941, 0.735502, 0.711118, 0.715954
0.731161, 0.734065, 0.708984, 0.713017
0.729431, 0.731495, 0.708848, 0.71308
0.725212, 0.727297, 0.705951, 0.710285
0.720191, 0.721525, 0.701925, 0.706879
0.715555, 0.71632, 0.698091, 0.703645
0.711047, 0.711495, 0.694114, 0.699825
0.704607, 0.704804, 0.687971, 0.693731
0.696786, 0.696869, 0.679761, 0.685499
0.687395, 0.687462, 0.669759, 0.675544
0.679115, 0.679338, 0.660871, 0.666461
0.668499, 0.668532, 0.649217, 0.654722
0.658986, 0.659142, 0.639119, 0.644593
0.632674, 0.632868, 0.611442, 0.616738
0.63106, 0.631149, 0.609135, 0.614397
0.612485, 0.612828, 0.589755, 0.594971
0.601843, 0.601955, 0.578276, 0.583372
0.584435, 0.584528, 0.560189, 0.565246
0.573562, 0.573629, 0.548821, 0.553852
0.571029, 0.571073, 0.546316, 0.551404
0.569531, 0.569532, 0.544767, 0.5498
0.572397, 0.572538, 0.54798, 0.553058
0.572395, 0.572536, 0.547978, 0.553056
0.572395, 0.572536, 0.547978, 0.553056
0.572395, 0.572536, 0.547978, 0.553056
0.572395, 0.572536, 0.547978, 0.553056
0.572395, 0.572536, 0.547978, 0.553056
0.56716, 0.567295, 0.542276, 0.547279
0.573388, 0.573616, 0.548829, 0.55388
0.582947, 0.583249, 0.558203, 0.563231
0.606806, 0.607881, 0.582656, 0.587642
0.628967, 0.631369, 0.60559, 0.610347
0.65654, 0.661694, 0.634984, 0.639402
0.673961, 0.680684, 0.653506, 0.657235
0.693055, 0.702174, 0.674294, 0.677037
0.705522, 0.71721, 0.688633, 0.689343
0.712717, 0.725771, 0.696876, 0.695816
0.716717, 0.731152, 0.702062, 0.698653
0.719243, 0.733707, 0.705593, 0.699963
0.721008, 0.735703, 0.708558, 0.702001
0.71493, 0.728049, 0.702474, 0.696777
0.709592, 0.721975, 0.697143, 0.691873
0.698739, 0.709123, 0.684911, 0.681067
0.688865, 0.698005, 0.67409, 0.671187
0.672139, 0.678953, 0.654907, 0.65404
0.650833, 0.655615, 0.631454, 0.632269
0.632804, 0.636066, 0.611491, 0.613677
0.595227, 0.59658, 0.571828, 0.575654
0.578088, 0.5781, 0.553395, 0.558348
0.571178, 0.571406, 0.546377, 0.55123
0.573924, 0.57426, 0.549239, 0.554016
0.573922, 0.574258, 0.549237, 0.554014
0.573922, 0.574258, 0.549237, 0.554014
0.573922, 0.574258, 0.549237, 0.554014
0.573922, 0.574258, 0.549237, 0.554014
0.573922, 0.574258, 0.549237, 0.554014
0.568576, 0.568598, 0.543818, 0.548793
0.574813, 0.575055, 0.550208, 0.555011
0.590428, 0.5909, 0.566843, 0.571392
0.607727, 0.608643, 0.585239, 0.589382
0.630504, 0.632434, 0.609699, 0.613013
0.658109, 0.661216, 0.639226, 0.641607
0.670332, 0.674781, 0.652762, 0.654039
0.689263, 0.695225, 0.672897, 0.673127
0.699201, 0.706421, 0.683425, 0.68285
0.709725, 0.718455, 0.693428, 0.691895
0.714871, 0.724255, 0.697799, 0.696151
0.716884, 0.726626, 0.698413, 0.697692
0.717383, 0.727111, 0.698085, 0.698889
0.715379, 0.72477, 0.695794, 0.697675
0.708664, 0.717323, 0.688569, 0.691382
0.699914, 0.707778, 0.679277, 0.683096
0.688385, 0.694754, 0.666878, 0.671273
0.673648, 0.678826, 0.651422, 0.65627
0.655586, 0.659245, 0.63256, 0.637518
0.630571, 0.632527, 0.606629, 0.611628
0.616897, 0.618085, 0.592564, 0.597567
0.589368, 0.589504, 0.564474, 0.569471
0.576165, 0.576801, 0.55162, 0.556695
0.575482, 0.576178, 0.550949, 0.555991
0.575475, 0.576171, 0.550942, 0.555984
0.575475, 0.576171, 0.550942, 0.555984
0.575475, 0.576171, 0.550942, 0.555984
0.575475, 0.576171, 0.550942, 0.555984
0.593049, 0.593195, 0.568321, 0.573336
0.60084, 0.600908, 0.576496, 0.581515
0.629678, 0.630032, 0.606363, 0.611411
0.647724, 0.648064, 0.625751, 0.630758
0.679335, 0.67991, 0.6594, 0.664432
0.683271, 0.683869, 0.664766, 0.669617
0.700723, 0.701294, 0.6847, 0.689101
0.709362, 0.710264, 0.6955, 0.699984
0.715134, 0.715823, 0.703024, 0.707238
0.719195, 0.719434, 0.708833, 0.712372
0.721263, 0.721507, 0.712061, 0.715349
0.716497, 0.716638, 0.707169, 0.710279
0.709592, 0.709779, 0.699143, 0.702417
0.699884, 0.70022, 0.68825, 0.691914
0.689053, 0.689063, 0.675835, 0.679299
0.665468, 0.665811, 0.649402, 0.653504
0.655288, 0.655468, 0.636937, 0.641143
0.634846, 0.635103, 0.614041, 0.618743
0.613649, 0.613779, 0.591075, 0.595861
0.589191, 0.589249, 0.565013, 0.569919
0.563626, 0.563644, 0.538701, 0.543686
0.569868, 0.569933, 0.545269, 0.550301
0.569924, 0.569989, 0.545325, 0.550357
0.569924, 0.569989, 0.545325, 0.550357
0.569924, 0.569989, 0.545325, 0.550357
0.569924, 0.569989, 0.545325, 0.550357
0.569924, 0.569989, 0.545325, 0.550357
0.56681, 0.566835, 0.54188, 0.546959
0.56874, 0.568797, 0.543986, 0.548945
0.578144, 0.578282, 0.553901, 0.558809
0.598416, 0.599053, 0.575432, 0.57998
0.620468, 0.621839, 0.599005, 0.603004
0.643113, 0.645479, 0.623012, 0.626023
0.666502, 0.670439, 0.648109, 0.64982
0.686769, 0.692581, 0.670531, 0.670841
0.701983, 0.70987, 0.686791, 0.685611
0.710168, 0.719, 0.695359, 0.693394
0.718434, 0.728678, 0.703675, 0.701006
0.723086, 0.734101, 0.70681, 0.704111
0.72471, 0.736303, 0.707434, 0.705946
0.7228, 0.73417, 0.705237, 0.70503
0.717575, 0.727776, 0.69926, 0.700093
0.709301, 0.718785, 0.690405, 0.692494
0.700516, 0.709178, 0.680964, 0.683874
0.687756, 0.694361, 0.666924, 0.67061
0.669119, 0.67406, 0.647148, 0.651624
0.645608, 0.648823, 0.622617, 0.627096
0.601814, 0.603583, 0.577913, 0.5825
0.590492, 0.591007, 0.565846, 0.570714
0.5752, 0.575617, 0.550515, 0.555562
0.576254, 0.577116, 0.551836, 0.556813
0.578023, 0.578863, 0.553624, 0.558725
0.578022, 0.578863, 0.553624, 0.558725
0.578022, 0.578863, 0.553624, 0.558725
0.578022, 0.578863, 0.553624, 0.558725
0.578022, 0.578863, 0.553624, 0.558725
0.564094, 0.564158, 0.539191, 0.544211
0.571284, 0.571654, 0.546647, 0.551704
0.575813, 0.576334, 0.551574, 0.556637
0.582152, 0.582739, 0.558451, 0.563587
0.587435, 0.588008, 0.564737, 0.569927
0.598539, 0.599297, 0.57764, 0.582925
0.61385, 0.614978, 0.595178, 0.600574
0.628015, 0.629238, 0.611959, 0.61746
0.642842, 0.644616, 0.630187, 0.63608
0.660529, 0.662836, 0.651961, 0.658075
0.671864, 0.675183, 0.667083, 0.673555
0.680332, 0.684154, 0.678529, 0.685299
0.687761, 0.692097, 0.688392, 0.695411
0.701617, 0.706509, 0.706307, 0.713411
0.705969, 0.710959, 0.711915, 0.719197
0.709565, 0.714662, 0.716263, 0.724046
0.718504, 0.72446, 0.726252, 0.733481
0.721429, 0.727585, 0.728369, 0.735748
0.725525, 0.732067, 0.731869, 0.739269
0.728368, 0.734256, 0.73237, 0.739583
0.73147, 0.737622, 0.733191, 0.740146
0.733436, 0.739077, 0.731449, 0.738037
0.734075, 0.739558, 0.72812, 0.734313
0.736162, 0.740981, 0.726167, 0.732067
0.733853, 0.73849, 0.719397, 0.72491
0.734474, 0.737932, 0.715355, 0.720528
0.732043, 0.735103, 0.709838, 0.714332
0.730231, 0.732905, 0.708838, 0.712515
0.728913, 0.73057, 0.70913, 0.713728
0.724688, 0.726315, 0.706212, 0.711008
0.719801, 0.721091, 0.702205, 0.707309
0.712691, 0.71345, 0.695361, 0.700897
0.708624, 0.708804, 0.691705, 0.697386
0.699407, 0.699509, 0.682383, 0.688235
0.695972, 0.696063, 0.679088, 0.684752
0.686501, 0.686557, 0.668784, 0.674384
0.675937, 0.676133, 0.657441, 0.663026
0.665994, 0.666216, 0.646645, 0.652087
0.646311, 0.646591, 0.625747, 0.631171
0.635122, 0.635263, 0.613722, 0.619034
0.615358, 0.615634, 0.593075, 0.598307
0.608328, 0.608483, 0.585253, 0.590418
0.59322, 0.593401, 0.569194, 0.574263
0.575096, 0.575177, 0.550567, 0.555623
0.572005, 0.572078, 0.547214, 0.552235
0.569632, 0.569766, 0.544962, 0.550007
0.571318, 0.571324, 0.546726, 0.55179
0.570892, 0.57095, 0.546367, 0.551453
0.570892, 0.570949, 0.546366, 0.551452
0.570892, 0.570949, 0.546366, 0.551452
0.570892, 0.570949, 0.546366, 0.551452
0.570892, 0.570949, 0.546366, 0.551452
0.568049, 0.568097, 0.543089, 0.548111
0.570447, 0.570659, 0.545828, 0.550876
0.576776, 0.577007, 0.552228, 0.557222
0.5906, 0.590989, 0.565899, 0.570917
0.619074, 0.620446, 0.595054, 0.60004
0.632103, 0.635511, 0.609347, 0.614022
0.663426, 0.669134, 0.642284, 0.646484
0.685642, 0.693527, 0.666018, 0.669486
0.695867, 0.706118, 0.677912, 0.679861
0.708044, 0.720349, 0.691627, 0.691994
0.715178, 0.728436, 0.699592, 0.698087
0.720301, 0.734544, 0.705807, 0.70172
0.720268, 0.734203, 0.706776, 0.701042
0.718826, 0.732553, 0.706334, 0.700321
0.714034, 0.727198, 0.70157, 0.695825
0.706503, 0.718655, 0.693575, 0.688477
0.697988, 0.707772, 0.684185, 0.680711
0.682523, 0.690958, 0.666634, 0.664428
0.667328, 0.673577, 0.649569, 0.649065
0.644915, 0.649213, 0.625158, 0.626314
0.615839, 0.618229, 0.593933, 0.596759
0.598684, 0.599579, 0.574888, 0.579057
0.575774, 0.575791, 0.550878, 0.555838
0.571651, 0.571942, 0.546806, 0.551674
0.570025, 0.570165, 0.545182, 0.550096
0.570025, 0.570165, 0.545182, 0.550096
0.570025, 0.570165, 0.545182, 0.550096
0.570025, 0.570165, 0.545182, 0.550096
0.570025, 0.570165, 0.545182, 0.550096
0.570025, 0.570165, 0.545182, 0.550096
0.568302, 0.568376, 0.543451, 0.54838
0.576705, 0.576931, 0.552139, 0.556949
0.591847, 0.592494, 0.568213, 0.572696
0.61415, 0.615115, 0.591725, 0.595817
0.631871, 0.633779, 0.611234, 0.614605
0.652682, 0.655642, 0.633567, 0.636089
0.67226, 0.676615, 0.654838, 0.656179
0.686364, 0.691986, 0.669966, 0.670402
0.700791, 0.708224, 0.685002, 0.684336
0.708707, 0.717317, 0.692591, 0.691127
0.714638, 0.723793, 0.697758, 0.696182
0.718837, 0.728875, 0.70073, 0.69967
0.718625, 0.728562, 0.699459, 0.700156
0.716204, 0.726145, 0.696929, 0.698599
0.710619, 0.71978, 0.690767, 0.69367
0.702132, 0.709889, 0.681467, 0.685183
0.689893, 0.696803, 0.668655, 0.672882
0.676134, 0.681294, 0.653944, 0.658628
0.657997, 0.661905, 0.635075, 0.639961
0.638282, 0.64082, 0.61471, 0.619685
0.608618, 0.609936, 0.584342, 0.589347
0.584436, 0.584691, 0.559573, 0.564583
0.571354, 0.571741, 0.546671, 0.55171
0.576629, 0.577378, 0.552116, 0.557142
0.576576, 0.577325, 0.552063, 0.55709
0.576576, 0.577325, 0.552062, 0.557089
0.576576, 0.577325, 0.552062, 0.557089
0.576576, 0.577325, 0.552062, 0.557089
0.576576, 0.577325, 0.552062, 0.557089
0.59419, 0.594329, 0.569506, 0.574547
0.602931, 0.603041, 0.578674, 0.583716
0.629119, 0.629238, 0.60594, 0.610817
0.65446, 0.65483, 0.6328, 0.637722
0.672813, 0.673293, 0.653004, 0.658016
0.685946, 0.686488, 0.6678, 0.67249
0.699639, 0.700393, 0.683555, 0.688215
0.709372, 0.710012, 0.695655, 0.699791
0.71637, 0.717021, 0.70466, 0.708725
0.717689, 0.71821, 0.70668, 0.710429
0.719766, 0.719807, 0.710662, 0.713821
0.71511, 0.715429, 0.705254, 0.708502
0.709181, 0.709201, 0.698996, 0.70195
0.700012, 0.70018, 0.688404, 0.691843
0.681521, 0.681799, 0.667305, 0.671218
0.670768, 0.671023, 0.654407, 0.658362
0.652595, 0.652794, 0.633656, 0.638002
0.633032, 0.633236, 0.612219, 0.616913
0.608636, 0.608846, 0.585648, 0.590569
0.585444, 0.585528, 0.561118, 0.566072
0.568328, 0.568335, 0.543655, 0.548686
0.57065, 0.570686, 0.546158, 0.55126
0.570657, 0.570692, 0.546164, 0.551267
0.570657, 0.570692, 0.546164, 0.551267
0.570657, 0.570692, 0.546164, 0.551267
0.570657, 0.570692, 0.546164, 0.551267
0.570657, 0.570692, 0.546164, 0.551267
0.566374, 0.566434, 0.541407, 0.546417
0.569665, 0.569677, 0.545016, 0.549972
0.584261, 0.584513, 0.560373, 0.565158
0.602589, 0.603322, 0.579625, 0.583991
0.626486, 0.628095, 0.605264, 0.608967
0.646239, 0.649104, 0.626787, 0.629497
0.670233, 0.674671, 0.652291, 0.653619
0.694428, 0.701028, 0.67846, 0.6782
0.703409, 0.711292, 0.688262, 0.687077
0.712613, 0.722321, 0.697395, 0.694971
0.719223, 0.729733, 0.703452, 0.700724
0.723808, 0.735063, 0.70687, 0.704728
0.723304, 0.734468, 0.705754, 0.704753
0.721202, 0.732226, 0.703433, 0.703442
0.716858, 0.727682, 0.698833, 0.7002
0.706823, 0.715742, 0.687512, 0.689835
0.694775, 0.702191, 0.674393, 0.677869
0.681979, 0.688191, 0.6609, 0.664685
0.661941, 0.666083, 0.639519, 0.643966
0.621727, 0.624559, 0.598493, 0.603227
0.613545, 0.615121, 0.589509, 0.594474
0.585996, 0.586168, 0.561127, 0.566031
0.575767, 0.576276, 0.551267, 0.55635
0.577433, 0.578398, 0.553076, 0.557962
0.577441, 0.578406, 0.553084, 0.55797
0.577441, 0.578406, 0.553084, 0.55797
0.577441, 0.578406, 0.553084, 0.55797
0.577441, 0.578406, 0.553084, 0.55797
0.577441, 0.578406, 0.553084, 0.55797
0.569151, 0.569186, 0.544191, 0.549188
0.574938, 0.575593, 0.550428, 0.555477
0.578905, 0.579409, 0.554907, 0.559988
0.5821, 0.582525, 0.55866, 0.56405
0.59335, 0.593946, 0.571405, 0.576815
0.608391, 0.60928, 0.588785, 0.594104
0.621502, 0.622768, 0.604465, 0.609994
0.637664, 0.639108, 0.623134, 0.628731
0.652527, 0.654668, 0.641952, 0.648072
0.663754, 0.666478, 0.656669, 0.663087
0.676259, 0.679847, 0.672654, 0.679213
0.686658, 0.69075, 0.686623, 0.693347
0.69483, 0.699428, 0.697916, 0.705123
0.69938, 0.704311, 0.703675, 0.711159
0.707346, 0.712497, 0.712891, 0.720177
0.713139, 0.718854, 0.719902, 0.727357
0.720042, 0.726173, 0.72743, 0.73478
0.724482, 0.73064, 0.731314, 0.738678
0.728059, 0.734274, 0.733267, 0.740462
0.730899, 0.736699, 0.733316, 0.740136
0.732772, 0.738712, 0.732315, 0.738972
0.736087, 0.741777, 0.732626, 0.739135
0.734793, 0.740212, 0.726686, 0.732768
0.735945, 0.740668, 0.723397, 0.729098
0.733774, 0.737671, 0.716296, 0.721588
0.732702, 0.736289, 0.711527, 0.716226
0.73195, 0.734738, 0.709886, 0.713885
0.727884, 0.729804, 0.70733, 0.711601
0.725392, 0.72722, 0.706441, 0.711018
0.721596, 0.72289, 0.703753, 0.708825
0.716571, 0.717205, 0.699343, 0.704917
0.710093, 0.710305, 0.693326, 0.699184
0.704524, 0.704785, 0.688072, 0.693844
0.695866, 0.6961, 0.678936, 0.684732
0.687186, 0.687376, 0.669784, 0.675549
0.677931, 0.678147, 0.659638, 0.665247
0.667275, 0.667485, 0.648135, 0.653685
0.655616, 0.655995, 0.635675, 0.641165
0.638232, 0.638562, 0.617163, 0.622466
0.627694, 0.627935, 0.605724, 0.611014
0.606798, 0.607067, 0.58399, 0.589178
0.59317, 0.593322, 0.569362, 0.574448
0.584391, 0.584472, 0.560007, 0.565062
0.575055, 0.575108, 0.550346, 0.555368
0.569151, 0.569181, 0.544324, 0.549364
0.569728, 0.569735, 0.544966, 0.550005
0.57097, 0.571069, 0.546407, 0.551488
0.570969, 0.571068, 0.546407, 0.551488
0.570969, 0.571068, 0.546407, 0.551488
0.570969, 0.571068, 0.546407, 0.551488
0.570969, 0.571068, 0.546407, 0.551488
0.569609, 0.569667, 0.544672, 0.549663
0.569742, 0.57, 0.545041, 0.550074
0.571002, 0.571112, 0.546235, 0.551223
0.592757, 0.59334, 0.568391, 0.573369
0.611833, 0.613156, 0.587732, 0.592773
0.637756, 0.640654, 0.614721, 0.61953
0.658863, 0.663895, 0.63729, 0.641584
0.682467, 0.689841, 0.662518, 0.666119
0.693449, 0.70277, 0.674817, 0.677416
0.706944, 0.719261, 0.690487, 0.690923
0.715442, 0.728699, 0.699819, 0.698227
0.719877, 0.734187, 0.705336, 0.701601
0.719287, 0.733106, 0.705575, 0.699918
0.718949, 0.73283, 0.706479, 0.700415
0.714271, 0.72756, 0.701925, 0.696066
0.706163, 0.718247, 0.693337, 0.688298
0.696879, 0.706512, 0.68287, 0.679486
0.684406, 0.693087, 0.668879, 0.666408
0.666788, 0.67297, 0.648939, 0.648558
0.634857, 0.639129, 0.61497, 0.616178
0.614919, 0.617343, 0.592988, 0.595795
0.59733, 0.598193, 0.573715, 0.57786
0.574194, 0.574199, 0.54932, 0.55429
0.570072, 0.570275, 0.545202, 0.550083
0.574224, 0.574664, 0.549479, 0.554259
0.574215, 0.574655, 0.54947, 0.55425
0.574215, 0.574655, 0.54947, 0.55425
0.574215, 0.574655, 0.54947, 0.55425
0.574215, 0.574655, 0.54947, 0.55425
0.574215, 0.574655, 0.54947, 0.55425
0.570552, 0.570606, 0.545899, 0.550865
0.579981, 0.580306, 0.555798, 0.560488
0.593839, 0.59435, 0.570513, 0.574995
0.615575, 0.616643, 0.593425, 0.59743
0.635283, 0.637436, 0.614849, 0.617982
0.656174, 0.659134, 0.637388, 0.639833
0.674736, 0.679312, 0.657714, 0.658874
0.692732, 0.699106, 0.67688, 0.676806
0.699464, 0.706722, 0.68367, 0.683091
0.714496, 0.72388, 0.69848, 0.696578
0.715468, 0.724685, 0.698249, 0.696685
0.719364, 0.729535, 0.700845, 0.700232
0.71632, 0.725691, 0.69681, 0.697821
0.713358, 0.722461, 0.693568, 0.695688
0.706547, 0.714919, 0.686255, 0.689431
0.698625, 0.706845, 0.678149, 0.682077
0.685807, 0.691692, 0.664014, 0.668585
0.670133, 0.675171, 0.647841, 0.652707
0.650563, 0.653823, 0.627347, 0.632331
0.626104, 0.628017, 0.602132, 0.607112
0.584628, 0.585314, 0.559995, 0.564985
0.572962, 0.573053, 0.548021, 0.553078
0.57483, 0.575486, 0.550291, 0.555321
0.577616, 0.578463, 0.55317, 0.558211
0.577619, 0.578466, 0.553173, 0.558214
0.577619, 0.578466, 0.553173, 0.558214
0.577619, 0.578466, 0.553173, 0.558214
0.577619, 0.578466, 0.553173, 0.558214
0.584617, 0.584692, 0.559742, 0.564785
0.603163, 0.603304, 0.578643, 0.583767
0.630325, 0.630805, 0.606905, 0.612087
0.650436, 0.651292, 0.628374, 0.633745
0.672791, 0.67416, 0.652803, 0.65854
0.684448, 0.686043, 0.665637, 0.671259
0.700507, 0.702523, 0.683511, 0.689621
0.707963, 0.710451, 0.693267, 0.699247
0.715027, 0.717657, 0.701537, 0.707823
0.718301, 0.720907, 0.70514, 0.711163
0.719295, 0.722099, 0.706539, 0.712697
0.716606, 0.719056, 0.703521, 0.709692
0.709434, 0.711672, 0.695243, 0.701202
0.701163, 0.703329, 0.686119, 0.692244
0.68725, 0.68894, 0.670532, 0.676366
0.668153, 0.66958, 0.649534, 0.655202
0.655708, 0.656681, 0.635145, 0.640647
0.63423, 0.634929, 0.612187, 0.617543
0.611829, 0.61229, 0.588402, 0.593607
0.586744, 0.586798, 0.562047, 0.567146
0.567284, 0.567327, 0.542484, 0.547532
0.570145, 0.570162, 0.545485, 0.550553
0.570153, 0.57017, 0.545493, 0.550561
0.570153, 0.57017, 0.545493, 0.550561
0.570153, 0.57017, 0.545493, 0.550561
0.570153, 0.57017, 0.545493, 0.550561
0.570153, 0.57017, 0.545493, 0.550561
0.567098, 0.56711, 0.542146, 0.547151
0.570087, 0.570124, 0.545434, 0.550485
0.582189, 0.582219, 0.55766, 0.562736
0.599697, 0.599758, 0.575474, 0.580587
0.628454, 0.628827, 0.604552, 0.609602
0.645393, 0.64603, 0.621328, 0.626093
0.669624, 0.670736, 0.645932, 0.65036
0.688656, 0.69039, 0.665433, 0.669596
0.703496, 0.70569, 0.680678, 0.684262
0.710499, 0.713216, 0.688026, 0.691201
0.719686, 0.72267, 0.697484, 0.700508
0.724805, 0.728308, 0.702965, 0.706425
0.722735, 0.7261, 0.70067, 0.705035
0.722017, 0.72549, 0.700097, 0.704585
0.717701, 0.721198, 0.695983, 0.700756
0.709291, 0.712237, 0.687478, 0.692197
0.697032, 0.699661, 0.675093, 0.6799
0.683845, 0.685965, 0.66166, 0.666469
0.663892, 0.66539, 0.640894, 0.645775
0.643812, 0.644858, 0.620204, 0.625171
0.610949, 0.611488, 0.586708, 0.59169
0.594918, 0.595029, 0.569992, 0.575043
0.570928, 0.571128, 0.546467, 0.551609
0.578755, 0.579132, 0.554231, 0.559293
0.578571, 0.578949, 0.554047, 0.55911
0.578569, 0.578947, 0.554045, 0.559108
0.578569, 0.578947, 0.554045, 0.559108
0.578569, 0.578947, 0.554045, 0.559108
0.578569, 0.578947, 0.554045, 0.559108
0.568286, 0.568383, 0.543727, 0.548805
0.574326, 0.574573, 0.549877, 0.554973
0.576231, 0.576497, 0.551864, 0.556958
0.582004, 0.58245, 0.559189, 0.564705
0.593119, 0.593809, 0.572286, 0.577574
0.602903, 0.6039, 0.584532, 0.589887
0.582896, 0.584383, 0.567612, 0.573216
0.629137, 0.631222, 0.618181, 0.623993
0.644426, 0.646976, 0.638087, 0.644329
0.661419, 0.665042, 0.661813, 0.668551
0.675234, 0.679575, 0.680954, 0.687894
0.685839, 0.691218, 0.698777, 0.706378
0.692328, 0.698295, 0.70895, 0.716603
0.699836, 0.706932, 0.722647, 0.730998
0.706302, 0.71409, 0.735417, 0.744865
0.712496, 0.721097, 0.745057, 0.754163
0.718276, 0.727708, 0.75649, 0.766023
0.721399, 0.731397, 0.763045, 0.773054
0.71125, 0.719612, 0.745312, 0.755694
0.682628, 0.687225, 0.692386, 0.701966
0.628027, 0.628085, 0.605455, 0.612223
0.660842, 0.663253, 0.649361, 0.655089
0.696723, 0.701064, 0.697794, 0.705355
0.691614, 0.695897, 0.693857, 0.702314
0.670471, 0.673175, 0.663082, 0.670713
0.646522, 0.648171, 0.63268, 0.639423
0.63972, 0.641349, 0.625727, 0.632446
0.638718, 0.640343, 0.624701, 0.631416
0.638616, 0.640241, 0.624597, 0.631312
0.638606, 0.640231, 0.624587, 0.631302
0.638605, 0.640231, 0.624586, 0.631301
0.638605, 0.64023, 0.624586, 0.631301
0.638605, 0.64023, 0.624586, 0.631301
0.638605, 0.64023, 0.624586, 0.631301
0.638605, 0.64023, 0.624586, 0.631301
0.638605, 0.64023, 0.624586, 0.631301
0.638605, 0.64023, 0.624586, 0.631301
0.638605, 0.64023, 0.624586, 0.631301
0.638605, 0.64023, 0.624586, 0.631301
0.638605, 0.64023, 0.624586, 0.631301
0.638605, 0.64023, 0.624586, 0.631301
0.638605, 0.64023, 0.624586, 0.631301
0.638605, 0.64023, 0.624586, 0.631301
0.638605, 0.64023, 0.624586, 0.631301
0.638605, 0.64023, 0.624586, 0.631301
0.638605, 0.64023, 0.624586, 0.631301
0.638605, 0.64023, 0.624586, 0.631301
0.638605, 0.64023, 0.624586, 0.631301
0.638605, 0.64023, 0.624586, 0.631301
0.638605, 0.64023, 0.624586, 0.631301
0.638605, 0.64023, 0.624586, 0.631301
0.638605, 0.64023, 0.624586, 0.631301
0.638605, 0.64023, 0.624586, 0.631301
0.638605, 0.64023, 0.624586, 0.631301
0.638605, 0.64023, 0.624586, 0.631301
0.638605, 0.64023, 0.624586, 0.631301
0.638605, 0.64023, 0.624586, 0.631301
0.638605, 0.64023, 0.624586, 0.631301
0.638605, 0.64023, 0.624586, 0.631301
0.638605, 0.64023, 0.624586, 0.631301
0.638605, 0.639635, 0.619041, 0.62492
0.638605, 0.639635, 0.619041, 0.62492
0.567109, 0.567203, 0.54243, 0.547473
0.570591, 0.570717, 0.545992, 0.551051
0.57272, 0.57274, 0.548237, 0.553265
0.576894, 0.576906, 0.552668, 0.557763
0.587123, 0.587369, 0.563794, 0.568908
0.598293, 0.598536, 0.575996, 0.581144
0.60586, 0.606362, 0.5849, 0.590258
0.620781, 0.621657, 0.601606, 0.607115
0.636381, 0.637381, 0.618897, 0.624484
0.645555, 0.647053, 0.629276, 0.635
0.658534, 0.660514, 0.644048, 0.649732
0.666296, 0.66859, 0.653436, 0.659412
0.672435, 0.675059, 0.660345, 0.666355
0.681476, 0.684248, 0.670653, 0.676852
0.688035, 0.691283, 0.677771, 0.684001
0.692019, 0.695261, 0.681486, 0.687648
0.69675, 0.699925, 0.685774, 0.691822
0.703199, 0.706847, 0.69181, 0.697691
0.706746, 0.710363, 0.694323, 0.700146
0.710089, 0.713501, 0.696095, 0.701813
0.710179, 0.713124, 0.693759, 0.699246
0.713516, 0.716406, 0.695062, 0.700326
0.713512, 0.71583, 0.692424, 0.697538
0.714469, 0.716924, 0.691628, 0.696285
0.713481, 0.715821, 0.690721, 0.694616
0.711719, 0.71376, 0.690055, 0.694135
0.710038, 0.711359, 0.689211, 0.693881
0.70659, 0.707548, 0.686541, 0.69158
0.706424, 0.707082, 0.687175, 0.692483
0.700686, 0.700999, 0.68178, 0.687382
0.697614, 0.697755, 0.679351, 0.684991
0.694194, 0.694294, 0.676175, 0.681787
0.687163, 0.687226, 0.668896, 0.674549
0.68083, 0.680938, 0.662414, 0.668124
0.673757, 0.673875, 0.654911, 0.660535
0.664912, 0.665243, 0.645367, 0.650831
0.657081, 0.657405, 0.637089, 0.642483
0.647588, 0.647783, 0.626842, 0.632255
0.638673, 0.638825, 0.617105, 0.622418
0.617864, 0.618092, 0.59546, 0.600701
0.607226, 0.607318, 0.584092, 0.589271
0.597272, 0.59739, 0.573694, 0.578819
0.588867, 0.588914, 0.56464, 0.569693
0.580436, 0.58051, 0.555864, 0.560884
0.584402, 0.58444, 0.559536, 0.564547
0.567885, 0.567889, 0.543035, 0.548057
0.567717, 0.56772, 0.542829, 0.547849
0.567717, 0.56772, 0.54283, 0.547849
0.567717, 0.56772, 0.54283, 0.547849
0.567717, 0.56772, 0.54283, 0.547849
0.567717, 0.56772, 0.54283, 0.547849
0.567717, 0.56772, 0.54283, 0.547849
0.566765, 0.566842, 0.541816, 0.546835
0.568721, 0.568954, 0.543922, 0.548934
0.574736, 0.574926, 0.549926, 0.554936
0.594019, 0.594636, 0.569449, 0.574441
0.620982, 0.622795, 0.597217, 0.602105
0.637935, 0.64151, 0.615348, 0.619924
0.666858, 0.672808, 0.645871, 0.650028
0.686899, 0.69514, 0.667496, 0.670554
0.697232, 0.707891, 0.679566, 0.681415
0.710655, 0.723145, 0.69439, 0.694427
0.713796, 0.727553, 0.69858, 0.69654
0.7215, 0.736025, 0.707312, 0.702769
0.72082, 0.735684, 0.707919, 0.701536
0.71977, 0.734436, 0.707929, 0.7013
0.713919, 0.72756, 0.701876, 0.695757
0.70535, 0.716701, 0.692554, 0.687986
0.694017, 0.704379, 0.679839, 0.676142
0.67956, 0.686916, 0.663343, 0.661853
0.661451, 0.667011, 0.643111, 0.643211
0.647449, 0.650916, 0.626649, 0.628555
0.644595, 0.646518, 0.622202, 0.625405
0.60235, 0.603004, 0.578198, 0.582602
0.567731, 0.567819, 0.54278, 0.547752
0.571171, 0.571447, 0.546318, 0.551262
0.571168, 0.571444, 0.546315, 0.551258
0.571168, 0.571444, 0.546315, 0.551258
0.571168, 0.571444, 0.546315, 0.551258
0.571168, 0.571444, 0.546315, 0.551258
0.571168, 0.571444, 0.546315, 0.551258
0.570261, 0.570461, 0.54538, 0.550406
0.570187, 0.570227, 0.545443, 0.550406
0.584885, 0.585327, 0.560888, 0.565496
0.601668, 0.602465, 0.578697, 0.582996
0.622454, 0.624018, 0.60096, 0.604571
0.642184, 0.644514, 0.622383, 0.625348
0.667451, 0.671394, 0.649509, 0.651231
0.683763, 0.689371, 0.666959, 0.667521
0.69437, 0.70093, 0.678583, 0.67838
0.707823, 0.716138, 0.692362, 0.69113
0.714569, 0.724046, 0.697988, 0.696095
0.718537, 0.728625, 0.700683, 0.699311
0.718581, 0.728367, 0.699413, 0.699818
0.71622, 0.726222, 0.697007, 0.698496
0.710483, 0.719457, 0.690583, 0.693173
0.70292, 0.711257, 0.682559, 0.686091
0.692877, 0.700013, 0.671815, 0.676013
0.679508, 0.685257, 0.657591, 0.662274
0.661951, 0.666232, 0.639241, 0.644156
0.642001, 0.644764, 0.618534, 0.623509
0.616241, 0.617786, 0.592077, 0.59707
0.604871, 0.605189, 0.580048, 0.585063
0.569128, 0.569425, 0.544319, 0.549362
0.575002, 0.575659, 0.550426, 0.555446
0.574938, 0.575594, 0.550362, 0.555382
0.574937, 0.575594, 0.550362, 0.555381
0.574937, 0.575594, 0.550362, 0.555381
0.574937, 0.575594, 0.550362, 0.555381
0.574937, 0.575594, 0.550362, 0.555381
0.596473, 0.596583, 0.571746, 0.57684
0.604256, 0.604406, 0.579831, 0.585013
0.630077, 0.630533, 0.606648, 0.611866
0.641708, 0.642564, 0.619775, 0.625138
0.673236, 0.674615, 0.653215, 0.658924
0.686287, 0.688094, 0.667868, 0.673527
0.700874, 0.702979, 0.684479, 0.690567
0.708214, 0.710857, 0.693665, 0.699743
0.714519, 0.717106, 0.700911, 0.707164
0.720445, 0.72309, 0.707478, 0.713667
0.719779, 0.722448, 0.70752, 0.713639
0.716802, 0.719246, 0.703774, 0.709999
0.709207, 0.711422, 0.69482, 0.700764
0.699891, 0.701924, 0.684641, 0.690738
0.688062, 0.6897, 0.671155, 0.676988
0.669022, 0.670444, 0.650194, 0.655845
0.655741, 0.656777, 0.635434, 0.640984
0.634369, 0.635131, 0.612364, 0.617767
0.613312, 0.613675, 0.589929, 0.595164
0.588815, 0.588967, 0.564354, 0.569455
0.577852, 0.577921, 0.552981, 0.557993
0.566717, 0.566763, 0.541885, 0.5469
0.566718, 0.566764, 0.541887, 0.546901
0.566718, 0.566764, 0.541887, 0.546901
0.566718, 0.566764, 0.541887, 0.546901
0.566718, 0.566764, 0.541887, 0.546901
0.566718, 0.566764, 0.541887, 0.546901
0.566549, 0.566579, 0.541559, 0.546616
0.568797, 0.568806, 0.544032, 0.549068
0.579266, 0.579339, 0.554457, 0.559446
0.59869, 0.5988, 0.574579, 0.5797
0.627593, 0.627969, 0.603231, 0.60817
0.643063, 0.643662, 0.619377, 0.624353
0.665983, 0.667022, 0.642428, 0.647046
0.687623, 0.689263, 0.664474, 0.668729
0.699445, 0.70162, 0.676556, 0.680118
0.711203, 0.713788, 0.68865, 0.692264
0.718272, 0.721372, 0.696113, 0.699305
0.723323, 0.726744, 0.701533, 0.704762
0.724375, 0.727804, 0.70239, 0.706379
0.723455, 0.726955, 0.70157, 0.706237
0.718389, 0.721709, 0.696571, 0.701265
0.711358, 0.714593, 0.690051, 0.694886
0.699981, 0.702787, 0.678175, 0.683028
0.687622, 0.689863, 0.665616, 0.670418
0.668994, 0.670598, 0.646409, 0.651392
0.649638, 0.650896, 0.626297, 0.631223
0.609708, 0.610316, 0.585415, 0.590359
0.58619, 0.586428, 0.56151, 0.566521
0.573552, 0.573704, 0.548712, 0.553768
0.577026, 0.577355, 0.552601, 0.557693
0.575909, 0.57622, 0.551237, 0.556294
0.5759, 0.576211, 0.551228, 0.556285
0.5759, 0.576211, 0.551228, 0.556285
0.5759, 0.576211, 0.551228, 0.556285
0.5759, 0.576211, 0.551228, 0.556285
0.567681, 0.567712, 0.542814, 0.547855
0.573102, 0.573337, 0.548556, 0.553639
0.577604, 0.577927, 0.553585, 0.55865
0.581712, 0.582145, 0.558449, 0.563614
0.589175, 0.589764, 0.567534, 0.573072
0.60108, 0.601899, 0.582075, 0.587757
0.614635, 0.615982, 0.598681, 0.60423
0.632332, 0.634383, 0.621296, 0.627307
0.645194, 0.647697, 0.638801, 0.645238
0.659593, 0.662814, 0.65869, 0.665155
0.671321, 0.675367, 0.675841, 0.682796
0.683403, 0.688595, 0.695154, 0.703079
0.690008, 0.696025, 0.706065, 0.714048
0.698798, 0.70561, 0.720631, 0.728894
0.706672, 0.714465, 0.7353, 0.744458
0.71149, 0.719881, 0.744068, 0.753269
0.717433, 0.726812, 0.755145, 0.764952
0.720507, 0.730371, 0.761631, 0.771637
0.711343, 0.719745, 0.745559, 0.755885
0.68294, 0.687582, 0.692544, 0.70184
0.627349, 0.627378, 0.605579, 0.611914
0.657904, 0.660351, 0.646351, 0.652287
0.697338, 0.701563, 0.698059, 0.705454
0.691983, 0.696289, 0.694114, 0.702407
0.671042, 0.673777, 0.66408, 0.671728
0.64701, 0.648657, 0.633312, 0.640064
0.640168, 0.641795, 0.626316, 0.633044
0.639157, 0.640781, 0.62528, 0.632005
0.639054, 0.640677, 0.625175, 0.631899
0.639044, 0.640668, 0.625165, 0.631889
0.639043, 0.640667, 0.625164, 0.631888
0.639043, 0.640666, 0.625164, 0.631888
0.639043, 0.640666, 0.625164, 0.631888
0.639043, 0.640666, 0.625164, 0.631888
0.639043, 0.640666, 0.625164, 0.631888
0.639043, 0.640666, 0.625164, 0.631888
0.639043, 0.640666, 0.625164, 0.631888
0.639043, 0.640666, 0.625164, 0.631888
0.639043, 0.640666, 0.625164, 0.631888
0.639043, 0.640666, 0.625164, 0.631888
0.639043, 0.640666, 0.625164, 0.631888
0.639043, 0.640666, 0.625164, 0.631888
0.639043, 0.640666, 0.625164, 0.631888
0.639043, 0.640666, 0.625164, 0.631888
0.639043, 0.640666, 0.625164, 0.631888
0.639043, 0.640666, 0.625164, 0.631888
0.639043, 0.640666, 0.625164, 0.631888
0.639043, 0.640666, 0.625164, 0.631888
0.639043, 0.640666, 0.625164, 0.631888
0.639043, 0.640666, 0.625164, 0.631888
0.639043, 0.640666, 0.625164, 0.631888
0.639043, 0.640666, 0.625164, 0.631888
0.639043, 0.640666, 0.625164, 0.631888
0.639043, 0.640666, 0.625164, 0.631888
0.639043, 0.640666, 0.625164, 0.631888
0.639043, 0.640666, 0.625164, 0.631888
0.639043, 0.640666, 0.625164, 0.631888
0.639043, 0.640666, 0.625164, 0.631888
0.639043, 0.640666, 0.625164, 0.631888
0.639043, 0.640666, 0.625164, 0.631888
0.639043, 0.640666, 0.625164, 0.631888
0.639043, 0.64003, 0.619586, 0.625477
0.639043, 0.64003, 0.619586, 0.625477
0.567034, 0.567071, 0.542053, 0.547065
0.569621, 0.569704, 0.544954, 0.549999
0.572458, 0.572537, 0.548116, 0.553229
0.578314, 0.578502, 0.554574, 0.559691
0.587566, 0.587817, 0.564452, 0.569627
0.60053, 0.601041, 0.578557, 0.583729
0.61157, 0.612031, 0.590703, 0.595936
0.627141, 0.628325, 0.608566, 0.614139
0.636581, 0.637762, 0.619103, 0.624698
0.649303, 0.650918, 0.633738, 0.639403
0.659522, 0.661292, 0.645399, 0.651225
0.665936, 0.668094, 0.653157, 0.659155
0.675126, 0.677706, 0.663323, 0.669198
0.683603, 0.686345, 0.672848, 0.678829
0.691101, 0.694723, 0.681265, 0.687267
0.694331, 0.697678, 0.684012, 0.690044
0.69833, 0.701425, 0.687568, 0.693607
0.703385, 0.706921, 0.691981, 0.697823
0.706459, 0.70997, 0.693748, 0.699534
0.711304, 0.714802, 0.697368, 0.703026
0.711097, 0.713911, 0.694588, 0.700071
0.713944, 0.716698, 0.695394, 0.700699
0.713361, 0.715853, 0.692383, 0.697482
0.714017, 0.716496, 0.691157, 0.695816
0.714423, 0.716511, 0.691663, 0.695631
0.711921, 0.713487, 0.690143, 0.694539
0.711167, 0.71293, 0.690537, 0.694944
0.707683, 0.70904, 0.687777, 0.692547
0.706826, 0.707415, 0.687659, 0.693016
0.701848, 0.702644, 0.683129, 0.688436
0.698437, 0.698692, 0.680139, 0.685813
0.694874, 0.694951, 0.676832, 0.68244
0.688891, 0.689054, 0.670853, 0.676448
0.682179, 0.68239, 0.663567, 0.669172
0.675363, 0.675422, 0.656491, 0.662025
0.666156, 0.666289, 0.64649, 0.651891
0.658584, 0.658886, 0.638704, 0.644147
0.648538, 0.64864, 0.627746, 0.633166
0.632395, 0.632767, 0.610955, 0.616239
0.618998, 0.619351, 0.596737, 0.602001
0.610556, 0.610737, 0.587672, 0.592887
0.600742, 0.600821, 0.577179, 0.582313
0.584623, 0.584758, 0.560556, 0.565633
0.579631, 0.57971, 0.555093, 0.560125
0.569269, 0.569316, 0.544388, 0.549399
0.566982, 0.567015, 0.542109, 0.547116
0.569834, 0.56988, 0.545205, 0.550263
0.56805, 0.568172, 0.543266, 0.548288
0.568051, 0.568174, 0.543268, 0.54829
0.568051, 0.568174, 0.543268, 0.54829
0.568051, 0.568174, 0.543268, 0.54829
0.568051, 0.568174, 0.543268, 0.54829
0.567688, 0.567689, 0.542705, 0.547729
0.567476, 0.567542, 0.542638, 0.547672
0.570155, 0.570238, 0.545228, 0.550199
0.593208, 0.593776, 0.568669, 0.573716
0.612753, 0.614286, 0.588784, 0.593708
0.636865, 0.639693, 0.61376, 0.6185
0.66049, 0.665759, 0.639051, 0.643242
0.679407, 0.686677, 0.65932, 0.66293
0.696199, 0.705837, 0.677793, 0.679943
0.705747, 0.71794, 0.689205, 0.689893
0.715162, 0.727957, 0.699205, 0.697878
0.71823, 0.732223, 0.703475, 0.699792
0.718931, 0.732731, 0.705087, 0.6998
0.719346, 0.733746, 0.706948, 0.700617
0.714401, 0.727638, 0.701978, 0.696187
0.708879, 0.721365, 0.69645, 0.691039
0.697706, 0.707864, 0.683807, 0.680208
0.686246, 0.695084, 0.670986, 0.668405
0.668138, 0.674605, 0.650389, 0.64981
0.642101, 0.646422, 0.622393, 0.623533
0.61035, 0.613202, 0.588647, 0.591153
0.600237, 0.601392, 0.576865, 0.580766
0.578054, 0.578085, 0.553348, 0.558274
0.570434, 0.570654, 0.545556, 0.55045
0.571518, 0.571807, 0.546711, 0.551542
0.571521, 0.57181, 0.546714, 0.551546
0.571521, 0.57181, 0.546714, 0.551546
0.571521, 0.57181, 0.546714, 0.551546
0.571521, 0.57181, 0.546714, 0.551546
0.571521, 0.57181, 0.546714, 0.551546
0.568412, 0.568446, 0.543455, 0.548469
0.572425, 0.572578, 0.547765, 0.552622
0.587475, 0.587862, 0.563514, 0.568149
0.60922, 0.61028, 0.586633, 0.590695
0.628734, 0.630438, 0.607855, 0.611371
0.654742, 0.657463, 0.635758, 0.63838
0.670437, 0.674649, 0.652676, 0.654117
0.685785, 0.691329, 0.669392, 0.669935
0.699207, 0.70651, 0.683526, 0.682974
0.708951, 0.71753, 0.693108, 0.691674
0.714143, 0.723313, 0.697147, 0.695588
0.719745, 0.729954, 0.701635, 0.700689
0.718694, 0.728832, 0.699641, 0.700325
0.716807, 0.726848, 0.697574, 0.699347
0.709939, 0.718873, 0.689961, 0.69281
0.701853, 0.709776, 0.681281, 0.684963
0.68863, 0.695239, 0.667233, 0.671559
0.675232, 0.680501, 0.653079, 0.657835
0.657542, 0.661277, 0.634552, 0.639479
0.635065, 0.637325, 0.611278, 0.616215
0.599734, 0.60085, 0.57534, 0.58037
0.580907, 0.580973, 0.555942, 0.560992
0.591222, 0.591546, 0.566429, 0.571443
0.574854, 0.575477, 0.550294, 0.555333
0.574386, 0.575009, 0.549826, 0.554865
0.574384, 0.575007, 0.549824, 0.554863
0.574384, 0.575007, 0.549824, 0.554863
0.574384, 0.575007, 0.549824, 0.554863
0.574384, 0.575007, 0.549824, 0.554863
0.585331, 0.585433, 0.560584, 0.565615
0.603385, 0.603697, 0.579132, 0.583748
0.588064, 0.588137, 0.563392, 0.568331
0.573067, 0.573394, 0.548378, 0.553421
0.574744, 0.574915, 0.549857, 0.554833
0.578332, 0.578363, 0.553865, 0.558817
0.580099, 0.580341, 0.555756, 0.56085
0.571724, 0.571948, 0.547124, 0.552228
0.567255, 0.567276, 0.542354, 0.547385
0.567253, 0.567274, 0.542351, 0.547383
0.567253, 0.567274, 0.542351, 0.547383
0.567253, 0.567274, 0.542351, 0.547383
0.567253, 0.567274, 0.542351, 0.547383
0.567253, 0.567274, 0.542351, 0.547383
0.567253, 0.567274, 0.542351, 0.547383
0.567253, 0.567274, 0.542351, 0.547383
0.567253, 0.567274, 0.542351, 0.547383
0.567253, 0.567274, 0.542351, 0.547383
0.567253, 0.567274, 0.542351, 0.547383
0.567253, 0.567274, 0.542351, 0.547383
0.567253, 0.567274, 0.542351, 0.547383
0.567253, 0.567274, 0.542351, 0.547383
0.567253, 0.567274, 0.542351, 0.547383
0.567253, 0.567274, 0.542351, 0.547383
0.567253, 0.567274, 0.542351, 0.547383
0.567253, 0.567274, 0.542351, 0.547383
0.567253, 0.567274, 0.542351, 0.547383
0.567253, 0.567274, 0.542351, 0.547383
0.567253, 0.567274, 0.542351, 0.547383
0.567253, 0.567274, 0.542351, 0.547383
0.567253, 0.567274, 0.542351, 0.547383
0.567253, 0.567274, 0.542351, 0.547383
0.567253, 0.567274, 0.542351, 0.547383
0.567253, 0.567274, 0.542351, 0.547383
0.567253, 0.567274, 0.542351, 0.547383
0.567253, 0.567274, 0.542351, 0.547383
0.567253, 0.567274, 0.542351, 0.547383
0.567253, 0.567274, 0.542351, 0.547383
0.567253, 0.567274, 0.542351, 0.547383
0.567253, 0.567274, 0.542351, 0.547383
0.567253, 0.567274, 0.542351, 0.547383
0.567253, 0.567274, 0.542351, 0.547383
0.567253, 0.567274, 0.542351, 0.547383
0.567253, 0.567274, 0.542351, 0.547383
0.567253, 0.567274, 0.542351, 0.547383
0.567253, 0.567274, 0.542351, 0.547383
0.567253, 0.567274, 0.542351, 0.547383
0.567253, 0.567274, 0.542351, 0.547383
0.567253, 0.567274, 0.542351, 0.547383
0.567253, 0.567274, 0.542351, 0.547383
0.567253, 0.567274, 0.542351, 0.547383
0.567253, 0.567274, 0.542351, 0.547383
0.567253, 0.567274, 0.542351, 0.547383
0.567253, 0.567274, 0.542351, 0.547383
0.567253, 0.567274, 0.542351, 0.547383
0.567253, 0.567274, 0.542351, 0.547383
0.567253, 0.567274, 0.542351, 0.547383
0.567253, 0.567274, 0.542351, 0.547383
0.567253, 0.567274, 0.542351, 0.547383
0.567253, 0.567274, 0.542351, 0.547383
0.567253, 0.567274, 0.542351, 0.547383
0.567253, 0.567274, 0.542351, 0.547383
0.567253, 0.567274, 0.542351, 0.547383
0.567253, 0.567274, 0.542351, 0.547383
0.567253, 0.567274, 0.542351, 0.547383
0.567253, 0.567274, 0.542351, 0.547383
0.567253, 0.567274, 0.542351, 0.547383
0.567253, 0.567274, 0.542351, 0.547383
0.567253, 0.567274, 0.542351, 0.547383
0.567253, 0.567274, 0.542351, 0.547383
0.567253, 0.567274, 0.542351, 0.547383
0.567253, 0.567274, 0.542351, 0.547383
0.567253, 0.567274, 0.542351, 0.547383
0.567253, 0.567274, 0.542351, 0.547383
0.567253, 0.567274, 0.542351, 0.547383
0.567253, 0.567274, 0.542351, 0.547383
0.567253, 0.567274, 0.542351, 0.547383
0.567253, 0.567274, 0.542351, 0.547383
0.567253, 0.567274, 0.542351, 0.547383
0.567253, 0.567274, 0.542351, 0.547383
0.567253, 0.567274, 0.542351, 0.547383
0.567253, 0.567274, 0.542351, 0.547383
0.567253, 0.567274, 0.542351, 0.547383
0.567253, 0.567274, 0.542351, 0.547383
0.567253, 0.567274, 0.542351, 0.547383
0.567253, 0.567274, 0.542351, 0.547383
0.567253, 0.567274, 0.542351, 0.547383
0.567253, 0.567274, 0.542351, 0.547383
0.567253, 0.567274, 0.542351, 0.547383
0.567253, 0.567274, 0.542351, 0.547383
0.567253, 0.567274, 0.542351, 0.547383
0.567253, 0.56726, 0.542321, 0.547333
0.567253, 0.56726, 0.542321, 0.547333
0.567253, 0.567259, 0.542336, 0.547353
0.567253, 0.567266, 0.542287, 0.547298
0.567253, 0.567266, 0.542287, 0.547298
0.567253, 0.567268, 0.542297, 0.547307
0.567253, 0.567268, 0.542297, 0.547307
0.567253, 0.567262, 0.542309, 0.547317
0.567253, 0.567262, 0.542309, 0.547317
0.567253, 0.567263, 0.5423, 0.547305
0.567253, 0.567263, 0.5423, 0.547305
0.567253, 0.567263, 0.5423, 0.547304
0.567253, 0.567263, 0.5423, 0.547304
0.567253, 0.567263, 0.542301, 0.547306
0.567253, 0.567263, 0.542301, 0.547306
0.567253, 0.567263, 0.542302, 0.547307
0.567253, 0.567263, 0.542302, 0.547307
0.567253, 0.567263, 0.542302, 0.547307
0.567253, 0.567264, 0.542288, 0.547289
0.567253, 0.567264, 0.542288, 0.547289
0.567253, 0.567263, 0.542293, 0.547295
0.567253, 0.567263, 0.542293, 0.547295
0.567253, 0.567263, 0.5423, 0.547304
0.567253, 0.567263, 0.5423, 0.547304
0.567253, 0.567263, 0.542299, 0.547304
0.567253, 0.567263, 0.542299, 0.547304
0.567253, 0.567263, 0.542297, 0.547301
0.567253, 0.567263, 0.542297, 0.547301
0.567253, 0.567263, 0.542294, 0.547297
0.567253, 0.567263, 0.542294, 0.547297
0.567253, 0.567263, 0.542293, 0.547296
0.567253, 0.567263, 0.542293, 0.547296
0.567253, 0.567263, 0.542291, 0.547293
0.567253, 0.567263, 0.542291, 0.547293
0.567253, 0.567263, 0.542297, 0.547301
0.567253, 0.567263, 0.542297, 0.5473
0.567253, 0.567263, 0.542294, 0.547296
0.567253, 0.567263, 0.542294, 0.547296
0.567253, 0.567263, 0.542294, 0.547296
0.567253, 0.567263, 0.542297, 0.5473
0.567253, 0.567263, 0.542297, 0.5473
0.567253, 0.567263, 0.542301, 0.547306
0.567253, 0.567263, 0.542301, 0.547306
0.567253, 0.567263, 0.542296, 0.547299
0.567253, 0.567263, 0.542296, 0.547299
0.567253, 0.567263, 0.542292, 0.547294
0.567253, 0.567263, 0.542292, 0.547294
0.567253, 0.567263, 0.542293, 0.547295
0.567253, 0.567263, 0.542293, 0.547295
0.567253, 0.567263, 0.542294, 0.547296
0.567253, 0.567263, 0.542294, 0.547296
0.567253, 0.567263, 0.542294, 0.547296
0.567253, 0.567277, 0.542258, 0.547262
0.567253, 0.567277, 0.542258, 0.547262
0.567253, 0.567277, 0.542258, 0.547262
0.567253, 0.567277, 0.542258, 0.547262
0.567253, 0.567276, 0.542258, 0.547263
0.567253, 0.567276, 0.542258, 0.547263
0.567253, 0.567263, 0.542297, 0.547301
0.567253, 0.567263, 0.542297, 0.547301
0.567253, 0.567263, 0.542297, 0.547301
0.567253, 0.567263, 0.542303, 0.547309
0.567253, 0.567263, 0.542303, 0.547308
0.567253, 0.567263, 0.542303, 0.547308
0.567253, 0.567263, 0.542303, 0.547308
0.567253, 0.567263, 0.5423, 0.547305
0.567253, 0.567263, 0.5423, 0.547304
0.567253, 0.567263, 0.5423, 0.547304
0.567253, 0.567263, 0.542303, 0.547308
0.567253, 0.567263, 0.542303, 0.547308
0.567253, 0.567263, 0.542304, 0.54731
0.567253, 0.567263, 0.542304, 0.54731
0.567253, 0.567263, 0.542304, 0.54731
0.567253, 0.567263, 0.542304, 0.54731
0.567253, 0.567263, 0.542305, 0.547311
0.567253, 0.567263, 0.542305, 0.547311
0.567253, 0.567262, 0.542307, 0.547314
0.567253, 0.567262, 0.542307, 0.547314
0.567253, 0.567262, 0.542308, 0.547315
0.567253, 0.567262, 0.542308, 0.547315
0.567253, 0.567262, 0.542308, 0.547315
0.567253, 0.567262, 0.54231, 0.547318
0.567253, 0.567262, 0.54231, 0.547318
0.567253, 0.567262, 0.54231, 0.547318
0.567253, 0.567262, 0.54231, 0.547318
0.567253, 0.567262, 0.542307, 0.547314
0.567253, 0.567262, 0.542307, 0.547314
0.567253, 0.567262, 0.542308, 0.547316
0.567253, 0.567262, 0.542308, 0.547316
0.567253, 0.567262, 0.542308, 0.547315
0.567253, 0.567262, 0.542308, 0.547315
0.567253, 0.567262, 0.542307, 0.547313
0.567253, 0.567263, 0.542304, 0.54731
0.567253, 0.567263, 0.542304, 0.54731
0.567253, 0.567263, 0.542304, 0.54731
0.567253, 0.567262, 0.542306, 0.547313
0.567253, 0.567262, 0.542306, 0.547313
0.567253, 0.567262, 0.54231, 0.547318
0.567253, 0.567262, 0.542313, 0.547321
0.567253, 0.567262, 0.542313, 0.547321
0.567253, 0.567262, 0.542312, 0.547321
0.567253, 0.567262, 0.542312, 0.547321
0.567253, 0.567262, 0.542314, 0.547323
0.567253, 0.567262, 0.542314, 0.547323
0.567253, 0.567262, 0.542314, 0.547323
0.567253, 0.567262, 0.542313, 0.547322
0.567253, 0.567262, 0.542313, 0.547322
0.567253, 0.567262, 0.542312, 0.547321
0.567253, 0.567262, 0.542312, 0.547321
0.567253, 0.567262, 0.54231, 0.547317
0.567253, 0.567262, 0.542309, 0.547317
0.567253, 0.567262, 0.542307, 0.547314
0.567253, 0.567262, 0.542307, 0.547314
0.567253, 0.567262, 0.542306, 0.547313
0.567253, 0.567262, 0.542306, 0.547313
0.567253, 0.567262, 0.542306, 0.547313
0.567253, 0.567262, 0.542306, 0.547313
0.567253, 0.567262, 0.542309, 0.547316
0.567253, 0.567262, 0.542309, 0.547316
0.567253, 0.567262, 0.542309, 0.547317
0.567253, 0.567262, 0.542309, 0.547317
0.567253, 0.567262, 0.542311, 0.547319
0.567253, 0.567269, 0.542302, 0.547304
0.567253, 0.567269, 0.542302, 0.547303
0.567253, 0.567269, 0.542301, 0.547303
0.567253, 0.567268, 0.542302, 0.547304
0.567253, 0.567268, 0.542302, 0.547304
0.567253, 0.567268, 0.542302, 0.547304
0.567253, 0.56727, 0.5423, 0.547301
0.567253, 0.56727, 0.5423, 0.547301
0.567253, 0.567271, 0.542299, 0.5473
0.567253, 0.567271, 0.542299, 0.5473
0.567253, 0.567272, 0.542298, 0.547298
0.567253, 0.567272, 0.542298, 0.547298
0.567253, 0.56727, 0.542301, 0.547302
0.567253, 0.567269, 0.542301, 0.547302
0.567253, 0.567268, 0.542302, 0.547304
0.567253, 0.567268, 0.542302, 0.547304
0.567253, 0.567268, 0.542302, 0.547305
0.567253, 0.567268, 0.542302, 0.547305
0.567253, 0.567272, 0.542298, 0.547297
0.567253, 0.567272, 0.542298, 0.547297
0.567253, 0.567262, 0.542308, 0.547315
0.567253, 0.567262, 0.542308, 0.547315
0.567253, 0.567262, 0.542309, 0.547317
0.567253, 0.567262, 0.542309, 0.547317
0.567253, 0.567262, 0.542308, 0.547316
0.567253, 0.567262, 0.542309, 0.547316
0.567253, 0.567262, 0.542309, 0.547316
0.567253, 0.567262, 0.542309, 0.547316
0.567253, 0.567262, 0.542309, 0.547316
0.567253, 0.567262, 0.542309, 0.547316
0.567253, 0.567262, 0.542309, 0.547316
0.567253, 0.567257, 0.542367, 0.547383
0.567253, 0.567262, 0.542307, 0.547314
0.567253, 0.567262, 0.542307, 0.547314
0.567253, 0.567262, 0.542306, 0.547313
0.567253, 0.567262, 0.542306, 0.547313
0.567253, 0.567262, 0.542306, 0.547313
0.567253, 0.567262, 0.542308, 0.547315
0.567253, 0.567262, 0.542308, 0.547315
0.567253, 0.567262, 0.542306, 0.547313
0.567253, 0.567262, 0.542306, 0.547313
0.567253, 0.567262, 0.542307, 0.547313
0.567253, 0.567262, 0.542307, 0.547313
0.567253, 0.567263, 0.542305, 0.547312
0.567253, 0.567263, 0.542305, 0.547312
0.567253, 0.567263, 0.542303, 0.547309
0.567253, 0.567263, 0.542303, 0.547309
0.567253, 0.567263, 0.542301, 0.547305
0.567253, 0.567263, 0.542301, 0.547305
0.567253, 0.567263, 0.542301, 0.547305
0.567253, 0.567263, 0.542298, 0.547302
0.567253, 0.567263, 0.542298, 0.547302
0.567253, 0.567263, 0.542297, 0.547301
0.567253, 0.567263, 0.542297, 0.547301
0.567253, 0.567263, 0.542297, 0.547301
0.567253, 0.567263, 0.542296, 0.547299
0.567253, 0.567263, 0.542296, 0.547299
0.567253, 0.567263, 0.542296, 0.547299
0.567253, 0.567263, 0.542296, 0.547299
0.567253, 0.567263, 0.542293, 0.547295
0.567253, 0.567263, 0.542293, 0.547295
0.567253, 0.567263, 0.542293, 0.547295
0.567253, 0.567263, 0.542291, 0.547293
0.567253, 0.567263, 0.54229, 0.547292
0.567253, 0.567263, 0.54229, 0.547292
0.567253, 0.567264, 0.54229, 0.547292
0.567253, 0.567264, 0.54229, 0.547292
0.567253, 0.567263, 0.542291, 0.547292
0.567253, 0.567263, 0.542291, 0.547292
0.567253, 0.567263, 0.542291, 0.547292
0.567253, 0.567263, 0.542291, 0.547293
0.567253, 0.567263, 0.542291, 0.547292
0.567253, 0.567263, 0.542291, 0.547292
0.567253, 0.567263, 0.542291, 0.547292
0.567253, 0.567263, 0.542291, 0.547292
0.567253, 0.567263, 0.54229, 0.547292
0.567253, 0.567263, 0.54229, 0.547292
0.567253, 0.567263, 0.54229, 0.547292
0.567253, 0.567263, 0.542291, 0.547293
0.567253, 0.567263, 0.542291, 0.547293
0.567253, 0.567263, 0.542291, 0.547293
0.567253, 0.567263, 0.54229, 0.547292
0.567253, 0.567263, 0.54229, 0.547292
0.567253, 0.567263, 0.542292, 0.547294
0.567253, 0.567263, 0.542292, 0.547294
0.567253, 0.567263, 0.542293, 0.547295
0.567253, 0.567263, 0.542297, 0.547301
0.567253, 0.567263, 0.542297, 0.547301
0.567253, 0.567263, 0.542297, 0.5473
0.567253, 0.567263, 0.542297, 0.5473
0.567253, 0.567263, 0.542303, 0.547309
0.567253, 0.567263, 0.542303, 0.547309
0.567253, 0.567263, 0.542303, 0.547309
0.567253, 0.567263, 0.542302, 0.547308
0.567253, 0.567263, 0.5423, 0.547304
0.567253, 0.567263, 0.5423, 0.547304
0.567253, 0.567262, 0.542298, 0.547303
0.567253, 0.567262, 0.542298, 0.547303
0.567253, 0.567262, 0.542293, 0.547296
0.567253, 0.567262, 0.542293, 0.547296
0.567253, 0.567263, 0.542289, 0.54729
0.567253, 0.567263, 0.542289, 0.54729
0.567253, 0.567264, 0.542283, 0.547283
0.567253, 0.567264, 0.542283, 0.547283
0.567253, 0.567264, 0.542283, 0.547284
0.567253, 0.567264, 0.542283, 0.547284
0.567253, 0.567264, 0.542282, 0.547283
0.567253, 0.567264, 0.542282, 0.547283
0.567253, 0.567264, 0.542282, 0.547283
0.567253, 0.567264, 0.542282, 0.547283
0.567253, 0.567264, 0.542282, 0.547283
0.567253, 0.567264, 0.542282, 0.547283
0.567253, 0.567264, 0.542281, 0.547282
0.567253, 0.567264, 0.542281, 0.547282
0.567253, 0.567264, 0.542281, 0.547282
0.567253, 0.567264, 0.542281, 0.547282
0.567253, 0.567264, 0.542282, 0.547283
0.567253, 0.567264, 0.542282, 0.547283
0.567253, 0.567264, 0.542283, 0.547283
0.567253, 0.567264, 0.542283, 0.547283
0.567253, 0.567263, 0.542287, 0.547288
0.567253, 0.567263, 0.542287, 0.547288
0.567253, 0.567264, 0.54229, 0.547291
0.567253, 0.567264, 0.54229, 0.547291
0.567253, 0.567264, 0.54229, 0.547291
0.567253, 0.567263, 0.542295, 0.547298
0.567253, 0.567263, 0.542295, 0.547298
0.567253, 0.567263, 0.5423, 0.547304
0.567253, 0.567263, 0.5423, 0.547304
0.567253, 0.56726, 0.542337, 0.547354
0.567253, 0.56726, 0.542337, 0.547354
0.567253, 0.56726, 0.542336, 0.547353
0.567253, 0.56726, 0.542336, 0.547353
0.567253, 0.567259, 0.542339, 0.547357
0.567253, 0.567259, 0.542339, 0.547357
0.567253, 0.567259, 0.54234, 0.547358
0.567253, 0.567259, 0.542345, 0.547364
0.567253, 0.567259, 0.542345, 0.547364
0.567253, 0.567259, 0.542345, 0.547364
0.567253, 0.567259, 0.542342, 0.547361
0.567253, 0.567259, 0.542342, 0.547361
0.567253, 0.567263, 0.542295, 0.547298
0.567253, 0.567263, 0.542295, 0.547298
0.567253, 0.567263, 0.542298, 0.547302
0.567253, 0.567263, 0.542298, 0.547302
0.567253, 0.567263, 0.542298, 0.547302
0.567253, 0.567263, 0.542299, 0.547304
0.567253, 0.567263, 0.542299, 0.547304
0.567253, 0.56726, 0.542336, 0.547353
0.567253, 0.56726, 0.542336, 0.547353
0.567253, 0.56726, 0.542336, 0.547353
0.567253, 0.56726, 0.542336, 0.547353
0.567253, 0.56726, 0.542335, 0.547351
0.567253, 0.56726, 0.542335, 0.547351
0.567253, 0.56726, 0.542335, 0.547351
0.567253, 0.56726, 0.542335, 0.547351
0.567253, 0.56726, 0.542335, 0.547351
0.567253, 0.56726, 0.542335, 0.547351
0.567253, 0.56726, 0.542335, 0.547351
0.567253, 0.567258, 0.542351, 0.54737
0.567253, 0.567258, 0.542351, 0.54737
0.567253, 0.56726, 0.542336, 0.547353
0.567253, 0.56726, 0.542336, 0.547353
0.567253, 0.567263, 0.542297, 0.54731
0.567253, 0.567263, 0.542297, 0.54731
0.567253, 0.567264, 0.542293, 0.547306
0.567253, 0.567264, 0.542293, 0.547306
0.567253, 0.567264, 0.542291, 0.547303
0.567253, 0.567264, 0.542291, 0.547303
0.567253, 0.567264, 0.54229, 0.547302
0.567253, 0.567265, 0.542291, 0.547303
0.567253, 0.567265, 0.542291, 0.547303
0.567253, 0.567265, 0.542291, 0.547303
0.567253, 0.56726, 0.542335, 0.547352
0.567253, 0.56726, 0.542334, 0.54735
0.567253, 0.56726, 0.542334, 0.54735
0.567253, 0.56726, 0.542334, 0.54735
0.567253, 0.56726, 0.542333, 0.547349
0.567253, 0.56726, 0.542333, 0.547349
0.567253, 0.56726, 0.542333, 0.547349
0.567253, 0.56726, 0.542333, 0.547349
0.567253, 0.56726, 0.542333, 0.547348
0.567253, 0.56726, 0.542333, 0.547348
0.567253, 0.567262, 0.542314, 0.547323
0.567253, 0.567262, 0.542314, 0.547323
0.567253, 0.567262, 0.542312, 0.54732
0.567253, 0.567262, 0.542312, 0.54732
0.567253, 0.567262, 0.542308, 0.547316
0.567253, 0.567262, 0.542308, 0.547316
0.567253, 0.567263, 0.542305, 0.547311
0.567253, 0.567263, 0.542305, 0.547311
0.567253, 0.567263, 0.542305, 0.547311
0.567253, 0.567263, 0.542305, 0.547311
0.567253, 0.567263, 0.542304, 0.54731
0.567253, 0.567263, 0.542304, 0.54731
0.567253, 0.567262, 0.542306, 0.547312
0.567253, 0.567262, 0.542306, 0.547312
0.566367, 0.566371, 0.541418, 0.546429
0.571552, 0.571579, 0.546635, 0.551656
0.569637, 0.569651, 0.544693, 0.549706
0.568187, 0.568207, 0.543341, 0.548376
0.565757, 0.565769, 0.540832, 0.545845
0.566188, 0.566193, 0.54123, 0.546259
0.565873, 0.56589, 0.540935, 0.545961
0.566638, 0.566655, 0.541695, 0.546717
0.565515, 0.565518, 0.540526, 0.54554
0.565514, 0.565516, 0.540524, 0.545538
0.565514, 0.565516, 0.540524, 0.545538
0.565514, 0.565516, 0.540524, 0.545538
0.565514, 0.565516, 0.540524, 0.545538
0.565514, 0.565515, 0.540524, 0.545538
0.565514, 0.565515, 0.540524, 0.545538
0.565514, 0.565522, 0.540526, 0.545539
0.565514, 0.565522, 0.540526, 0.545539
0.565514, 0.565522, 0.540526, 0.545539
0.565514, 0.565522, 0.540526, 0.545539
0.565514, 0.565521, 0.540526, 0.545539
0.565514, 0.565521, 0.540526, 0.545539
0.565514, 0.565521, 0.540526, 0.545539
0.565514, 0.565521, 0.540526, 0.545539
0.565514, 0.565521, 0.540526, 0.545539
0.565514, 0.565521, 0.540526, 0.545539
0.565514, 0.565521, 0.540526, 0.545539
0.565514, 0.565521, 0.540526, 0.545539
0.565514, 0.565521, 0.540526, 0.545539
0.565514, 0.565521, 0.540526, 0.545539
0.565514, 0.565521, 0.540526, 0.545539
0.565514, 0.565523, 0.540527, 0.545539
0.565514, 0.565523, 0.540527, 0.545539
0.565514, 0.565522, 0.540526, 0.545539
0.565514, 0.565522, 0.540526, 0.545539
0.565514, 0.565521, 0.540526, 0.545539
0.565514, 0.565521, 0.540526, 0.545539
0.565514, 0.565521, 0.540526, 0.545539
0.565514, 0.565521, 0.540526, 0.545539
0.565514, 0.565522, 0.540526, 0.545539
0.565514, 0.565522, 0.540526, 0.545539
0.565514, 0.565522, 0.540526, 0.545539
0.565514, 0.565522, 0.540526, 0.545539
0.565514, 0.565521, 0.540526, 0.545539
0.565514, 0.565522, 0.540527, 0.545539
0.565514, 0.565522, 0.540527, 0.545539
0.565514, 0.565522, 0.540527, 0.545539
0.565514, 0.565521, 0.540526, 0.545539
0.565514, 0.565521, 0.540526, 0.545539
0.565514, 0.565521, 0.540526, 0.545539
0.565514, 0.565521, 0.540526, 0.545539
0.565514, 0.565521, 0.540526, 0.545539
0.565514, 0.565523, 0.540527, 0.545539
0.565514, 0.565523, 0.540527, 0.545539
0.565514, 0.565521, 0.540526, 0.545539
0.565514, 0.56552, 0.540526, 0.545539
0.565514, 0.56552, 0.540526, 0.545539
0.565514, 0.565519, 0.540526, 0.545539
0.565514, 0.565519, 0.540526, 0.545539
0.565514, 0.565519, 0.540526, 0.545539
0.565514, 0.565519, 0.540526, 0.545539
0.565514, 0.565519, 0.540526, 0.545539
0.565514, 0.565517, 0.540526, 0.545539
0.565514, 0.565517, 0.540526, 0.545539
0.565514, 0.565517, 0.540526, 0.545539
0.565514, 0.565517, 0.540526, 0.545539
0.565514, 0.565515, 0.540525, 0.545538
0.565514, 0.565515, 0.540525, 0.545538
0.565514, 0.565515, 0.540525, 0.545538
0.565514, 0.565514, 0.540525, 0.545538
0.565514, 0.565514, 0.540525, 0.545538
0.565514, 0.565514, 0.540525, 0.545538
0.565514, 0.565514, 0.540525, 0.545537
0.565514, 0.565515, 0.540525, 0.545537
0.565514, 0.565515, 0.540525, 0.545537
0.565514, 0.565515, 0.540524, 0.545537
0.565514, 0.565515, 0.540525, 0.545537
0.565514, 0.565515, 0.540525, 0.545537
0.565514, 0.565515, 0.540525, 0.545537
0.565514, 0.565516, 0.540524, 0.545536
0.565514, 0.565516, 0.540524, 0.545536
0.565514, 0.565516, 0.540524, 0.545536
0.565514, 0.565517, 0.540524, 0.545535
0.565514, 0.565517, 0.540524, 0.545535
0.565514, 0.565517, 0.540524, 0.545537
0.565514, 0.565517, 0.540524, 0.545537
0.565514, 0.565517, 0.540524, 0.545537
0.565514, 0.565516, 0.540524, 0.545537
0.565514, 0.565516, 0.540524, 0.545537
0.565514, 0.565517, 0.540524, 0.545537
0.565514, 0.565517, 0.540524, 0.545537
0.565514, 0.565517, 0.540524, 0.545537
0.565514, 0.565517, 0.540524, 0.545537
0.565514, 0.565518, 0.540524, 0.545537
0.565514, 0.565518, 0.540524, 0.545537
0.565514, 0.565518, 0.540524, 0.545537
0.565514, 0.565518, 0.540524, 0.545537
0.565514, 0.565518, 0.540524, 0.545537
0.565514, 0.565518, 0.540524, 0.545537
0.565514, 0.565518, 0.540524, 0.545537
0.565514, 0.565518, 0.540524, 0.545537
0.565514, 0.565518, 0.540524, 0.545536
0.565514, 0.565518, 0.540524, 0.545536
0.565514, 0.565518, 0.540524, 0.545537
0.565514, 0.565518, 0.540524, 0.545537
0.565514, 0.565518, 0.540524, 0.545537
0.565514, 0.565518, 0.540524, 0.545537
0.565514, 0.565518, 0.540524, 0.545537
0.565514, 0.565517, 0.540524, 0.545537
0.565514, 0.565517, 0.540524, 0.545537
0.565514, 0.565516, 0.540524, 0.54554
0.565514, 0.565516, 0.540524, 0.54554
0.565514, 0.565517, 0.540524, 0.54554
0.565514, 0.565517, 0.540524, 0.54554
0.565514, 0.565517, 0.540524, 0.54554
0.565514, 0.565516, 0.540524, 0.54554
0.565514, 0.565516, 0.540524, 0.54554
0.565514, 0.565516, 0.540524, 0.545539
0.565514, 0.565516, 0.540524, 0.545539
0.565514, 0.565517, 0.540524, 0.545539
0.565514, 0.565516, 0.540524, 0.545538
0.565514, 0.565516, 0.540524, 0.545538
0.565514, 0.565517, 0.540524, 0.545536
0.565514, 0.565517, 0.540524, 0.545536
0.565514, 0.565517, 0.540524, 0.545534
0.565514, 0.565517, 0.540524, 0.545534
0.565514, 0.565517, 0.540524, 0.545533
0.565514, 0.565517, 0.540524, 0.545533
0.565514, 0.565517, 0.540524, 0.545534
0.565514, 0.565517, 0.540524, 0.545534
0.565514, 0.565517, 0.540524, 0.545533
0.565514, 0.565517, 0.540524, 0.545533
0.565514, 0.565517, 0.540524, 0.545533
0.565514, 0.565517, 0.540524, 0.545533
0.565514, 0.565517, 0.540524, 0.545533
0.565514, 0.565517, 0.540524, 0.545533
0.565514, 0.565517, 0.540524, 0.545533
0.565514, 0.565517, 0.540524, 0.545533
0.565514, 0.565517, 0.540524, 0.545533
0.565514, 0.565517, 0.540524, 0.545533
0.565514, 0.565517, 0.540524, 0.545533
0.565514, 0.565517, 0.540524, 0.545533
0.565514, 0.565517, 0.540524, 0.545533
0.565514, 0.565517, 0.540524, 0.545533
0.565514, 0.565517, 0.540524, 0.545533
0.565514, 0.565517, 0.540524, 0.545533
0.565514, 0.565517, 0.540524, 0.545533
0.565514, 0.565517, 0.540524, 0.545533
0.565514, 0.565517, 0.540524, 0.545533
0.565514, 0.565517, 0.540524, 0.545533
0.565514, 0.565517, 0.540524, 0.545533
0.565514, 0.565517, 0.540524, 0.545533
0.565514, 0.565517, 0.540524, 0.545533
0.565514, 0.565517, 0.540524, 0.545533
0.565514, 0.565517, 0.540524, 0.545533
0.565514, 0.565517, 0.540524, 0.545533
0.565514, 0.565517, 0.540524, 0.545533
0.565514, 0.565517, 0.540524, 0.545533
0.565514, 0.565517, 0.540524, 0.545533
0.565514, 0.565517, 0.540524, 0.545533
0.565514, 0.565517, 0.540524, 0.545533
0.565514, 0.565517, 0.540524, 0.545533
0.565514, 0.565517, 0.540524, 0.545533
0.565514, 0.565517, 0.540524, 0.545533
0.565514, 0.565517, 0.540524, 0.545533
0.565514, 0.565517, 0.540524, 0.545533
0.565514, 0.565517, 0.540524, 0.545533
0.565514, 0.565534, 0.540537, 0.545543
0.565514, 0.565534, 0.540537, 0.545543
0.565514, 0.565528, 0.540538, 0.545548
0.565514, 0.565535, 0.540538, 0.545541
0.565514, 0.565531, 0.540539, 0.545546
0.565514, 0.56553, 0.540539, 0.545547
0.565514, 0.565532, 0.540539, 0.545546
0.565514, 0.565532, 0.540539, 0.545546
0.565514, 0.565529, 0.540539, 0.545547
0.565514, 0.565532, 0.540539, 0.545545
0.565514, 0.56553, 0.540539, 0.545547
0.565514, 0.56553, 0.540539, 0.545547
0.565514, 0.565532, 0.540539, 0.545545
0.565514, 0.565534, 0.540539, 0.545544
0.565514, 0.565534, 0.540539, 0.545543
0.565514, 0.56553, 0.540539, 0.545547
0.565514, 0.565531, 0.540539, 0.545546
0.565514, 0.565536, 0.540537, 0.545538
0.565514, 0.565536, 0.540537, 0.545538
0.565514, 0.565536, 0.540537, 0.545538
0.565514, 0.565536, 0.540537, 0.545538
0.565514, 0.565536, 0.540537, 0.545538
0.565514, 0.565536, 0.540537, 0.545538
0.565514, 0.565536, 0.540537, 0.545538
0.565514, 0.565536, 0.540537, 0.545538
0.565514, 0.565536, 0.540537, 0.545537
0.565514, 0.565536, 0.540537, 0.545537
0.565514, 0.565537, 0.540536, 0.545537
0.565514, 0.565537, 0.540536, 0.545537
0.565514, 0.565537, 0.540536, 0.545537
0.565514, 0.565537, 0.540536, 0.545537
0.565514, 0.565537, 0.540536, 0.545537
0.565514, 0.565537, 0.540536, 0.545537
0.565514, 0.565537, 0.540536, 0.545537
0.565514, 0.565537, 0.540536, 0.545537
0.565514, 0.565537, 0.540536, 0.545537
0.565514, 0.565537, 0.540536, 0.545537
0.565514, 0.565537, 0.540536, 0.545537
0.565514, 0.565537, 0.540536, 0.545537
0.565514, 0.565537, 0.540536, 0.545537
0.565514, 0.565537, 0.540536, 0.545537
0.565514, 0.565537, 0.540536, 0.545537
0.565514, 0.565537, 0.540536, 0.545537
0.565514, 0.565537, 0.540536, 0.545537
0.565514, 0.565537, 0.540536, 0.545537
0.565514, 0.565537, 0.540536, 0.545537
0.565514, 0.565537, 0.540536, 0.545537
0.565514, 0.565537, 0.540536, 0.545537
0.565514, 0.565537, 0.540536, 0.545537
0.565514, 0.565537, 0.540536, 0.545537
0.565514, 0.565537, 0.540536, 0.545537
0.565514, 0.565537, 0.540536, 0.545537
0.565514, 0.565537, 0.540536, 0.545537
0.565514, 0.565537, 0.540536, 0.545537
0.565514, 0.565537, 0.540536, 0.545537
0.565514, 0.565537, 0.540536, 0.545537
0.565514, 0.565537, 0.540536, 0.545537
0.565514, 0.565537, 0.540536, 0.545537
0.565514, 0.565537, 0.540536, 0.545537
0.565514, 0.565537, 0.540536, 0.545537
0.565514, 0.565537, 0.540536, 0.545537
0.565514, 0.565537, 0.540536, 0.545537
0.565514, 0.565537, 0.540536, 0.545537
0.565514, 0.565537, 0.540536, 0.545537
0.565514, 0.565537, 0.540536, 0.545537
0.565514, 0.565537, 0.540536, 0.545537
0.565514, 0.565537, 0.540536, 0.545537
0.565514, 0.565537, 0.540536, 0.545537
0.565514, 0.565537, 0.540536, 0.545537
0.565514, 0.565537, 0.540536, 0.545537
0.565514, 0.565537, 0.540536, 0.545537
0.565514, 0.565537, 0.540536, 0.545537
0.565514, 0.565537, 0.540536, 0.545537
0.565514, 0.565537, 0.540536, 0.545537
0.565514, 0.565537, 0.540536, 0.545537
0.565514, 0.565537, 0.540536, 0.545537
0.565514, 0.565537, 0.540536, 0.545537
0.565514, 0.565537, 0.540536, 0.545537
0.565514, 0.565537, 0.540536, 0.545537
0.565514, 0.565537, 0.540536, 0.545537
0.565514, 0.565537, 0.540536, 0.545537
0.565514, 0.565537, 0.540536, 0.545537
0.565514, 0.565537, 0.540536, 0.545537
0.565514, 0.565537, 0.540536, 0.545537
0.565514, 0.565537, 0.540536, 0.545537
0.565514, 0.565537, 0.540536, 0.545537
0.565514, 0.565537, 0.540536, 0.545537
0.565514, 0.565537, 0.540536, 0.545537
0.565514, 0.565537, 0.540536, 0.545537
0.565514, 0.565537, 0.540536, 0.545537
0.565514, 0.565537, 0.540536, 0.545537
0.565514, 0.565537, 0.540536, 0.545537
0.565514, 0.565537, 0.540536, 0.545537
0.565514, 0.565537, 0.540536, 0.545537
0.565514, 0.565537, 0.540536, 0.545537
0.565514, 0.565537, 0.540536, 0.545537
0.565514, 0.565537, 0.540536, 0.545537
0.565514, 0.565537, 0.540536, 0.545537
0.565514, 0.565537, 0.540536, 0.545537
0.565514, 0.565537, 0.540536, 0.545537
0.565514, 0.565537, 0.540536, 0.545537
0.565514, 0.565537, 0.540536, 0.545537
0.565514, 0.565537, 0.540536, 0.545537
0.565514, 0.565537, 0.540536, 0.545537
0.565514, 0.565537, 0.540536, 0.545537
0.565514, 0.565537, 0.540536, 0.545537
0.565514, 0.565537, 0.540536, 0.545537
0.565514, 0.565537, 0.540536, 0.545537
0.565514, 0.565537, 0.540536, 0.545537
0.565514, 0.565537, 0.540536, 0.545537
0.565514, 0.565537, 0.540536, 0.545537
0.565514, 0.565537, 0.540536, 0.545537
0.565514, 0.565537, 0.540536, 0.545537
0.565514, 0.565537, 0.540536, 0.545537
0.565514, 0.565537, 0.540536, 0.545537
0.565514, 0.565537, 0.540536, 0.545537
0.565514, 0.565537, 0.540536, 0.545537
0.565514, 0.565537, 0.540536, 0.545537
0.565514, 0.565537, 0.540536, 0.545537
0.565514, 0.565537, 0.540536, 0.545537
0.565514, 0.565537, 0.540536, 0.545537
0.565514, 0.565537, 0.540536, 0.545537
0.565514, 0.565537, 0.540536, 0.545537
0.565514, 0.565537, 0.540536, 0.545537
0.565514, 0.565537, 0.540536, 0.545537
0.565514, 0.565537, 0.540536, 0.545537
0.565514, 0.565537, 0.540536, 0.545537
0.565514, 0.565537, 0.540536, 0.545537
0.565514, 0.565537, 0.540536, 0.545537
0.565514, 0.565537, 0.540536, 0.545537
0.565514, 0.565537, 0.540536, 0.545537
0.565514, 0.565537, 0.540536, 0.545537
0.565514, 0.565537, 0.540536, 0.545537
0.565514, 0.565537, 0.540536, 0.545537
0.565514, 0.565537, 0.540536, 0.545537
0.565514, 0.565537, 0.540536, 0.545537
0.565514, 0.565537, 0.540536, 0.545537
0.565514, 0.565537, 0.540536, 0.545537
0.565514, 0.565537, 0.540536, 0.545537
0.565514, 0.565537, 0.540536, 0.545537
0.565514, 0.565537, 0.540536, 0.545537
0.565514, 0.565537, 0.540536, 0.545537
0.565514, 0.565537, 0.540536, 0.545537
0.565514, 0.565537, 0.540536, 0.545537
0.565514, 0.565537, 0.540536, 0.545537
0.565514, 0.565537, 0.540536, 0.545537
0.565514, 0.565537, 0.540536, 0.545537
0.565514, 0.565537, 0.540536, 0.545537
0.565514, 0.565537, 0.540536, 0.545537
0.565514, 0.565537, 0.540536, 0.545537
0.565514, 0.565537, 0.540536, 0.545537
0.565514, 0.565537, 0.540536, 0.545537
0.565514, 0.565537, 0.540536, 0.545537
0.565514, 0.565537, 0.540536, 0.545537
0.565514, 0.565537, 0.540536, 0.545537
0.565514, 0.565537, 0.540536, 0.545537
0.565514, 0.565537, 0.540536, 0.545537
0.565514, 0.565537, 0.540536, 0.545537
0.565514, 0.565537, 0.540536, 0.545537
0.565514, 0.565537, 0.540536, 0.545537
0.565514, 0.565537, 0.540536, 0.545537
0.565514, 0.565537, 0.540536, 0.545537
0.565514, 0.565537, 0.540536, 0.545537
0.565514, 0.565537, 0.540536, 0.545537
0.565514, 0.565537, 0.540536, 0.545537
0.565514, 0.565537, 0.540536, 0.545537
0.565514, 0.565537, 0.540536, 0.545537
0.565514, 0.565537, 0.540536, 0.545537
0.565514, 0.565537, 0.540536, 0.545537
0.565514, 0.565537, 0.540536, 0.545537
0.565514, 0.565537, 0.540536, 0.545537
0.565514, 0.565537, 0.540536, 0.545537
0.565514, 0.565537, 0.540536, 0.545537
0.565514, 0.565537, 0.540536, 0.545537
0.565514, 0.565537, 0.540536, 0.545537
0.565514, 0.565537, 0.540536, 0.545537
0.565514, 0.565537, 0.540536, 0.545537
0.565514, 0.565537, 0.540536, 0.545537
0.565514, 0.565537, 0.540536, 0.545537
0.565514, 0.565537, 0.540536, 0.545537
0.565514, 0.565537, 0.540536, 0.545537
0.565514, 0.565537, 0.540536, 0.545537
0.565514, 0.565537, 0.540536, 0.545537
0.565514, 0.565537, 0.540536, 0.545537
0.565514, 0.565537, 0.540536, 0.545537
0.565514, 0.565537, 0.540536, 0.545537
0.565514, 0.565537, 0.540536, 0.545537
0.565514, 0.565537, 0.540536, 0.545537
0.565514, 0.565537, 0.540536, 0.545537
0.565514, 0.565537, 0.540536, 0.545537
0.565514, 0.565537, 0.540536, 0.545537
0.565514, 0.565537, 0.540536, 0.545537
0.565514, 0.565537, 0.540536, 0.545537
0.565514, 0.565537, 0.540536, 0.545537
0.565514, 0.565537, 0.540536, 0.545537
0.565514, 0.565537, 0.540536, 0.545537
0.565514, 0.565537, 0.540536, 0.545537
0.565514, 0.565537, 0.540536, 0.545537
0.565514, 0.565537, 0.540536, 0.545537
0.565514, 0.565537, 0.540536, 0.545537
0.565514, 0.565537, 0.540536, 0.545537
0.565514, 0.565537, 0.540536, 0.545537
0.565514, 0.565537, 0.540536, 0.545537
0.565514, 0.565537, 0.540536, 0.545537
0.565514, 0.565537, 0.540536, 0.545537
0.565514, 0.565537, 0.540536, 0.545537
0.565514, 0.565537, 0.540536, 0.545537
0.565514, 0.565537, 0.540536, 0.545537
0.565514, 0.565537, 0.540536, 0.545537
0.565514, 0.565537, 0.540536, 0.545537
0.565514, 0.565537, 0.540536, 0.545537
0.594488, 0.594704, 0.569891, 0.574707
0.604297, 0.604912, 0.580124, 0.584792
0.577223, 0.577542, 0.552601, 0.557583
0.569928, 0.570161, 0.54513, 0.550147
0.576321, 0.576342, 0.551442, 0.556544
0.580967, 0.581001, 0.556487, 0.561418
0.577247, 0.577261, 0.5527, 0.557786
0.571721, 0.571839, 0.546899, 0.55196
0.567106, 0.567106, 0.542112, 0.54711
0.567102, 0.567103, 0.542108, 0.547106
0.567102, 0.567103, 0.542108, 0.547106
0.567102, 0.567103, 0.542108, 0.547106
0.567102, 0.567103, 0.542108, 0.547106
0.567102, 0.567103, 0.542108, 0.547106
0.567102, 0.567103, 0.542108, 0.547106
0.567102, 0.567103, 0.542108, 0.547106
0.567102, 0.567103, 0.542108, 0.547106
0.567102, 0.567103, 0.542108, 0.547106
0.567102, 0.567103, 0.542108, 0.547106
0.567102, 0.567103, 0.542108, 0.547106
0.567102, 0.567103, 0.542108, 0.547106
0.567102, 0.567103, 0.542108, 0.547106
0.567102, 0.567103, 0.542108, 0.547106
0.567102, 0.567103, 0.542108, 0.547106
0.567102, 0.567103, 0.542108, 0.547106
0.567102, 0.567103, 0.542108, 0.547106
0.567102, 0.567103, 0.542108, 0.547106
0.567102, 0.567103, 0.542108, 0.547106
0.567102, 0.567103, 0.542108, 0.547106
0.567102, 0.567103, 0.542108, 0.547106
0.567102, 0.567103, 0.542108, 0.547106
0.567102, 0.567103, 0.542108, 0.547106
0.567102, 0.567103, 0.542108, 0.547106
0.567102, 0.567103, 0.542108, 0.547106
0.567102, 0.567103, 0.542108, 0.547106
0.567102, 0.567103, 0.542108, 0.547106
0.567102, 0.567103, 0.542108, 0.547106
0.567102, 0.567103, 0.542108, 0.547106
0.567102, 0.567103, 0.542108, 0.547106
0.567102, 0.567103, 0.542108, 0.547106
0.567102, 0.567103, 0.542108, 0.547106
0.567102, 0.567103, 0.542108, 0.547106
0.567102, 0.567103, 0.542108, 0.547106
0.567102, 0.567103, 0.542108, 0.547106
0.567102, 0.567103, 0.542108, 0.547106
0.567102, 0.567103, 0.542108, 0.547106
0.567102, 0.567103, 0.542108, 0.547106
0.567102, 0.567103, 0.542108, 0.547106
0.567102, 0.567103, 0.542108, 0.547106
0.567102, 0.567103, 0.542108, 0.547106
0.567102, 0.567103, 0.542108, 0.547106
0.567102, 0.567103, 0.542108, 0.547106
0.567102, 0.567103, 0.542108, 0.547106
0.567102, 0.567103, 0.542108, 0.547106
0.567102, 0.567103, 0.542108, 0.547106
0.567102, 0.567103, 0.542108, 0.547106
0.567102, 0.567103, 0.542108, 0.547106
0.567102, 0.567103, 0.542108, 0.547106
0.567102, 0.567103, 0.542108, 0.547106
0.567102, 0.567103, 0.542108, 0.547106
0.567102, 0.567103, 0.542108, 0.547106
0.567102, 0.567103, 0.542108, 0.547106
0.567102, 0.567103, 0.542108, 0.547106
0.567102, 0.567103, 0.542108, 0.547106
0.567102, 0.567103, 0.542108, 0.547106
0.567102, 0.567103, 0.542108, 0.547106
0.567102, 0.567103, 0.542108, 0.547106
0.567102, 0.567103, 0.542108, 0.547106
0.567102, 0.567103, 0.542108, 0.547106
0.567102, 0.567103, 0.542108, 0.547106
0.567102, 0.567103, 0.542108, 0.547106
0.567102, 0.567103, 0.542108, 0.547106
0.567102, 0.567103, 0.542108, 0.547106
0.567102, 0.567103, 0.542108, 0.547106
0.567102, 0.567103, 0.542108, 0.547106
0.567102, 0.567103, 0.542108, 0.547106
0.567102, 0.567103, 0.542108, 0.547106
0.567102, 0.567103, 0.542108, 0.547106
0.567102, 0.567103, 0.542108, 0.547106
0.567102, 0.567103, 0.542108, 0.547106
0.567102, 0.567103, 0.542108, 0.547106
0.567102, 0.567103, 0.542108, 0.547106
0.567102, 0.567103, 0.542108, 0.547106
0.567102, 0.567131, 0.542206, 0.547227
0.567102, 0.567132, 0.542207, 0.547228
0.567102, 0.56713, 0.542169, 0.547183
0.567102, 0.567116, 0.542214, 0.54723
0.567102, 0.567116, 0.542214, 0.54723
0.567102, 0.567116, 0.542198, 0.547211
0.567102, 0.567133, 0.542235, 0.547263
0.567102, 0.567133, 0.542235, 0.547263
0.567102, 0.567134, 0.542253, 0.547284
0.567102, 0.567134, 0.542254, 0.547285
0.567102, 0.567134, 0.542254, 0.547286
0.567102, 0.567134, 0.542254, 0.547286
0.567102, 0.567134, 0.542252, 0.547282
0.567102, 0.567134, 0.542251, 0.547281
0.567102, 0.567134, 0.542251, 0.547281
0.567102, 0.567134, 0.542251, 0.547281
0.567102, 0.567134, 0.542276, 0.547312
0.567102, 0.567134, 0.542276, 0.547312
0.567102, 0.567134, 0.542268, 0.547302
0.567102, 0.567134, 0.542269, 0.547303
0.567102, 0.567134, 0.542255, 0.547286
0.567102, 0.567134, 0.542255, 0.547286
0.567102, 0.567134, 0.542256, 0.547287
0.567102, 0.567134, 0.54226, 0.547293
0.567102, 0.567134, 0.54226, 0.547293
0.567102, 0.567134, 0.542265, 0.547299
0.567102, 0.567134, 0.542265, 0.547299
0.567102, 0.567134, 0.542267, 0.547301
0.567102, 0.567134, 0.542267, 0.547301
0.567102, 0.567134, 0.542272, 0.547306
0.567102, 0.567134, 0.54226, 0.547293
0.567102, 0.567134, 0.54226, 0.547293
0.567102, 0.567134, 0.542267, 0.5473
0.567102, 0.567134, 0.542267, 0.5473
0.567102, 0.567134, 0.542266, 0.5473
0.567102, 0.567134, 0.54226, 0.547293
0.567102, 0.567134, 0.54226, 0.547293
0.567102, 0.567134, 0.542253, 0.547284
0.567102, 0.567134, 0.542253, 0.547284
0.567102, 0.567134, 0.542262, 0.547295
0.567102, 0.567134, 0.542262, 0.547295
0.567102, 0.567134, 0.542269, 0.547304
0.567102, 0.567134, 0.542269, 0.547304
0.567102, 0.567134, 0.542268, 0.547302
0.567102, 0.567134, 0.542268, 0.547302
0.567102, 0.567134, 0.542267, 0.5473
0.567102, 0.567134, 0.542267, 0.5473
0.567102, 0.567107, 0.542221, 0.547235
0.567102, 0.567107, 0.542221, 0.547235
0.567102, 0.567107, 0.542221, 0.547236
0.567102, 0.567107, 0.542221, 0.547236
0.567102, 0.567107, 0.542221, 0.547236
0.567102, 0.567107, 0.542222, 0.547237
0.567102, 0.567134, 0.54226, 0.547292
0.567102, 0.567134, 0.54226, 0.547292
0.567102, 0.567134, 0.54226, 0.547292
0.567102, 0.567134, 0.542248, 0.547278
0.567102, 0.567134, 0.542249, 0.547279
0.567102, 0.567134, 0.542249, 0.547279
0.567102, 0.567134, 0.542254, 0.547285
0.567102, 0.567134, 0.542254, 0.547285
0.567102, 0.567134, 0.542255, 0.547286
0.567102, 0.567134, 0.542255, 0.547286
0.567102, 0.567134, 0.542249, 0.547279
0.567102, 0.567134, 0.542249, 0.547279
0.567102, 0.567134, 0.542245, 0.547275
0.567102, 0.567134, 0.542246, 0.547276
0.567102, 0.567134, 0.542246, 0.547276
0.567102, 0.567134, 0.542246, 0.547276
0.567102, 0.567134, 0.542244, 0.547274
0.567102, 0.567133, 0.54224, 0.547268
0.567102, 0.567133, 0.54224, 0.547268
0.567102, 0.567133, 0.542238, 0.547266
0.567102, 0.567133, 0.542238, 0.547266
0.567102, 0.567133, 0.542234, 0.547261
0.567102, 0.567133, 0.542234, 0.547261
0.567102, 0.567133, 0.542234, 0.547261
0.567102, 0.567133, 0.542234, 0.547261
0.567102, 0.567133, 0.54224, 0.547269
0.567102, 0.567133, 0.54224, 0.547269
0.567102, 0.567133, 0.542237, 0.547265
0.567102, 0.567133, 0.542237, 0.547265
0.567102, 0.567133, 0.542238, 0.547266
0.567102, 0.567133, 0.542238, 0.547266
0.567102, 0.567133, 0.542241, 0.547269
0.567102, 0.567134, 0.542246, 0.547275
0.567102, 0.567134, 0.542246, 0.547275
0.567102, 0.567134, 0.542246, 0.547275
0.567102, 0.567133, 0.542242, 0.547271
0.567102, 0.567133, 0.542234, 0.547261
0.567102, 0.567133, 0.542234, 0.547261
0.567102, 0.567133, 0.542228, 0.547254
0.567102, 0.567133, 0.542228, 0.547254
0.567102, 0.567133, 0.542228, 0.547254
0.567102, 0.567133, 0.542225, 0.547251
0.567102, 0.567133, 0.542225, 0.547251
0.567102, 0.567133, 0.542226, 0.547251
0.567102, 0.567133, 0.542227, 0.547252
0.567102, 0.567133, 0.542227, 0.547252
0.567102, 0.567133, 0.542228, 0.547254
0.567102, 0.567133, 0.542228, 0.547254
0.567102, 0.567133, 0.542235, 0.547262
0.567102, 0.567133, 0.542235, 0.547262
0.567102, 0.567133, 0.542239, 0.547267
0.567102, 0.567133, 0.542239, 0.547267
0.567102, 0.567133, 0.542242, 0.547271
0.567102, 0.567133, 0.542242, 0.54727
0.567102, 0.567133, 0.542242, 0.54727
0.567102, 0.567133, 0.542237, 0.547264
0.567102, 0.567133, 0.542237, 0.547264
0.567102, 0.567133, 0.542236, 0.547263
0.567102, 0.567133, 0.542232, 0.547259
0.567102, 0.567133, 0.542232, 0.547259
0.567102, 0.567137, 0.542255, 0.547289
0.567102, 0.567137, 0.542255, 0.547289
0.567102, 0.567137, 0.542255, 0.547289
0.567102, 0.567137, 0.542254, 0.547288
0.567102, 0.567137, 0.542254, 0.547288
0.567102, 0.567138, 0.542258, 0.547292
0.567102, 0.567138, 0.542258, 0.547292
0.567102, 0.567138, 0.542258, 0.547294
0.567102, 0.567138, 0.542259, 0.547294
0.567102, 0.567139, 0.54226, 0.547296
0.567102, 0.567139, 0.54226, 0.547296
0.567102, 0.567138, 0.542256, 0.547291
0.567102, 0.567138, 0.542257, 0.547291
0.567102, 0.567137, 0.542255, 0.547288
0.567102, 0.567137, 0.542255, 0.547288
0.567102, 0.567137, 0.542254, 0.547287
0.567102, 0.567139, 0.54226, 0.547296
0.567102, 0.567139, 0.54226, 0.547296
0.567102, 0.567133, 0.542237, 0.547265
0.567102, 0.567133, 0.542237, 0.547265
0.567102, 0.567133, 0.542235, 0.547262
0.567102, 0.567133, 0.542235, 0.547262
0.567102, 0.567133, 0.542237, 0.547265
0.567102, 0.567133, 0.542236, 0.547264
0.567102, 0.567133, 0.542236, 0.547264
0.567102, 0.567133, 0.542237, 0.547264
0.567102, 0.567133, 0.542237, 0.547264
0.567102, 0.567133, 0.542236, 0.547263
0.567102, 0.567133, 0.542236, 0.547263
0.567102, 0.567126, 0.542134, 0.547105
0.567102, 0.567133, 0.542238, 0.547266
0.567102, 0.567133, 0.54224, 0.547268
0.567102, 0.567133, 0.542242, 0.54727
0.567102, 0.567133, 0.542242, 0.54727
0.567102, 0.567133, 0.542242, 0.54727
0.567102, 0.567133, 0.542242, 0.54727
0.567102, 0.567133, 0.542239, 0.547267
0.567102, 0.567133, 0.542241, 0.54727
0.567102, 0.567133, 0.542241, 0.54727
0.567102, 0.567133, 0.542241, 0.547269
0.567102, 0.567133, 0.542241, 0.547269
0.567102, 0.567133, 0.542244, 0.547273
0.567102, 0.567133, 0.542244, 0.547273
0.567102, 0.567134, 0.542248, 0.547278
0.567102, 0.567134, 0.542248, 0.547278
0.567102, 0.567134, 0.542253, 0.547284
0.567102, 0.567134, 0.542253, 0.547284
0.567102, 0.567134, 0.542257, 0.547289
0.567102, 0.567134, 0.542257, 0.547289
0.567102, 0.567134, 0.542259, 0.547292
0.567102, 0.567134, 0.542259, 0.547292
0.567102, 0.567134, 0.54226, 0.547292
0.567102, 0.567134, 0.542262, 0.547295
0.567102, 0.567134, 0.542262, 0.547295
0.567102, 0.567134, 0.542262, 0.547295
0.567102, 0.567134, 0.542262, 0.547295
0.567102, 0.567134, 0.542268, 0.547302
0.567102, 0.567134, 0.542268, 0.547302
0.567102, 0.567134, 0.542271, 0.547305
0.567102, 0.567134, 0.542271, 0.547305
0.567102, 0.567134, 0.542272, 0.547307
0.567102, 0.567134, 0.542273, 0.547308
0.567102, 0.567134, 0.542273, 0.547308
0.567102, 0.567134, 0.542272, 0.547307
0.567102, 0.567134, 0.542272, 0.547307
0.567102, 0.567134, 0.542272, 0.547307
0.567102, 0.567134, 0.542271, 0.547305
0.567102, 0.567134, 0.542272, 0.547307
0.567102, 0.567134, 0.542272, 0.547307
0.567102, 0.567134, 0.542272, 0.547307
0.567102, 0.567134, 0.542272, 0.547307
0.567102, 0.567134, 0.542273, 0.547308
0.567102, 0.567134, 0.542273, 0.547308
0.567102, 0.567134, 0.542272, 0.547306
0.567102, 0.567134, 0.542272, 0.547306
0.567102, 0.567134, 0.542273, 0.547308
0.567102, 0.567134, 0.542273, 0.547308
0.567102, 0.567134, 0.542273, 0.547308
0.567102, 0.567134, 0.54227, 0.547304
0.567102, 0.567134, 0.542269, 0.547303
0.567102, 0.567134, 0.542269, 0.547303
0.567102, 0.567134, 0.54226, 0.547293
0.567102, 0.567134, 0.54226, 0.547293
0.567102, 0.567134, 0.54226, 0.547293
0.567102, 0.567134, 0.542247, 0.547277
0.567102, 0.567134, 0.542247, 0.547277
0.567102, 0.567134, 0.542249, 0.547279
0.567102, 0.567134, 0.542249, 0.547279
0.567102, 0.567134, 0.542255, 0.547286
0.567102, 0.567134, 0.542255, 0.547287
0.567102, 0.567133, 0.542256, 0.547287
0.567102, 0.567133, 0.542256, 0.547287
0.567102, 0.567133, 0.542266, 0.547299
0.567102, 0.567133, 0.542266, 0.547299
0.567102, 0.567134, 0.542275, 0.54731
0.567102, 0.567134, 0.542275, 0.54731
0.567102, 0.567134, 0.542285, 0.547322
0.567102, 0.567134, 0.542285, 0.547322
0.567102, 0.567134, 0.542285, 0.547322
0.567102, 0.567134, 0.542286, 0.547324
0.567102, 0.567134, 0.542286, 0.547324
0.567102, 0.567134, 0.542287, 0.547325
0.567102, 0.567134, 0.542287, 0.547325
0.567102, 0.567134, 0.542287, 0.547325
0.567102, 0.567134, 0.542288, 0.547326
0.567102, 0.567134, 0.542288, 0.547326
0.567102, 0.567134, 0.542288, 0.547326
0.567102, 0.567134, 0.542288, 0.547326
0.567102, 0.567134, 0.542287, 0.547325
0.567102, 0.567134, 0.542287, 0.547325
0.567102, 0.567134, 0.542285, 0.547323
0.567102, 0.567134, 0.542285, 0.547323
0.567102, 0.567134, 0.542278, 0.547314
0.567102, 0.567134, 0.542278, 0.547314
0.567102, 0.567134, 0.542274, 0.547309
0.567102, 0.567134, 0.542274, 0.547309
0.567102, 0.567134, 0.542264, 0.547298
0.567102, 0.567134, 0.542255, 0.547286
0.567102, 0.567134, 0.542255, 0.547286
0.567102, 0.567131, 0.542167, 0.547181
0.567102, 0.567131, 0.542167, 0.547181
0.567102, 0.567131, 0.54217, 0.547184
0.567102, 0.567131, 0.54217, 0.547184
0.567102, 0.56713, 0.542161, 0.547173
0.567102, 0.56713, 0.542161, 0.547173
0.567102, 0.56713, 0.542159, 0.547171
0.567102, 0.567129, 0.542146, 0.547155
0.567102, 0.567129, 0.542146, 0.547155
0.567102, 0.56713, 0.542153, 0.547164
0.567102, 0.56713, 0.542153, 0.547164
0.567102, 0.567134, 0.542264, 0.547297
0.567102, 0.567134, 0.542264, 0.547297
0.567102, 0.567134, 0.542258, 0.54729
0.567102, 0.567134, 0.542258, 0.54729
0.567102, 0.567134, 0.542258, 0.54729
0.567102, 0.567134, 0.542256, 0.547287
0.567102, 0.567134, 0.542256, 0.547287
0.567102, 0.567131, 0.542169, 0.547183
0.567102, 0.567131, 0.542169, 0.547183
0.567102, 0.567131, 0.54217, 0.547184
0.567102, 0.567131, 0.54217, 0.547184
0.567102, 0.567131, 0.542173, 0.547187
0.567102, 0.567131, 0.542173, 0.547187
0.567102, 0.567131, 0.542173, 0.547188
0.567102, 0.567131, 0.542173, 0.547188
0.567102, 0.567131, 0.542174, 0.547189
0.567102, 0.567131, 0.542174, 0.547189
0.567102, 0.567129, 0.542133, 0.54714
0.567102, 0.567129, 0.542133, 0.54714
0.567102, 0.567131, 0.54217, 0.547184
0.567102, 0.567119, 0.542207, 0.547222
0.567102, 0.567119, 0.542207, 0.547222
0.567102, 0.567119, 0.542207, 0.547222
0.567102, 0.567118, 0.542212, 0.547228
0.567102, 0.567118, 0.542214, 0.547231
0.567102, 0.567118, 0.542214, 0.547231
0.567102, 0.567118, 0.542215, 0.547232
0.567102, 0.567118, 0.542212, 0.547228
0.567102, 0.567118, 0.542212, 0.547228
0.567102, 0.567131, 0.542173, 0.547187
0.567102, 0.567131, 0.542173, 0.547187
0.567102, 0.567131, 0.542175, 0.54719
0.567102, 0.567131, 0.542175, 0.54719
0.567102, 0.567131, 0.542175, 0.54719
0.567102, 0.567131, 0.542178, 0.547193
0.567102, 0.567131, 0.542178, 0.547193
0.567102, 0.567131, 0.542178, 0.547193
0.567102, 0.567131, 0.54218, 0.547196
0.567102, 0.567131, 0.54218, 0.547196
0.567102, 0.567133, 0.542225, 0.54725
0.567102, 0.567133, 0.542225, 0.54725
0.567102, 0.567133, 0.54223, 0.547256
0.567102, 0.567133, 0.54223, 0.547256
0.567102, 0.567133, 0.542237, 0.547265
0.567102, 0.567133, 0.542237, 0.547265
0.567102, 0.567134, 0.542245, 0.547274
0.567102, 0.567134, 0.542245, 0.547274
0.567102, 0.567134, 0.542244, 0.547273
0.567102, 0.567134, 0.542247, 0.547276
0.567102, 0.567134, 0.542247, 0.547276
0.567102, 0.567133, 0.542243, 0.547271
0.567102, 0.567133, 0.542243, 0.547271
0.567049, 0.56705, 0.542074, 0.547088
0.576365, 0.576382, 0.551461, 0.556484
0.572684, 0.572693, 0.547723, 0.55273
0.566376, 0.56639, 0.541392, 0.546394
0.566128, 0.566138, 0.541157, 0.546157
0.567609, 0.567646, 0.542712, 0.547724
0.566314, 0.566328, 0.541387, 0.546401
0.565858, 0.565865, 0.540889, 0.545927
0.565858, 0.565865, 0.540889, 0.545926
0.565858, 0.565865, 0.540889, 0.545926
0.565858, 0.565871, 0.540881, 0.545904
0.565858, 0.565865, 0.540889, 0.545926
0.565858, 0.565865, 0.540889, 0.545926
0.565858, 0.565865, 0.540889, 0.545926
0.565858, 0.565871, 0.540882, 0.545907
0.565858, 0.565871, 0.540882, 0.545908
0.565858, 0.565871, 0.540882, 0.545908
0.565858, 0.565871, 0.540883, 0.54591
0.565858, 0.565871, 0.540883, 0.54591
0.565858, 0.565871, 0.540883, 0.54591
0.565858, 0.565871, 0.540883, 0.54591
0.565858, 0.565871, 0.540883, 0.54591
0.565858, 0.565871, 0.540883, 0.54591
0.565858, 0.565871, 0.540883, 0.545909
0.565858, 0.565871, 0.540883, 0.545909
0.565858, 0.565871, 0.540882, 0.545909
0.565858, 0.565871, 0.540883, 0.545909
0.565858, 0.565872, 0.540881, 0.545904
0.565858, 0.565872, 0.540881, 0.545904
0.565858, 0.565871, 0.540882, 0.545907
0.565858, 0.565871, 0.540882, 0.545907
0.565858, 0.565871, 0.540883, 0.545909
0.565858, 0.565871, 0.540883, 0.54591
0.565858, 0.565871, 0.540883, 0.54591
0.565858, 0.565871, 0.540883, 0.54591
0.565858, 0.565871, 0.540882, 0.545907
0.565858, 0.565871, 0.540882, 0.545908
0.565858, 0.565871, 0.540882, 0.545908
0.565858, 0.565871, 0.540882, 0.545909
0.565858, 0.565871, 0.540882, 0.545909
0.565858, 0.565871, 0.540882, 0.545907
0.565858, 0.565871, 0.540882, 0.545906
0.565858, 0.565871, 0.540882, 0.545906
0.565858, 0.56587, 0.540883, 0.54591
0.565858, 0.56587, 0.540883, 0.54591
0.565858, 0.565871, 0.540883, 0.545909
0.565858, 0.565871, 0.540883, 0.545909
0.565858, 0.565871, 0.540882, 0.545906
0.565858, 0.565871, 0.540882, 0.545909
0.565858, 0.565871, 0.540882, 0.545909
0.565858, 0.56587, 0.540884, 0.545912
0.565858, 0.56587, 0.540884, 0.545912
0.565858, 0.56587, 0.540884, 0.545914
0.565858, 0.56587, 0.540884, 0.545914
0.565858, 0.56587, 0.540884, 0.545914
0.565858, 0.56587, 0.540884, 0.545914
0.565858, 0.565869, 0.540885, 0.545917
0.565858, 0.565869, 0.540885, 0.545917
0.565858, 0.565868, 0.540885, 0.545918
0.565858, 0.565868, 0.540885, 0.545918
0.565858, 0.565868, 0.540886, 0.54592
0.565858, 0.565868, 0.540886, 0.54592
0.565858, 0.565868, 0.540886, 0.54592
0.565858, 0.565867, 0.540886, 0.545921
0.565858, 0.565867, 0.540886, 0.545921
0.565858, 0.565866, 0.540886, 0.545923
0.565858, 0.565866, 0.540887, 0.545924
0.565858, 0.565866, 0.540887, 0.545924
0.565858, 0.565865, 0.540887, 0.545924
0.565858, 0.565865, 0.540887, 0.545924
0.565858, 0.565866, 0.540886, 0.545923
0.565858, 0.565866, 0.540886, 0.545923
0.565858, 0.565865, 0.540887, 0.545925
0.565858, 0.565864, 0.540887, 0.545926
0.565858, 0.565864, 0.540887, 0.545926
0.565858, 0.565864, 0.540887, 0.545926
0.565858, 0.565864, 0.540887, 0.545926
0.565858, 0.565864, 0.54089, 0.545928
0.565858, 0.565864, 0.54089, 0.545928
0.565858, 0.565864, 0.54089, 0.545928
0.565858, 0.565864, 0.540889, 0.545927
0.565858, 0.565864, 0.540889, 0.545927
0.565858, 0.565864, 0.54089, 0.545928
0.565858, 0.565864, 0.54089, 0.545928
0.565858, 0.565863, 0.54089, 0.545928
0.565858, 0.565863, 0.54089, 0.545929
0.565858, 0.565863, 0.54089, 0.545929
0.565858, 0.565863, 0.54089, 0.545929
0.565858, 0.565863, 0.54089, 0.545929
0.565858, 0.565863, 0.54089, 0.545929
0.565858, 0.565863, 0.54089, 0.545929
0.565858, 0.565863, 0.54089, 0.545929
0.565858, 0.565863, 0.54089, 0.545929
0.565858, 0.565863, 0.54089, 0.545929
0.565858, 0.565863, 0.54089, 0.545929
0.565858, 0.565863, 0.54089, 0.545929
0.565858, 0.565863, 0.54089, 0.545929
0.565858, 0.565863, 0.54089, 0.545929
0.565858, 0.565863, 0.54089, 0.545929
0.565858, 0.565863, 0.54089, 0.545929
0.565858, 0.565863, 0.540897, 0.545927
0.565858, 0.565863, 0.540897, 0.545927
0.565858, 0.565863, 0.540897, 0.545928
0.565858, 0.565863, 0.540897, 0.545928
0.565858, 0.565863, 0.540897, 0.545928
0.565858, 0.565865, 0.540893, 0.545928
0.565858, 0.565865, 0.540893, 0.545928
0.565858, 0.565864, 0.540893, 0.545928
0.565858, 0.565864, 0.540893, 0.545928
0.565858, 0.565863, 0.540893, 0.545929
0.565858, 0.565864, 0.54089, 0.545928
0.565858, 0.565864, 0.54089, 0.545928
0.565858, 0.565864, 0.540888, 0.545927
0.565858, 0.565864, 0.540888, 0.545927
0.565858, 0.565863, 0.540884, 0.545924
0.565858, 0.565863, 0.540884, 0.545924
0.565858, 0.565863, 0.540883, 0.545923
0.565858, 0.565863, 0.540884, 0.545924
0.565858, 0.565863, 0.540884, 0.545924
0.565858, 0.565863, 0.540884, 0.545924
0.565858, 0.565863, 0.540884, 0.545924
0.565858, 0.565863, 0.540884, 0.545924
0.565858, 0.565863, 0.540884, 0.545924
0.565858, 0.565863, 0.540884, 0.545924
0.565858, 0.565863, 0.540884, 0.545924
0.565858, 0.565863, 0.540884, 0.545924
0.565858, 0.565863, 0.540884, 0.545924
0.565858, 0.565863, 0.540884, 0.545924
0.565858, 0.565863, 0.540884, 0.545924
0.565858, 0.565863, 0.540884, 0.545924
0.565858, 0.565863, 0.540884, 0.545924
0.565858, 0.565863, 0.540884, 0.545924
0.565858, 0.565863, 0.540884, 0.545924
0.565858, 0.565863, 0.540884, 0.545924
0.565858, 0.565863, 0.540884, 0.545924
0.565858, 0.565863, 0.540884, 0.545924
0.565858, 0.565863, 0.540884, 0.545924
0.565858, 0.565863, 0.540884, 0.545924
0.565858, 0.565863, 0.540884, 0.545924
0.565858, 0.565863, 0.540884, 0.545924
0.565858, 0.565863, 0.540884, 0.545924
0.565858, 0.565863, 0.540884, 0.545924
0.565858, 0.565863, 0.540884, 0.545924
0.565858, 0.565863, 0.540884, 0.545924
0.565858, 0.565863, 0.540884, 0.545924
0.565858, 0.565863, 0.540884, 0.545924
0.565858, 0.565863, 0.540884, 0.545924
0.565858, 0.565863, 0.540884, 0.545924
0.565858, 0.565863, 0.540884, 0.545924
0.565858, 0.565863, 0.540884, 0.545924
0.565858, 0.565863, 0.540884, 0.545924
0.565858, 0.565863, 0.540884, 0.545924
0.565858, 0.565863, 0.540884, 0.545924
0.565858, 0.565866, 0.540871, 0.545885
0.565858, 0.565866, 0.540871, 0.545885
0.565858, 0.565859, 0.540872, 0.545892
0.565858, 0.565867, 0.540869, 0.545883
0.565858, 0.565867, 0.540877, 0.545891
0.565858, 0.565861, 0.540871, 0.54589
0.565858, 0.565862, 0.54087, 0.545889
0.565858, 0.565863, 0.54087, 0.545888
0.565858, 0.56586, 0.540871, 0.54589
0.565858, 0.565861, 0.540871, 0.54589
0.565858, 0.565861, 0.540871, 0.54589
0.565858, 0.565863, 0.54087, 0.545888
0.565858, 0.565863, 0.54087, 0.545888
0.565858, 0.565865, 0.540869, 0.545886
0.565858, 0.565862, 0.54087, 0.545889
0.565858, 0.565861, 0.54087, 0.54589
0.565858, 0.565868, 0.540867, 0.54588
0.565858, 0.565868, 0.540867, 0.54588
0.565858, 0.565868, 0.540867, 0.54588
0.565858, 0.565868, 0.540867, 0.54588
0.565858, 0.565868, 0.540868, 0.54588
0.565858, 0.565868, 0.540868, 0.54588
0.565858, 0.565868, 0.540868, 0.54588
0.565858, 0.565868, 0.540867, 0.545879
0.565858, 0.565868, 0.540867, 0.545879
0.565858, 0.565869, 0.540867, 0.545878
0.565858, 0.565869, 0.540867, 0.545878
0.565858, 0.565869, 0.540867, 0.545878
0.565858, 0.565869, 0.540867, 0.545878
0.565858, 0.565869, 0.540867, 0.545878
0.565858, 0.565869, 0.540867, 0.545878
0.565858, 0.565869, 0.540867, 0.545878
0.565858, 0.565869, 0.540867, 0.545878
0.565858, 0.565869, 0.540867, 0.545878
0.565858, 0.565869, 0.540867, 0.545878
0.565858, 0.565869, 0.540867, 0.545878
0.565858, 0.565869, 0.540867, 0.545878
0.565858, 0.565869, 0.540867, 0.545878
0.565858, 0.565869, 0.540867, 0.545878
0.565858, 0.565869, 0.540867, 0.545878
0.565858, 0.565869, 0.540867, 0.545878
0.565858, 0.565869, 0.540867, 0.545878
0.565858, 0.565869, 0.540867, 0.545878
0.565858, 0.565869, 0.540867, 0.545878
0.565858, 0.565869, 0.540867, 0.545878
0.565858, 0.565869, 0.540867, 0.545878
0.565858, 0.565869, 0.540867, 0.545878
0.565858, 0.565869, 0.540867, 0.545878
0.565858, 0.565869, 0.540867, 0.545878
0.565858, 0.565869, 0.540867, 0.545878
0.565858, 0.565869, 0.540867, 0.545878
0.565858, 0.565869, 0.540867, 0.545878
0.565858, 0.565869, 0.540867, 0.545878
0.565858, 0.565869, 0.540867, 0.545878
0.565858, 0.565869, 0.540867, 0.545878
0.565858, 0.565869, 0.540867, 0.545878
0.565858, 0.565869, 0.540867, 0.545878
0.565858, 0.565869, 0.540867, 0.545878
0.565858, 0.565869, 0.540867, 0.545878
0.565858, 0.565869, 0.540867, 0.545878
0.565858, 0.565869, 0.540867, 0.545878
0.565858, 0.565869, 0.540867, 0.545878
0.565858, 0.565869, 0.540867, 0.545878
0.565858, 0.565869, 0.540867, 0.545878
0.565858, 0.565869, 0.540867, 0.545878
0.565858, 0.565869, 0.540867, 0.545878
0.565858, 0.565869, 0.540867, 0.545878
0.565858, 0.565869, 0.540867, 0.545878
0.565858, 0.565869, 0.540867, 0.545878
0.565858, 0.565869, 0.540867, 0.545878
0.565858, 0.565869, 0.540867, 0.545878
0.565858, 0.565869, 0.540867, 0.545878
0.565858, 0.565869, 0.540867, 0.545878
0.565858, 0.565869, 0.540867, 0.545878
0.565858, 0.565869, 0.540867, 0.545878
0.565858, 0.565869, 0.540867, 0.545878
0.565858, 0.565869, 0.540867, 0.545878
0.565858, 0.565869, 0.540867, 0.545878
0.642389, 0.643253, 0.62045, 0.626111
0.660574, 0.662048, 0.641236, 0.647019
0.629131, 0.629639, 0.607562, 0.613337
0.592375, 0.592562, 0.567829, 0.572731
0.613153, 0.613557, 0.58942, 0.594627
0.619201, 0.619581, 0.596065, 0.601394
0.601248, 0.601363, 0.577559, 0.582751
0.591909, 0.591941, 0.567834, 0.572969
0.590945, 0.590977, 0.566868, 0.572003
0.5909, 0.590932, 0.566823, 0.571958
0.590898, 0.59093, 0.566821, 0.571956
0.590898, 0.59093, 0.566821, 0.571956
0.590898, 0.59093, 0.566821, 0.571956
0.590898, 0.59093, 0.566821, 0.571956
0.590898, 0.59093, 0.566821, 0.571956
0.590898, 0.59093, 0.566821, 0.571956
0.590898, 0.59093, 0.566821, 0.571956
0.590898, 0.59093, 0.566821, 0.571956
0.590898, 0.59093, 0.566821, 0.571956
0.590898, 0.59093, 0.566821, 0.571956
0.590898, 0.59093, 0.566821, 0.571956
0.590898, 0.59093, 0.566821, 0.571956
0.590898, 0.59093, 0.566821, 0.571956
0.590898, 0.59093, 0.566821, 0.571956
0.590898, 0.59093, 0.566821, 0.571956
0.590898, 0.59093, 0.566821, 0.571956
0.590898, 0.59093, 0.566821, 0.571956
0.590898, 0.59093, 0.566821, 0.571956
0.590898, 0.59093, 0.566821, 0.571956
0.590898, 0.59093, 0.566821, 0.571956
0.590898, 0.59093, 0.566821, 0.571956
0.590898, 0.59093, 0.566821, 0.571956
0.590898, 0.59093, 0.566821, 0.571956
0.590898, 0.59093, 0.566821, 0.571956
0.590898, 0.59093, 0.566821, 0.571956
0.590898, 0.59093, 0.566821, 0.571956
0.590898, 0.59093, 0.566821, 0.571956
0.590898, 0.59093, 0.566821, 0.571956
0.590898, 0.59093, 0.566821, 0.571956
0.590898, 0.59093, 0.566821, 0.571956
0.590898, 0.59093, 0.566821, 0.571956
0.590898, 0.59093, 0.566821, 0.571956
0.590898, 0.59093, 0.566821, 0.571956
0.590898, 0.59093, 0.566821, 0.571956
0.590898, 0.59093, 0.566821, 0.571956
0.590898, 0.59093, 0.566821, 0.571956
0.590898, 0.59093, 0.566821, 0.571956
0.590898, 0.59093, 0.566821, 0.571956
0.590898, 0.59093, 0.566821, 0.571956
0.590898, 0.59093, 0.566821, 0.571956
0.590898, 0.59093, 0.566821, 0.571956
0.590898, 0.59093, 0.566821, 0.571956
0.590898, 0.59093, 0.566821, 0.571956
0.590898, 0.59093, 0.566821, 0.571956
0.590898, 0.59093, 0.566821, 0.571956
0.590898, 0.59093, 0.566821, 0.571956
0.590898, 0.59093, 0.566821, 0.571956
0.590898, 0.59093, 0.566821, 0.571956
0.590898, 0.59093, 0.566821, 0.571956
0.590898, 0.59093, 0.566821, 0.571956
0.590898, 0.59093, 0.566821, 0.571956
0.590898, 0.59093, 0.566821, 0.571956
0.590898, 0.59093, 0.566821, 0.571956
0.590898, 0.59093, 0.566821, 0.571956
0.590898, 0.59093, 0.566821, 0.571956
0.590898, 0.59093, 0.566821, 0.571956
0.590898, 0.59093, 0.566821, 0.571956
0.590898, 0.59093, 0.566821, 0.571956
0.590898, 0.59093, 0.566821, 0.571956
0.590898, 0.59093, 0.566821, 0.571956
0.590898, 0.59093, 0.566821, 0.571956
0.590898, 0.59093, 0.566821, 0.571956
0.590898, 0.59093, 0.566821, 0.571956
0.590898, 0.59093, 0.566821, 0.571956
0.590898, 0.59093, 0.566821, 0.571956
0.590898, 0.59093, 0.566821, 0.571956
0.590898, 0.59093, 0.566821, 0.571956
0.590898, 0.59093, 0.566821, 0.571956
0.590898, 0.59093, 0.566821, 0.571956
0.590898, 0.59093, 0.566821, 0.571956
0.590898, 0.59093, 0.566821, 0.571956
0.590898, 0.59093, 0.566821, 0.571956
0.590898, 0.59093, 0.566821, 0.571956
0.590898, 0.59093, 0.566821, 0.571956
0.590898, 0.59093, 0.566821, 0.571956
0.590898, 0.59093, 0.566821, 0.571956
0.590898, 0.59093, 0.566821, 0.571956
0.590898, 0.59093, 0.566821, 0.571956
0.590898, 0.59093, 0.566821, 0.571956
0.590898, 0.59093, 0.566821, 0.571956
0.590898, 0.59093, 0.566821, 0.571956
0.590898, 0.59093, 0.566821, 0.571956
0.590898, 0.59093, 0.566821, 0.571956
0.590898, 0.59093, 0.566821, 0.571956
0.590898, 0.59093, 0.566821, 0.571956
0.590898, 0.59093, 0.566821, 0.571956
0.590898, 0.59093, 0.566821, 0.571956
0.590898, 0.59093, 0.566821, 0.571956
0.590898, 0.59093, 0.566821, 0.571956
0.590898, 0.59093, 0.566821, 0.571956
0.590898, 0.59093, 0.566821, 0.571956
0.590898, 0.59093, 0.566821, 0.571956
0.590898, 0.59093, 0.566821, 0.571956
0.590898, 0.59093, 0.566821, 0.571956
0.590898, 0.59093, 0.566821, 0.571956
0.590898, 0.59093, 0.566821, 0.571956
0.590898, 0.59093, 0.566821, 0.571956
0.590898, 0.59093, 0.566821, 0.571956
0.590898, 0.59093, 0.566821, 0.571956
0.590898, 0.59093, 0.566821, 0.571956
0.590898, 0.59093, 0.566821, 0.571956
0.590898, 0.59093, 0.566821, 0.571956
0.590898, 0.59093, 0.566821, 0.571956
0.590898, 0.59093, 0.566821, 0.571956
0.590898, 0.59093, 0.566821, 0.571956
0.590898, 0.59093, 0.566821, 0.571956
0.590898, 0.59093, 0.566821, 0.571956
0.590898, 0.59093, 0.566821, 0.571956
0.590898, 0.59093, 0.566821, 0.571956
0.590898, 0.59093, 0.566821, 0.571956
0.590898, 0.59093, 0.566821, 0.571956
0.590898, 0.59093, 0.566821, 0.571956
0.590898, 0.59093, 0.566821, 0.571956
0.590898, 0.59093, 0.566821, 0.571956
0.590898, 0.59093, 0.566821, 0.571956
0.590898, 0.59093, 0.566821, 0.571956
0.590898, 0.59093, 0.566821, 0.571956
0.590898, 0.59093, 0.566821, 0.571956
0.590898, 0.59093, 0.566821, 0.571956
0.590898, 0.59093, 0.566821, 0.571956
0.590898, 0.59093, 0.566821, 0.571956
0.590898, 0.59093, 0.566821, 0.571956
0.590898, 0.59093, 0.566821, 0.571956
0.590898, 0.59093, 0.566821, 0.571956
0.590898, 0.59093, 0.566821, 0.571956
0.590898, 0.59093, 0.566821, 0.571956
0.590898, 0.59093, 0.566821, 0.571956
0.590898, 0.59093, 0.566821, 0.571956
0.590898, 0.59093, 0.566821, 0.571956
0.590898, 0.59093, 0.566821, 0.571956
0.590898, 0.59093, 0.566821, 0.571956
0.590898, 0.59093, 0.566821, 0.571956
0.590898, 0.59093, 0.566821, 0.571956
0.590898, 0.59093, 0.566821, 0.571956
0.590898, 0.59093, 0.566821, 0.571956
0.590898, 0.59093, 0.566821, 0.571956
0.590898, 0.59093, 0.566821, 0.571956
0.590898, 0.59093, 0.566821, 0.571956
0.590898, 0.59093, 0.566821, 0.571956
0.590898, 0.59093, 0.566821, 0.571956
0.590898, 0.59093, 0.566821, 0.571956
0.590898, 0.59093, 0.566821, 0.571956
0.590898, 0.59093, 0.566821, 0.571956
0.590898, 0.59093, 0.566821, 0.571956
0.590898, 0.59093, 0.566821, 0.571956
0.590898, 0.59093, 0.566821, 0.571956
0.590898, 0.59093, 0.566821, 0.571956
0.590898, 0.59093, 0.566821, 0.571956
0.590898, 0.59093, 0.566821, 0.571956
0.590898, 0.59093, 0.566821, 0.571956
0.590898, 0.59093, 0.566821, 0.571956
0.590898, 0.59093, 0.566821, 0.571956
0.590898, 0.59093, 0.566821, 0.571956
0.590898, 0.59093, 0.566821, 0.571956
0.590898, 0.59093, 0.566821, 0.571956
0.590898, 0.59093, 0.566821, 0.571956
0.590898, 0.59093, 0.566821, 0.571956
0.590898, 0.59093, 0.566821, 0.571956
0.590898, 0.59093, 0.566821, 0.571956
0.590898, 0.59093, 0.566821, 0.571956
0.590898, 0.59093, 0.566821, 0.571956
0.590898, 0.59093, 0.566821, 0.571956
0.590898, 0.59093, 0.566821, 0.571956
0.590898, 0.59093, 0.566821, 0.571956
0.590898, 0.59093, 0.566821, 0.571956
0.590898, 0.59093, 0.566821, 0.571956
0.590898, 0.59093, 0.566821, 0.571956
0.590898, 0.59093, 0.566821, 0.571956
0.590898, 0.59093, 0.566821, 0.571956
0.590898, 0.59093, 0.566821, 0.571956
0.590898, 0.59093, 0.566821, 0.571956
0.590898, 0.59093, 0.566821, 0.571956
0.590898, 0.59093, 0.566821, 0.571956
0.590898, 0.59093, 0.566821, 0.571956
0.590898, 0.59093, 0.566821, 0.571956
0.590898, 0.59093, 0.566821, 0.571956
0.590898, 0.59093, 0.566821, 0.571956
0.590898, 0.59093, 0.566821, 0.571956
0.590898, 0.59093, 0.566821, 0.571956
0.590898, 0.59093, 0.566821, 0.571956
0.590898, 0.59093, 0.566821, 0.571956
0.590898, 0.59093, 0.566821, 0.571956
0.590898, 0.59093, 0.566821, 0.571956
0.590898, 0.59093, 0.566821, 0.571956
0.590898, 0.59093, 0.566821, 0.571956
0.590898, 0.59093, 0.566821, 0.571956
0.590898, 0.59093, 0.566821, 0.571956
0.590898, 0.59093, 0.566821, 0.571956
0.590898, 0.59093, 0.566821, 0.571956
0.590898, 0.59093, 0.566821, 0.571956
0.590898, 0.59093, 0.566821, 0.571956
0.590898, 0.59093, 0.566821, 0.571956
0.590898, 0.59093, 0.566821, 0.571956
0.590898, 0.59093, 0.566821, 0.571956
0.590898, 0.59093, 0.566821, 0.571956
0.590898, 0.59093, 0.566821, 0.571956
0.590898, 0.59093, 0.566821, 0.571956
0.590898, 0.59093, 0.566821, 0.571956
0.590898, 0.59093, 0.566821, 0.571956
0.590898, 0.59093, 0.566821, 0.571956
0.590898, 0.59093, 0.566821, 0.571956
0.590898, 0.59093, 0.566821, 0.571956
0.590898, 0.59093, 0.566821, 0.571956
0.590898, 0.59093, 0.566821, 0.571956
0.590898, 0.59093, 0.566821, 0.571956
0.590898, 0.59093, 0.566821, 0.571956
0.590898, 0.59093, 0.566821, 0.571956
0.590898, 0.59093, 0.566821, 0.571956
0.590898, 0.59093, 0.566821, 0.571956
0.590898, 0.59093, 0.566821, 0.571956
0.590898, 0.59093, 0.566821, 0.571956
0.590898, 0.59093, 0.566821, 0.571956
0.590898, 0.59093, 0.566821, 0.571956
0.590898, 0.59093, 0.566821, 0.571956
0.590898, 0.59093, 0.566821, 0.571956
0.590898, 0.59093, 0.566821, 0.571956
0.590898, 0.59093, 0.566821, 0.571956
0.590898, 0.59093, 0.566821, 0.571956
0.590898, 0.59093, 0.566821, 0.571956
0.590898, 0.59093, 0.566821, 0.571956
0.590898, 0.59093, 0.566821, 0.571956
0.590898, 0.59093, 0.566821, 0.571956
0.590898, 0.59093, 0.566821, 0.571956
0.590898, 0.59093, 0.566821, 0.571956
0.590898, 0.59093, 0.566821, 0.571956
0.590898, 0.59093, 0.566821, 0.571956
0.590898, 0.59093, 0.566821, 0.571956
0.590898, 0.59093, 0.566821, 0.571956
0.590898, 0.59093, 0.566821, 0.571956
0.590898, 0.59093, 0.566821, 0.571956
0.590898, 0.59093, 0.566821, 0.571956
0.590898, 0.59093, 0.566821, 0.571956
0.590898, 0.59093, 0.566821, 0.571956
0.590898, 0.59093, 0.566821, 0.571956
0.590898, 0.59093, 0.566821, 0.571956
0.590898, 0.59093, 0.566821, 0.571956
0.590898, 0.59093, 0.566821, 0.571956
0.590898, 0.59093, 0.566821, 0.571956
0.590898, 0.59093, 0.566821, 0.571956
0.590898, 0.59093, 0.566821, 0.571956
0.590898, 0.591112, 0.567508, 0.572616
0.590898, 0.592093, 0.56693, 0.571137
0.590898, 0.59209, 0.566933, 0.571142
0.590898, 0.59209, 0.566933, 0.571142
0.590898, 0.59209, 0.566933, 0.571142
0.590898, 0.591058, 0.567823, 0.573107
0.590898, 0.591047, 0.56781, 0.573092
0.590898, 0.591142, 0.567909, 0.573209
0.590898, 0.591213, 0.567979, 0.57329
0.590898, 0.591286, 0.568046, 0.573369
0.590898, 0.591374, 0.56812, 0.573457
0.590898, 0.591501, 0.568217, 0.573571
0.590898, 0.591398, 0.56814, 0.57348
0.590898, 0.59145, 0.56818, 0.573528
0.590898, 0.591451, 0.568181, 0.573528
0.590898, 0.591595, 0.568277, 0.573643
0.590898, 0.591482, 0.568203, 0.573555
0.590898, 0.591695, 0.568332, 0.573709
0.590898, 0.590935, 0.567968, 0.57327
0.590898, 0.591734, 0.568323, 0.573699
0.590898, 0.591718, 0.568316, 0.573691
0.590898, 0.59091, 0.568002, 0.573311
0.590898, 0.590905, 0.567992, 0.573299
0.590898, 0.590962, 0.567944, 0.573243
0.590898, 0.591182, 0.567949, 0.573256
0.590898, 0.59114, 0.568084, 0.57341
0.590898, 0.591089, 0.56807, 0.573394
0.590898, 0.591079, 0.568068, 0.57339
0.590898, 0.591068, 0.568064, 0.573386
0.590898, 0.591111, 0.568077, 0.573401
0.590898, 0.591099, 0.568073, 0.573397
0.590898, 0.591099, 0.568073, 0.573397
0.590898, 0.591125, 0.56808, 0.573405
0.590898, 0.591132, 0.568082, 0.573407
0.590898, 0.591132, 0.568082, 0.573407
0.590898, 0.591141, 0.56733, 0.572432
0.590898, 0.591188, 0.567217, 0.572273
0.590898, 0.591189, 0.567219, 0.572274
0.590898, 0.591195, 0.567205, 0.572254
0.590898, 0.591238, 0.567179, 0.572197
0.590898, 0.591064, 0.568063, 0.573384
0.590898, 0.591077, 0.568067, 0.573389
0.590898, 0.590983, 0.56774, 0.57301
0.590898, 0.590955, 0.567708, 0.572973
0.590898, 0.590954, 0.567707, 0.572971
0.590898, 0.590951, 0.567544, 0.57278
0.590898, 0.590967, 0.567479, 0.572708
0.590898, 0.590944, 0.567505, 0.572737
0.590898, 0.590949, 0.567545, 0.572784
0.590898, 0.590951, 0.567563, 0.572805
0.590898, 0.590937, 0.567437, 0.572659
0.590898, 0.590936, 0.567432, 0.572653
0.590898, 0.591058, 0.567368, 0.572529
0.590898, 0.591079, 0.567333, 0.572476
0.590898, 0.591099, 0.567301, 0.572426
0.590898, 0.591098, 0.567303, 0.572429
0.590898, 0.591097, 0.567303, 0.572429
0.590898, 0.591082, 0.567329, 0.572469
0.590898, 0.590947, 0.567528, 0.572764
0.590898, 0.590951, 0.567563, 0.572805
0.590898, 0.590958, 0.567625, 0.572876
0.590898, 0.590961, 0.567653, 0.572909
0.590898, 0.59096, 0.567642, 0.572896
0.590898, 0.590957, 0.567616, 0.572866
0.590898, 0.590952, 0.56757, 0.572813
0.590898, 0.590952, 0.567573, 0.572816
0.590898, 0.590938, 0.568015, 0.573327
0.590898, 0.590941, 0.568016, 0.573328
0.590898, 0.590974, 0.568031, 0.573345
0.590898, 0.590941, 0.568016, 0.573328
0.590898, 0.590921, 0.568008, 0.573318
0.590898, 0.590918, 0.567981, 0.573287
0.590898, 0.590923, 0.567978, 0.573282
0.590898, 0.590922, 0.567978, 0.573283
0.590898, 0.590925, 0.567975, 0.57328
0.590898, 0.590914, 0.567984, 0.57329
0.590898, 0.590914, 0.567985, 0.573291
0.590898, 0.590909, 0.568002, 0.573311
0.590898, 0.591222, 0.568632, 0.574045
0.590898, 0.591197, 0.568571, 0.573974
0.590898, 0.591197, 0.56857, 0.573973
0.590898, 0.59118, 0.568513, 0.573907
0.590898, 0.591149, 0.568446, 0.573828
0.590898, 0.591142, 0.568432, 0.573812
0.590898, 0.591126, 0.568421, 0.573799
0.590898, 0.591051, 0.568319, 0.57368
0.590898, 0.591023, 0.56825, 0.5736
0.590898, 0.591008, 0.568247, 0.573596
0.590898, 0.590964, 0.568068, 0.573389
0.590898, 0.590943, 0.568112, 0.573439
0.590898, 0.59104, 0.568221, 0.573566
0.590898, 0.591037, 0.568277, 0.573631
0.590898, 0.591016, 0.568113, 0.573441
0.590898, 0.591002, 0.568, 0.57331
0.590898, 0.590961, 0.567647, 0.572902
0.590898, 0.590971, 0.567739, 0.573008
0.590898, 0.590976, 0.567779, 0.573055
0.590898, 0.590971, 0.567738, 0.573008
0.590898, 0.590974, 0.567759, 0.573031
0.58771, 0.58773, 0.56275, 0.567752
0.581795, 0.581895, 0.556998, 0.562078
0.614327, 0.614648, 0.590208, 0.595331
0.647004, 0.647845, 0.624553, 0.629906
0.6726, 0.673833, 0.651979, 0.657561
0.697071, 0.698943, 0.678891, 0.685179
0.704669, 0.706949, 0.688892, 0.6951
0.713714, 0.71623, 0.698817, 0.705028
0.712464, 0.71495, 0.698267, 0.70478
0.705135, 0.707363, 0.689545, 0.695639
0.69043, 0.692219, 0.673173, 0.679078
0.659411, 0.660763, 0.639855, 0.645601
0.642587, 0.64349, 0.620984, 0.626567
0.612189, 0.612511, 0.588271, 0.593455
0.579843, 0.579846, 0.554933, 0.559939
0.568451, 0.568453, 0.543558, 0.548562
0.568431, 0.568433, 0.543538, 0.548543
0.568431, 0.568433, 0.543538, 0.548543
0.568431, 0.568433, 0.543538, 0.548543
0.568431, 0.568433, 0.543538, 0.548543
0.566048, 0.566049, 0.541051, 0.546059
0.565888, 0.565898, 0.540894, 0.545923
0.566626, 0.566641, 0.541788, 0.546811
0.569354, 0.569364, 0.544384, 0.549391
0.573491, 0.573519, 0.548639, 0.553678
0.575853, 0.57594, 0.551002, 0.556002
0.582794, 0.582983, 0.558014, 0.562976
0.588485, 0.588676, 0.563606, 0.568588
0.592011, 0.59222, 0.567153, 0.572178
0.599744, 0.59992, 0.574917, 0.580087
0.603935, 0.604286, 0.579312, 0.584295
0.609531, 0.60986, 0.58487, 0.589934
0.612209, 0.612513, 0.587485, 0.592547
0.617602, 0.618064, 0.592966, 0.597956
0.624436, 0.625008, 0.599919, 0.604747
0.626988, 0.627588, 0.602546, 0.607403
0.628037, 0.628587, 0.603587, 0.608375
0.632757, 0.633503, 0.608443, 0.613407
0.632917, 0.633613, 0.608549, 0.613365
0.638322, 0.63911, 0.613985, 0.618819
0.638689, 0.639513, 0.614654, 0.619528
0.641167, 0.642049, 0.617174, 0.622113
0.643835, 0.644706, 0.619676, 0.624524
0.643814, 0.64484, 0.619874, 0.624684
0.643052, 0.644044, 0.619014, 0.623816
0.642887, 0.643714, 0.61874, 0.623561
0.64388, 0.644865, 0.620036, 0.624869
0.642912, 0.643852, 0.61904, 0.623862
0.641069, 0.641915, 0.617194, 0.622018
0.637438, 0.638286, 0.61349, 0.618326
0.638265, 0.639218, 0.614451, 0.619243
0.635146, 0.635945, 0.611131, 0.616032
0.630595, 0.63138, 0.606677, 0.611581
0.628679, 0.632382, 0.606469, 0.609948
0.623829, 0.627146, 0.601378, 0.60532
0.603262, 0.60518, 0.579648, 0.58419
0.577778, 0.577831, 0.552879, 0.55792
0.600372, 0.601372, 0.575941, 0.580606
0.60003, 0.601535, 0.575861, 0.5806
0.585792, 0.58671, 0.561289, 0.566211
0.584393, 0.585308, 0.559888, 0.564811
0.584351, 0.585266, 0.559846, 0.564769
0.58435, 0.585273, 0.55985, 0.564769
0.58435, 0.585273, 0.55985, 0.564769
0.58435, 0.585273, 0.55985, 0.564769
0.58435, 0.585273, 0.55985, 0.564769
0.58435, 0.585273, 0.55985, 0.564769
0.58435, 0.585273, 0.55985, 0.564769
0.58435, 0.585273, 0.55985, 0.564769
0.58435, 0.585273, 0.55985, 0.564769
0.58435, 0.585273, 0.55985, 0.564769
0.58435, 0.585273, 0.55985, 0.564769
0.58435, 0.584885, 0.55973, 0.564781
0.58435, 0.584894, 0.559734, 0.564785
0.58435, 0.584862, 0.559719, 0.564768
0.58435, 0.584833, 0.559706, 0.564754
0.58435, 0.584787, 0.559685, 0.56473
0.58435, 0.584785, 0.559685, 0.564729
0.58435, 0.58474, 0.559664, 0.564705
0.58435, 0.584719, 0.559654, 0.564694
0.58435, 0.584715, 0.559652, 0.564691
0.58435, 0.584699, 0.559645, 0.564683
0.58435, 0.584706, 0.559648, 0.564687
0.58435, 0.584703, 0.559646, 0.564685
0.58435, 0.584745, 0.559666, 0.564707
0.58435, 0.584738, 0.559663, 0.564704
0.58435, 0.584802, 0.559692, 0.564737
0.58435, 0.584715, 0.559888, 0.56467
0.58435, 0.584721, 0.559871, 0.564646
0.566746, 0.566748, 0.541769, 0.546828
0.566038, 0.566051, 0.541049, 0.546052
0.566024, 0.566034, 0.54103, 0.546031
0.567083, 0.56711, 0.542206, 0.547206
0.565874, 0.565898, 0.540931, 0.545943
0.566336, 0.56635, 0.541374, 0.546396
0.565476, 0.565486, 0.540507, 0.545521
0.567044, 0.567049, 0.54209, 0.547099
0.569128, 0.569128, 0.544346, 0.549327
0.569947, 0.569949, 0.545291, 0.550286
0.56243, 0.562475, 0.537621, 0.542578
0.57886, 0.578934, 0.55423, 0.559154
0.575481, 0.57558, 0.550712, 0.555614
0.573601, 0.573678, 0.548903, 0.553855
0.577763, 0.577876, 0.552976, 0.557878
0.578128, 0.578213, 0.553687, 0.558563
0.58067, 0.580691, 0.556701, 0.561704
0.583967, 0.584113, 0.559555, 0.564409
0.582998, 0.583153, 0.558417, 0.563284
0.581292, 0.581436, 0.556821, 0.561639
0.58097, 0.581035, 0.556349, 0.561208
0.581262, 0.58137, 0.557162, 0.562075
0.583338, 0.583482, 0.558937, 0.563849
0.583556, 0.584259, 0.559122, 0.563957
0.580351, 0.580912, 0.555828, 0.560654
0.567906, 0.567986, 0.54302, 0.548026
0.57067, 0.570872, 0.545778, 0.550738
0.573884, 0.573982, 0.54924, 0.55424
0.57153, 0.571821, 0.546684, 0.551632
0.569468, 0.56968, 0.54458, 0.549539
0.569464, 0.569676, 0.544576, 0.549535
0.569464, 0.569676, 0.544576, 0.549535
0.569464, 0.569676, 0.544576, 0.549535
0.569464, 0.569676, 0.544576, 0.549535
0.569464, 0.569676, 0.544576, 0.549535
0.569464, 0.569676, 0.544576, 0.549535
0.569464, 0.569676, 0.544576, 0.549535
0.569464, 0.569676, 0.544576, 0.549535
0.569464, 0.569676, 0.544576, 0.549535
0.569464, 0.569676, 0.544576, 0.549535
0.569464, 0.569676, 0.544576, 0.549535
0.569464, 0.569676, 0.544576, 0.549535
0.569464, 0.569676, 0.544576, 0.549535
0.569464, 0.569676, 0.544576, 0.549535
0.569464, 0.569676, 0.544576, 0.549535
0.569464, 0.569676, 0.544576, 0.549535
0.569464, 0.569676, 0.544576, 0.549535
0.569464, 0.569676, 0.544576, 0.549535
0.569464, 0.569676, 0.544576, 0.549535
0.569464, 0.569676, 0.544576, 0.549535
0.569464, 0.569676, 0.544576, 0.549535
0.569464, 0.569676, 0.544576, 0.549535
0.569464, 0.569676, 0.544576, 0.549535
0.569464, 0.569676, 0.544576, 0.549535
0.569464, 0.569676, 0.544576, 0.549535
0.569464, 0.569676, 0.544576, 0.549535
0.569464, 0.569676, 0.544576, 0.549535
0.569464, 0.569676, 0.544576, 0.549535
0.569464, 0.569676, 0.544576, 0.549535
0.569464, 0.569676, 0.544576, 0.549535
0.569464, 0.569676, 0.544576, 0.549535
0.569464, 0.569676, 0.544576, 0.549535
0.569464, 0.569676, 0.544576, 0.549535
0.569464, 0.569676, 0.544576, 0.549535
0.569464, 0.569676, 0.544576, 0.549535
0.569464, 0.569676, 0.544576, 0.549535
0.569464, 0.569676, 0.544576, 0.549535
0.569464, 0.569676, 0.544576, 0.549535
0.569464, 0.569676, 0.544576, 0.549535
0.569464, 0.569676, 0.544576, 0.549535
0.569464, 0.569676, 0.544576, 0.549535
0.569464, 0.569676, 0.544576, 0.549535
0.569464, 0.569676, 0.544576, 0.549535
0.569464, 0.569676, 0.544576, 0.549535
0.569464, 0.569676, 0.544576, 0.549535
0.569464, 0.569676, 0.544576, 0.549535
0.569464, 0.569676, 0.544576, 0.549535
0.569464, 0.569676, 0.544576, 0.549535
0.569464, 0.569676, 0.544576, 0.549535
0.569464, 0.569676, 0.544576, 0.549535
0.569464, 0.569678, 0.544577, 0.549537
0.569464, 0.569678, 0.544577, 0.549537
0.569464, 0.569678, 0.544577, 0.549537
0.569464, 0.569678, 0.544577, 0.549537
0.569464, 0.569678, 0.544577, 0.549537
0.569464, 0.569678, 0.544577, 0.549537
0.569464, 0.569678, 0.544577, 0.549537
0.569464, 0.569678, 0.544577, 0.549537
0.569464, 0.569678, 0.544577, 0.549537
0.569464, 0.569678, 0.544577, 0.549537
0.569464, 0.569678, 0.544577, 0.549537
0.569464, 0.569678, 0.544577, 0.549537
0.569464, 0.569678, 0.544577, 0.549537
0.569464, 0.56968, 0.544578, 0.549538
0.569464, 0.56968, 0.544578, 0.549538
0.569464, 0.569675, 0.544575, 0.549534
0.569464, 0.569681, 0.544578, 0.549539
0.569464, 0.569681, 0.544578, 0.549539
0.569464, 0.569681, 0.544578, 0.549539
0.569464, 0.569681, 0.544578, 0.549539
0.569464, 0.569681, 0.544578, 0.549539
0.569464, 0.569681, 0.544578, 0.549539
0.569464, 0.569681, 0.544578, 0.549539
0.569464, 0.569681, 0.544578, 0.549539
0.569464, 0.569681, 0.544578, 0.549539
0.569464, 0.569681, 0.544578, 0.549539
0.569464, 0.569681, 0.544578, 0.549539
0.569464, 0.569681, 0.544578, 0.549539
0.569464, 0.569681, 0.544578, 0.549539
0.569464, 0.569681, 0.544578, 0.549539
0.569464, 0.569681, 0.544578, 0.549539
0.569464, 0.569681, 0.544578, 0.549539
0.569464, 0.569681, 0.544578, 0.549539
0.569464, 0.569681, 0.544578, 0.549539
0.569464, 0.569681, 0.544578, 0.549539
0.569464, 0.569681, 0.544578, 0.549539
0.569464, 0.569681, 0.544578, 0.549539
0.569464, 0.569681, 0.544578, 0.549539
0.569464, 0.569681, 0.544578, 0.549539
0.569464, 0.569681, 0.544578, 0.549539
0.569464, 0.569681, 0.544578, 0.549539
0.569464, 0.569681, 0.544578, 0.549539
0.569464, 0.569681, 0.544578, 0.549539
0.569464, 0.569681, 0.544578, 0.549539
0.569464, 0.569681, 0.544578, 0.549539
0.569464, 0.569681, 0.544578, 0.549539
0.569464, 0.569681, 0.544578, 0.549539
0.569464, 0.569681, 0.544578, 0.549539
0.569464, 0.569681, 0.544578, 0.549539
0.569464, 0.569681, 0.544578, 0.549539
0.569464, 0.569681, 0.544578, 0.549539
0.569464, 0.569681, 0.544578, 0.549539
0.569464, 0.569681, 0.544578, 0.549539
0.569464, 0.569472, 0.544499, 0.549499
0.569464, 0.569468, 0.544498, 0.549503
0.569464, 0.569479, 0.544504, 0.549509
0.569464, 0.569502, 0.544518, 0.549526
0.569464, 0.569476, 0.544502, 0.549507
0.569464, 0.569496, 0.544515, 0.549522
0.569464, 0.569516, 0.544527, 0.549536
0.569464, 0.56958, 0.544567, 0.54958
0.569464, 0.569573, 0.544563, 0.549575
0.569464, 0.569491, 0.544511, 0.549518
0.569464, 0.569478, 0.544503, 0.549509
0.569464, 0.569616, 0.544588, 0.549603
0.569464, 0.569487, 0.544509, 0.549515
0.569464, 0.569606, 0.544582, 0.549597
0.569464, 0.569611, 0.544585, 0.5496
0.569464, 0.569609, 0.544584, 0.549598
0.569464, 0.569617, 0.544588, 0.549603
0.569464, 0.569622, 0.544591, 0.549607
0.569464, 0.56962, 0.54459, 0.549606
0.569464, 0.569612, 0.544585, 0.5496
0.569464, 0.569616, 0.544587, 0.549603
0.569464, 0.56961, 0.544584, 0.549599
0.569464, 0.569608, 0.544583, 0.549598
0.569464, 0.5696, 0.544579, 0.549593
0.569464, 0.569557, 0.544553, 0.549564
0.569464, 0.56953, 0.544536, 0.549546
0.569464, 0.56953, 0.544537, 0.549546
0.569464, 0.569491, 0.544503, 0.54949
0.569464, 0.569487, 0.544502, 0.549491
0.569464, 0.569476, 0.544515, 0.549515
0.569464, 0.56956, 0.544543, 0.549482
0.569464, 0.569547, 0.544534, 0.549483
0.569464, 0.569613, 0.544565, 0.549543
0.569464, 0.569571, 0.544556, 0.549566
0.569464, 0.569559, 0.544547, 0.549557
0.569464, 0.569573, 0.544578, 0.549592
0.569464, 0.569575, 0.544611, 0.549631
0.569464, 0.569575, 0.544603, 0.549621
0.569464, 0.569576, 0.544632, 0.549654
0.569464, 0.569576, 0.544629, 0.549651
0.569464, 0.569575, 0.544605, 0.549623
0.569464, 0.569574, 0.544602, 0.54962
0.569464, 0.569574, 0.544597, 0.549614
0.569464, 0.569574, 0.544597, 0.549614
0.569464, 0.569574, 0.544599, 0.549616
0.569464, 0.569574, 0.544599, 0.549616
0.569464, 0.569574, 0.544592, 0.549609
0.569464, 0.569574, 0.544592, 0.549609
0.569464, 0.569575, 0.544609, 0.549628
0.569464, 0.569574, 0.5446, 0.549617
0.569464, 0.569574, 0.544592, 0.549609
0.568087, 0.568135, 0.543178, 0.548215
0.566051, 0.566063, 0.541078, 0.546085
0.565847, 0.565852, 0.540892, 0.545902
0.567018, 0.567055, 0.542067, 0.54708
0.567666, 0.567696, 0.542882, 0.547913
0.565852, 0.565864, 0.540957, 0.545969
0.566721, 0.566732, 0.541778, 0.546788
0.565618, 0.565623, 0.540637, 0.545645
0.565802, 0.565816, 0.540854, 0.545889
0.565622, 0.565626, 0.540667, 0.545671
0.565671, 0.565682, 0.540683, 0.545685
0.566578, 0.566598, 0.541605, 0.546606
0.566574, 0.566574, 0.54164, 0.546658
0.567449, 0.567455, 0.542614, 0.547614
0.568124, 0.568159, 0.543181, 0.548144
0.569538, 0.569566, 0.544766, 0.549745
0.569132, 0.569145, 0.54435, 0.549308
0.567807, 0.567845, 0.543197, 0.548169
0.573393, 0.573438, 0.54869, 0.553646
0.57179, 0.571811, 0.546949, 0.551898
0.57479, 0.574819, 0.550258, 0.555215
0.574869, 0.575325, 0.55019, 0.555056
0.573604, 0.574167, 0.54898, 0.55397
0.566431, 0.566477, 0.541467, 0.546461
0.568773, 0.568887, 0.543854, 0.54886
0.569489, 0.569616, 0.544557, 0.549559
0.567437, 0.567485, 0.542513, 0.547502
0.566333, 0.566342, 0.541367, 0.546377
0.566333, 0.566342, 0.541366, 0.546376
0.566333, 0.566342, 0.541366, 0.546376
0.566333, 0.566342, 0.541367, 0.546377
0.566333, 0.566342, 0.541367, 0.546377
0.566333, 0.566342, 0.541367, 0.546377
0.566333, 0.566342, 0.541367, 0.546377
0.566333, 0.566342, 0.541367, 0.546377
0.566333, 0.566342, 0.541367, 0.546377
0.566333, 0.566342, 0.541367, 0.546377
0.566333, 0.566342, 0.541367, 0.546377
0.566333, 0.566342, 0.541367, 0.546377
0.566333, 0.566342, 0.541367, 0.546377
0.566333, 0.566342, 0.541367, 0.546377
0.566333, 0.566342, 0.541367, 0.546377
0.566333, 0.566342, 0.541367, 0.546377
0.566333, 0.566342, 0.541365, 0.546374
0.566333, 0.566342, 0.541365, 0.546374
0.566333, 0.566341, 0.541368, 0.546378
0.566333, 0.566341, 0.541368, 0.546378
0.566333, 0.566341, 0.541368, 0.546378
0.566333, 0.566341, 0.541368, 0.546378
0.566333, 0.566341, 0.541368, 0.546378
0.566333, 0.566341, 0.541368, 0.546378
0.566333, 0.566341, 0.541368, 0.546378
0.566333, 0.566341, 0.541368, 0.546378
0.566333, 0.566341, 0.541368, 0.546378
0.566333, 0.566341, 0.541368, 0.546378
0.566333, 0.566341, 0.541368, 0.546378
0.566333, 0.566341, 0.541368, 0.546378
0.566333, 0.566341, 0.541368, 0.546378
0.566333, 0.566341, 0.541368, 0.546378
0.566333, 0.566341, 0.541368, 0.546378
0.566333, 0.566341, 0.541368, 0.546378
0.566333, 0.566341, 0.541368, 0.546378
0.566333, 0.566341, 0.541368, 0.546378
0.566333, 0.566341, 0.541368, 0.546378
0.566333, 0.566341, 0.541368, 0.546378
0.566333, 0.566341, 0.541368, 0.546378
0.566333, 0.566341, 0.541368, 0.546378
0.566333, 0.566341, 0.541368, 0.546378
0.566333, 0.566341, 0.541368, 0.546378
0.566333, 0.566341, 0.541368, 0.546378
0.566333, 0.566341, 0.541368, 0.546378
0.566333, 0.566341, 0.541368, 0.546378
0.566333, 0.566341, 0.541368, 0.546378
0.566333, 0.566341, 0.541368, 0.546378
0.566333, 0.566341, 0.541368, 0.546378
0.566333, 0.566341, 0.541368, 0.546378
0.566333, 0.566341, 0.541368, 0.546378
0.566333, 0.566341, 0.541368, 0.546378
0.566333, 0.566341, 0.541368, 0.546378
0.566333, 0.566341, 0.541368, 0.546378
0.566333, 0.566341, 0.541368, 0.546378
0.566333, 0.566342, 0.541366, 0.546376
0.566333, 0.566342, 0.541366, 0.546376
0.566333, 0.566342, 0.541366, 0.546376
0.566333, 0.566341, 0.541368, 0.546378
0.566333, 0.566341, 0.541368, 0.546378
0.566333, 0.566342, 0.541365, 0.546375
0.566333, 0.566342, 0.541365, 0.546375
0.566333, 0.566342, 0.541365, 0.546375
0.566333, 0.566342, 0.541365, 0.546375
0.566333, 0.566342, 0.541366, 0.546375
0.566333, 0.566342, 0.541366, 0.546375
0.566333, 0.566342, 0.541366, 0.546375
0.566333, 0.566342, 0.541366, 0.546375
0.566333, 0.566342, 0.541366, 0.546375
0.566333, 0.566342, 0.541366, 0.546375
0.566333, 0.566342, 0.541366, 0.546375
0.566333, 0.566342, 0.541366, 0.546375
0.566333, 0.566342, 0.541366, 0.546375
0.566333, 0.566342, 0.541367, 0.546376
0.566333, 0.566342, 0.541367, 0.546376
0.566333, 0.566342, 0.541367, 0.546376
0.566333, 0.566342, 0.541367, 0.546376
0.566333, 0.566342, 0.541367, 0.546376
0.566333, 0.566342, 0.541367, 0.546376
0.566333, 0.566342, 0.541367, 0.546376
0.566333, 0.566342, 0.541367, 0.546376
0.566333, 0.566342, 0.541367, 0.546376
0.566333, 0.566342, 0.541367, 0.546376
0.566333, 0.566342, 0.541367, 0.546376
0.566333, 0.566342, 0.541367, 0.546376
0.566333, 0.566342, 0.541367, 0.546376
0.566333, 0.566342, 0.541367, 0.546376
0.566333, 0.566342, 0.541367, 0.546376
0.566333, 0.566342, 0.541367, 0.546376
0.566333, 0.566342, 0.541367, 0.546376
0.566333, 0.566342, 0.541367, 0.546376
0.566333, 0.566342, 0.541367, 0.546376
0.566333, 0.566342, 0.541367, 0.546376
0.566333, 0.566342, 0.541367, 0.546376
0.566333, 0.566342, 0.541367, 0.546376
0.566333, 0.566342, 0.541367, 0.546376
0.566333, 0.566342, 0.541367, 0.546376
0.566333, 0.566342, 0.541367, 0.546376
0.566333, 0.566342, 0.541367, 0.546376
0.566333, 0.566342, 0.541367, 0.546376
0.566333, 0.566342, 0.541367, 0.546376
0.566333, 0.566342, 0.541367, 0.546376
0.566333, 0.566342, 0.541367, 0.546376
0.566333, 0.566342, 0.541367, 0.546376
0.566333, 0.566342, 0.541367, 0.546376
0.566333, 0.566342, 0.541367, 0.546376
0.566333, 0.566342, 0.541367, 0.546376
0.566333, 0.566342, 0.541367, 0.546376
0.566333, 0.566342, 0.541367, 0.546376
0.566333, 0.566342, 0.541367, 0.546376
0.566333, 0.566342, 0.541367, 0.546376
0.566333, 0.566342, 0.541367, 0.546376
0.566333, 0.566342, 0.541367, 0.546376
0.566333, 0.566342, 0.541367, 0.546376
0.566333, 0.566342, 0.541367, 0.546376
0.566333, 0.566342, 0.541367, 0.546376
0.566333, 0.566342, 0.541367, 0.546376
0.566333, 0.566342, 0.541367, 0.546376
0.566333, 0.566342, 0.541367, 0.546376
0.566333, 0.566342, 0.541367, 0.546376
0.566333, 0.566342, 0.541367, 0.546376
0.566333, 0.566342, 0.541367, 0.546376
0.566333, 0.56634, 0.541372, 0.546384
0.566333, 0.56634, 0.541372, 0.546384
0.566333, 0.56634, 0.541372, 0.546384
0.566333, 0.56634, 0.541372, 0.546384
0.566333, 0.56634, 0.541372, 0.546384
0.566333, 0.56634, 0.541372, 0.546384
0.566333, 0.56634, 0.541372, 0.546384
0.566333, 0.56634, 0.541372, 0.546384
0.566333, 0.56634, 0.541372, 0.546384
0.566333, 0.56634, 0.541372, 0.546384
0.566333, 0.56634, 0.541372, 0.546384
0.566333, 0.56634, 0.541372, 0.546384
0.566333, 0.56634, 0.541372, 0.546384
0.566333, 0.56634, 0.541372, 0.546384
0.566333, 0.56634, 0.541372, 0.546384
0.566333, 0.56634, 0.541372, 0.546384
0.566333, 0.56634, 0.541372, 0.546384
0.566333, 0.56634, 0.541372, 0.546384
0.566333, 0.56634, 0.541372, 0.546384
0.566333, 0.56634, 0.541372, 0.546384
0.566333, 0.56634, 0.541372, 0.546384
0.566333, 0.56634, 0.541372, 0.546384
0.566333, 0.56634, 0.541372, 0.546384
0.566333, 0.56634, 0.541372, 0.546384
0.566333, 0.56634, 0.541372, 0.546384
0.566333, 0.56634, 0.541372, 0.546384
0.566333, 0.56634, 0.541372, 0.546384
0.566333, 0.56634, 0.541372, 0.546384
0.566333, 0.56634, 0.541372, 0.546384
0.566333, 0.56634, 0.541372, 0.546384
0.566333, 0.56634, 0.541372, 0.546384
0.566333, 0.56634, 0.541372, 0.546384
0.566333, 0.56634, 0.541372, 0.546384
0.566333, 0.566342, 0.541365, 0.546374
0.566333, 0.566342, 0.541365, 0.546374
0.566333, 0.566342, 0.541365, 0.546374
0.566333, 0.566342, 0.541365, 0.546374
0.566333, 0.566342, 0.541365, 0.546374
0.566333, 0.566342, 0.541365, 0.546374
0.566333, 0.566342, 0.541365, 0.546374
0.566333, 0.566342, 0.541365, 0.546374
0.566333, 0.566342, 0.541365, 0.546374
0.566333, 0.566342, 0.541365, 0.546374
0.566333, 0.566342, 0.541365, 0.546374
0.566333, 0.566342, 0.541365, 0.546374
0.566333, 0.566342, 0.541365, 0.546374
0.566333, 0.566342, 0.541365, 0.546374
0.566333, 0.566342, 0.541365, 0.546374
0.566333, 0.566342, 0.541365, 0.546374
0.566333, 0.566342, 0.541365, 0.546374
0.566333, 0.566342, 0.541365, 0.546374
0.566333, 0.566342, 0.541365, 0.546374
0.566333, 0.566342, 0.541365, 0.546374
0.566333, 0.566342, 0.541365, 0.546374
0.566333, 0.566342, 0.541365, 0.546374
0.566333, 0.566342, 0.541365, 0.546374
0.566333, 0.566342, 0.541365, 0.546374
0.566333, 0.566341, 0.54136, 0.546369
0.566333, 0.566341, 0.54136, 0.546369
0.566333, 0.566341, 0.54136, 0.546369
0.566333, 0.566341, 0.54136, 0.546369
0.566333, 0.566341, 0.54136, 0.546369
0.566333, 0.566341, 0.54136, 0.546369
0.566333, 0.566341, 0.54136, 0.546369
0.566333, 0.566341, 0.54136, 0.546369
0.566333, 0.566341, 0.54136, 0.546369
0.566333, 0.566341, 0.54136, 0.546369
0.566333, 0.566341, 0.54136, 0.546369
0.566333, 0.566342, 0.541366, 0.546375
0.566333, 0.566342, 0.541366, 0.546375
0.566333, 0.566342, 0.541366, 0.546375
0.566333, 0.566342, 0.541366, 0.546375
0.566333, 0.566342, 0.541366, 0.546375
0.566333, 0.566342, 0.541366, 0.546375
0.566333, 0.566342, 0.541366, 0.546375
0.566333, 0.566342, 0.541366, 0.546375
0.566333, 0.566342, 0.541366, 0.546375
0.566333, 0.566342, 0.541363, 0.546371
0.566333, 0.566342, 0.541362, 0.546371
0.566333, 0.566342, 0.541362, 0.546371
0.566333, 0.566342, 0.541362, 0.546371
0.566333, 0.566342, 0.541362, 0.546371
0.566333, 0.566342, 0.541362, 0.546371
0.566333, 0.566342, 0.541362, 0.546371
0.566333, 0.566342, 0.541362, 0.546371
0.566333, 0.566342, 0.541362, 0.546371
0.566333, 0.566342, 0.541362, 0.546371
0.566333, 0.566342, 0.541362, 0.546371
0.566333, 0.566342, 0.541362, 0.546371
0.566333, 0.566342, 0.541362, 0.546371
0.566333, 0.566342, 0.541362, 0.546371
0.566333, 0.566342, 0.541362, 0.546371
0.566333, 0.566342, 0.541362, 0.546371
0.566333, 0.566342, 0.541362, 0.546371
0.566333, 0.566342, 0.541362, 0.546371
0.566333, 0.566342, 0.541362, 0.546371
0.566333, 0.566342, 0.541362, 0.546371
0.566333, 0.566342, 0.541362, 0.546371
0.566333, 0.566342, 0.541362, 0.546371
0.566333, 0.566342, 0.541362, 0.546371
0.566333, 0.566342, 0.541362, 0.546371
0.566333, 0.566342, 0.541362, 0.546371
0.566333, 0.566342, 0.541362, 0.546371
0.566333, 0.566342, 0.541362, 0.546371
0.566333, 0.566342, 0.541362, 0.546371
0.566333, 0.566342, 0.541362, 0.546371
0.566333, 0.566342, 0.541362, 0.546371
0.566333, 0.566342, 0.541362, 0.546371
0.566333, 0.566342, 0.541362, 0.546371
0.566333, 0.566342, 0.541362, 0.546371
0.566333, 0.566342, 0.541362, 0.546371
0.566333, 0.566342, 0.541362, 0.546371
0.566333, 0.566342, 0.541362, 0.546371
0.566333, 0.566342, 0.541362, 0.546371
0.566333, 0.566342, 0.541362, 0.546371
0.566333, 0.566342, 0.541362, 0.546371
0.566333, 0.566342, 0.541362, 0.546371
0.566333, 0.566342, 0.541362, 0.546371
0.566333, 0.566342, 0.541362, 0.546371
0.566333, 0.566342, 0.541362, 0.546371
0.566333, 0.566342, 0.541362, 0.546371
0.566333, 0.566342, 0.541362, 0.546371
0.566333, 0.566342, 0.541362, 0.546371
0.566333, 0.566342, 0.541362, 0.546371
0.566333, 0.566342, 0.541362, 0.546371
0.566333, 0.566342, 0.541362, 0.546371
0.566333, 0.566342, 0.541362, 0.546371
0.566333, 0.566342, 0.541362, 0.546371
0.566333, 0.566342, 0.541362, 0.546371
0.566333, 0.566342, 0.541362, 0.546371
0.566333, 0.566342, 0.541362, 0.546371
0.566333, 0.566342, 0.541362, 0.546371
0.566333, 0.566342, 0.541362, 0.546371
0.566333, 0.566342, 0.541362, 0.546371
0.566333, 0.566342, 0.541362, 0.546371
0.566333, 0.566342, 0.541362, 0.546371
0.566333, 0.566342, 0.541362, 0.546371
0.566333, 0.566342, 0.541362, 0.546371
0.566333, 0.566342, 0.541362, 0.546371
0.566333, 0.566342, 0.541362, 0.546371
0.566333, 0.566342, 0.541362, 0.546371
0.566333, 0.566342, 0.541362, 0.546371
0.566333, 0.566342, 0.541362, 0.546371
0.566333, 0.566342, 0.541362, 0.546371
0.566333, 0.566342, 0.541362, 0.546371
0.566333, 0.566342, 0.541362, 0.546371
0.566333, 0.566342, 0.541362, 0.546371
0.566333, 0.566342, 0.541362, 0.546371
0.566333, 0.566342, 0.541362, 0.546371
0.566333, 0.566342, 0.541362, 0.546371
0.566333, 0.566342, 0.541362, 0.546371
0.566333, 0.566342, 0.541364, 0.546373
0.566333, 0.566342, 0.541364, 0.546373
0.566333, 0.566342, 0.541361, 0.546369
0.566333, 0.566342, 0.541361, 0.546368
0.566333, 0.566342, 0.541361, 0.546368
0.566333, 0.566342, 0.541361, 0.546368
0.566333, 0.566342, 0.541361, 0.546368
0.566333, 0.566342, 0.541361, 0.546368
0.566333, 0.566342, 0.541361, 0.546368
0.566333, 0.566342, 0.541361, 0.546368
0.566333, 0.566342, 0.541361, 0.546368
0.566333, 0.566342, 0.541361, 0.546368
0.566333, 0.566342, 0.541361, 0.546368
0.566333, 0.566342, 0.541361, 0.546368
0.566333, 0.566342, 0.541361, 0.546368
0.566333, 0.566342, 0.541361, 0.546368
0.566333, 0.566342, 0.541361, 0.546368
0.566333, 0.566342, 0.541361, 0.546368
0.566333, 0.566342, 0.541361, 0.546368
0.566333, 0.566342, 0.541361, 0.546368
0.566333, 0.566342, 0.541361, 0.546368
0.566333, 0.566342, 0.541361, 0.546368
0.566333, 0.566342, 0.541361, 0.546368
0.566333, 0.566342, 0.541361, 0.546368
0.566333, 0.566342, 0.541361, 0.546368
0.566333, 0.566342, 0.541361, 0.546368
0.566333, 0.566342, 0.541366, 0.546376
0.566333, 0.566342, 0.541366, 0.546376
0.566333, 0.566342, 0.541366, 0.546376
0.566333, 0.566342, 0.541366, 0.546376
0.566333, 0.566342, 0.541366, 0.546376
0.566333, 0.566342, 0.541366, 0.546376
0.566333, 0.566342, 0.541363, 0.546373
0.566333, 0.566342, 0.541363, 0.546372
0.566333, 0.566342, 0.541363, 0.546372
0.566333, 0.566342, 0.541365, 0.546375
0.566333, 0.566341, 0.541363, 0.546372
0.566333, 0.566341, 0.541363, 0.546372
0.566333, 0.566341, 0.541363, 0.546372
0.566333, 0.566341, 0.541363, 0.546372
0.566333, 0.566341, 0.541363, 0.546372
0.566333, 0.566341, 0.541363, 0.546372
0.566333, 0.566341, 0.541363, 0.546372
0.566333, 0.566341, 0.541363, 0.546372
0.566333, 0.566341, 0.541363, 0.546372
0.566333, 0.566341, 0.541363, 0.546372
0.566333, 0.566341, 0.541363, 0.546372
0.566333, 0.566341, 0.541363, 0.546372
0.566333, 0.566341, 0.541363, 0.546372
0.566333, 0.566341, 0.541363, 0.546372
0.566333, 0.566341, 0.541363, 0.546372
0.566333, 0.566341, 0.541363, 0.546372
0.566333, 0.566341, 0.541363, 0.546372
0.566333, 0.566341, 0.541363, 0.546372
0.566333, 0.566341, 0.541363, 0.546372
0.566333, 0.566341, 0.541363, 0.546372
0.566333, 0.566341, 0.541363, 0.546372
0.566333, 0.566341, 0.541363, 0.546372
0.566333, 0.566341, 0.541363, 0.546372
0.566333, 0.566341, 0.541363, 0.546372
0.566333, 0.566341, 0.541363, 0.546372
0.566333, 0.566341, 0.541363, 0.546372
0.566333, 0.566341, 0.541363, 0.546372
0.566333, 0.566341, 0.541363, 0.546372
0.566333, 0.566341, 0.541363, 0.546372
0.566333, 0.566341, 0.541363, 0.546372
0.566333, 0.566341, 0.541363, 0.546372
0.566333, 0.566341, 0.541363, 0.546372
0.566333, 0.566341, 0.541363, 0.546372
0.566333, 0.566341, 0.541363, 0.546372
0.566333, 0.566341, 0.541363, 0.546372
0.566333, 0.566341, 0.541363, 0.546372
0.566333, 0.566341, 0.541363, 0.546372
0.566333, 0.566341, 0.541363, 0.546372
0.566333, 0.566341, 0.541363, 0.546372
0.566333, 0.566341, 0.541363, 0.546372
0.566333, 0.566341, 0.541363, 0.546372
0.566333, 0.566341, 0.541363, 0.546372
0.566333, 0.566341, 0.541363, 0.546372
0.566333, 0.566341, 0.541363, 0.546372
0.566333, 0.566341, 0.541363, 0.546372
0.566333, 0.566341, 0.541363, 0.546372
0.566333, 0.566341, 0.541363, 0.546372
0.566333, 0.566341, 0.541363, 0.546372
0.566333, 0.566341, 0.541363, 0.546372
0.566333, 0.566341, 0.541363, 0.546372
0.566333, 0.566341, 0.541363, 0.546372
0.566333, 0.566341, 0.541363, 0.546372
0.566333, 0.566341, 0.541363, 0.546372
0.566333, 0.566341, 0.541363, 0.546372
0.566333, 0.566341, 0.541363, 0.546372
0.566333, 0.566341, 0.541363, 0.546372
0.566333, 0.566341, 0.541363, 0.546372
0.566333, 0.566341, 0.541363, 0.546372
0.566333, 0.566341, 0.541363, 0.546372
0.566333, 0.566341, 0.541363, 0.546372
0.566333, 0.566341, 0.541363, 0.546372
0.566333, 0.566341, 0.541363, 0.546372
0.566333, 0.566341, 0.541363, 0.546372
0.566333, 0.566341, 0.541363, 0.546372
0.566333, 0.566341, 0.541363, 0.546372
0.566333, 0.566341, 0.541363, 0.546372
0.566333, 0.566341, 0.541363, 0.546372
0.566333, 0.566341, 0.541363, 0.546372
0.566333, 0.566341, 0.541363, 0.546372
0.566333, 0.566341, 0.541363, 0.546372
0.566333, 0.566341, 0.541363, 0.546372
0.566333, 0.566341, 0.541363, 0.546372
0.566333, 0.566341, 0.541363, 0.546372
0.566333, 0.566341, 0.541363, 0.546372
0.566333, 0.566341, 0.541363, 0.546372
0.566333, 0.566341, 0.541363, 0.546372
0.566333, 0.566341, 0.541363, 0.546372
0.566333, 0.566341, 0.541363, 0.546372
0.566333, 0.566341, 0.541363, 0.546372
0.566333, 0.566341, 0.541363, 0.546372
0.566333, 0.566341, 0.541363, 0.546372
0.566333, 0.566341, 0.541363, 0.546372
0.566333, 0.566341, 0.541363, 0.546372
0.566333, 0.566341, 0.541363, 0.546372
0.566333, 0.566341, 0.541363, 0.546372
0.566333, 0.566341, 0.541363, 0.546372
0.566333, 0.566341, 0.541363, 0.546372
0.566333, 0.566341, 0.541363, 0.546372
0.566333, 0.566341, 0.541363, 0.546372
0.566333, 0.566341, 0.541363, 0.546372
0.566333, 0.566341, 0.541363, 0.546372
0.566333, 0.566341, 0.541363, 0.546372
0.566333, 0.566341, 0.541363, 0.546372
0.566333, 0.566341, 0.541363, 0.546372
0.566333, 0.566341, 0.541363, 0.546372
0.566333, 0.566341, 0.541363, 0.546372
0.566333, 0.566341, 0.541363, 0.546372
0.566333, 0.566341, 0.541363, 0.546372
0.566333, 0.566341, 0.541363, 0.546372
0.566333, 0.566341, 0.541363, 0.546372
0.566333, 0.566341, 0.541363, 0.546372
0.566333, 0.566341, 0.541363, 0.546372
0.566333, 0.566341, 0.541363, 0.546372
0.566333, 0.566341, 0.541363, 0.546372
0.566333, 0.566341, 0.541363, 0.546372
0.566333, 0.566341, 0.541363, 0.546372
0.566333, 0.566341, 0.541363, 0.546372
0.566333, 0.566341, 0.541363, 0.546372
0.566333, 0.566341, 0.541363, 0.546372
0.566333, 0.566341, 0.541363, 0.546372
0.566333, 0.566341, 0.541363, 0.546372
0.566333, 0.566341, 0.541363, 0.546372
0.566333, 0.566341, 0.541363, 0.546372
0.566333, 0.566341, 0.541363, 0.546372
0.566333, 0.566341, 0.541363, 0.546372
0.566333, 0.566341, 0.541363, 0.546372
0.566333, 0.566341, 0.541363, 0.546372
0.566333, 0.566341, 0.541363, 0.546372
0.566333, 0.566341, 0.541363, 0.546372
0.566333, 0.566341, 0.541363, 0.546372
0.566333, 0.566341, 0.541363, 0.546372
0.566333, 0.566341, 0.541363, 0.546372
0.566333, 0.566341, 0.541363, 0.546372
0.566333, 0.566341, 0.541363, 0.546372
0.566333, 0.566341, 0.541363, 0.546372
0.566333, 0.566341, 0.541363, 0.546372
0.566333, 0.566341, 0.541363, 0.546372
0.566333, 0.566341, 0.541363, 0.546372
0.566333, 0.566341, 0.541363, 0.546372
0.566333, 0.566341, 0.541363, 0.546372
0.566333, 0.566341, 0.541363, 0.546372
0.566333, 0.566341, 0.541363, 0.546372
0.566333, 0.566341, 0.541363, 0.546372
0.566333, 0.566341, 0.541363, 0.546372
0.566333, 0.566341, 0.541363, 0.546372
0.566333, 0.566341, 0.541363, 0.546372
0.566333, 0.566341, 0.541363, 0.546372
0.566333, 0.566341, 0.541363, 0.546372
0.566333, 0.566341, 0.541363, 0.546372
0.566333, 0.566341, 0.541363, 0.546372
0.566333, 0.566341, 0.541363, 0.546372
0.566333, 0.566341, 0.541363, 0.546372
0.566333, 0.566341, 0.541363, 0.546372
0.566333, 0.566341, 0.541363, 0.546372
0.566333, 0.566341, 0.541363, 0.546372
0.566333, 0.566341, 0.541363, 0.546372
0.566333, 0.566341, 0.541363, 0.546372
0.566333, 0.566341, 0.541363, 0.546372
0.566333, 0.566341, 0.541363, 0.546372
0.566333, 0.566341, 0.541363, 0.546372
0.566333, 0.566341, 0.541363, 0.546372
0.566333, 0.566341, 0.541363, 0.546372
0.566333, 0.566341, 0.541363, 0.546372
0.566333, 0.566341, 0.541363, 0.546372
0.566333, 0.566341, 0.541363, 0.546372
0.566333, 0.566341, 0.541363, 0.546372
0.566333, 0.566341, 0.541363, 0.546372
0.566333, 0.566341, 0.541363, 0.546372
0.566333, 0.566341, 0.541363, 0.546372
0.566333, 0.566341, 0.541363, 0.546372
0.566333, 0.566341, 0.541363, 0.546372
0.566333, 0.566341, 0.541363, 0.546372
0.566333, 0.566341, 0.541363, 0.546372
0.566333, 0.566341, 0.541363, 0.546372
0.566333, 0.566341, 0.541363, 0.546372
0.566333, 0.566341, 0.541363, 0.546372
0.566333, 0.566341, 0.541363, 0.546372
0.566333, 0.566341, 0.541363, 0.546372
0.566333, 0.566341, 0.541363, 0.546372
0.566333, 0.566341, 0.541363, 0.546372
0.566333, 0.566341, 0.541363, 0.546372
0.640113, 0.640802, 0.619854, 0.625871
0.618703, 0.61921, 0.596433, 0.601913
0.60375, 0.60394, 0.580441, 0.585859
0.581167, 0.581351, 0.556688, 0.561551
0.572704, 0.572856, 0.54788, 0.552962
0.589632, 0.589835, 0.565082, 0.570185
0.592256, 0.592364, 0.567818, 0.572853
0.583239, 0.58333, 0.558755, 0.563753
0.569757, 0.569828, 0.545038, 0.550062
0.568177, 0.568225, 0.543345, 0.548375
0.56818, 0.568227, 0.543347, 0.548377
0.56818, 0.568227, 0.543347, 0.548377
0.56818, 0.568227, 0.543347, 0.548377
0.56818, 0.568227, 0.543347, 0.548377
0.56818, 0.568227, 0.543347, 0.548377
0.56818, 0.568215, 0.543307, 0.548327
0.56818, 0.568216, 0.543311, 0.548332
0.56818, 0.568216, 0.543311, 0.548332
0.56818, 0.568216, 0.543311, 0.548332
0.56818, 0.568216, 0.543311, 0.548332
0.56818, 0.568216, 0.543311, 0.548332
0.56818, 0.568216, 0.543311, 0.548332
0.56818, 0.568216, 0.543311, 0.548332
0.56818, 0.568216, 0.543311, 0.548332
0.56818, 0.568216, 0.543311, 0.548332
0.56818, 0.568216, 0.543311, 0.548332
0.56818, 0.568216, 0.543311, 0.548332
0.56818, 0.568216, 0.543311, 0.548332
0.56818, 0.568216, 0.543311, 0.548332
0.56818, 0.568216, 0.543311, 0.548332
0.56818, 0.568216, 0.543311, 0.548332
0.56818, 0.568216, 0.543311, 0.548332
0.56818, 0.568216, 0.543311, 0.548332
0.56818, 0.568216, 0.543311, 0.548332
0.56818, 0.568216, 0.543311, 0.548332
0.56818, 0.568216, 0.543311, 0.548332
0.56818, 0.568216, 0.543311, 0.548332
0.56818, 0.568216, 0.543311, 0.548332
0.56818, 0.568216, 0.543311, 0.548332
0.56818, 0.568216, 0.543311, 0.548332
0.56818, 0.568216, 0.543311, 0.548332
0.56818, 0.568216, 0.543311, 0.548332
0.56818, 0.568216, 0.543311, 0.548332
0.56818, 0.568216, 0.543311, 0.548332
0.56818, 0.568216, 0.543311, 0.548332
0.56818, 0.568216, 0.543311, 0.548332
0.56818, 0.568216, 0.543311, 0.548332
0.56818, 0.568216, 0.543311, 0.548332
0.56818, 0.568216, 0.543311, 0.548332
0.56818, 0.568216, 0.543311, 0.548332
0.56818, 0.568216, 0.543311, 0.548332
0.56818, 0.568216, 0.543311, 0.548332
0.56818, 0.568216, 0.543311, 0.548332
0.56818, 0.568216, 0.543311, 0.548332
0.56818, 0.568216, 0.543311, 0.548332
0.56818, 0.568216, 0.543311, 0.548332
0.56818, 0.568216, 0.543311, 0.548332
0.56818, 0.568216, 0.543311, 0.548332
0.56818, 0.568216, 0.543311, 0.548332
0.56818, 0.568216, 0.543311, 0.548332
0.56818, 0.568216, 0.543311, 0.548332
0.56818, 0.568216, 0.543311, 0.548332
0.56818, 0.568216, 0.543311, 0.548332
0.56818, 0.568216, 0.543311, 0.548332
0.56818, 0.568216, 0.543311, 0.548332
0.56818, 0.568216, 0.543311, 0.548332
0.56818, 0.568216, 0.543311, 0.548332
0.56818, 0.568216, 0.543311, 0.548332
0.56818, 0.568216, 0.543311, 0.548332
0.56818, 0.568216, 0.543311, 0.548332
0.56818, 0.568216, 0.543311, 0.548332
0.56818, 0.568216, 0.543311, 0.548332
0.56818, 0.568216, 0.543311, 0.548332
0.56818, 0.568216, 0.543311, 0.548332
0.56818, 0.568216, 0.543311, 0.548332
0.56818, 0.568216, 0.543311, 0.548332
0.56818, 0.568216, 0.543311, 0.548332
0.56818, 0.568216, 0.543311, 0.548332
0.56818, 0.568216, 0.543311, 0.548332
0.56818, 0.568216, 0.543311, 0.548332
0.56818, 0.568216, 0.543311, 0.548332
0.56818, 0.568216, 0.543311, 0.548332
0.56818, 0.568216, 0.543311, 0.548332
0.56818, 0.568216, 0.543311, 0.548332
0.56818, 0.568216, 0.543311, 0.548332
0.56818, 0.568216, 0.543311, 0.548332
0.56818, 0.568216, 0.543311, 0.548332
0.56818, 0.568216, 0.543311, 0.548332
0.56818, 0.568216, 0.543311, 0.548332
0.56818, 0.568216, 0.543311, 0.548332
0.56818, 0.568216, 0.543311, 0.548332
0.56818, 0.568216, 0.543311, 0.548332
0.56818, 0.568216, 0.543311, 0.548332
0.56818, 0.568216, 0.543311, 0.548332
0.56818, 0.568216, 0.543311, 0.548332
0.56818, 0.568216, 0.543311, 0.548332
0.56818, 0.568216, 0.543311, 0.548332
0.56818, 0.568216, 0.543311, 0.548332
0.56818, 0.568268, 0.543566, 0.548647
0.56818, 0.568267, 0.543548, 0.548626
0.56818, 0.568258, 0.54356, 0.548631
0.56818, 0.568258, 0.54356, 0.548631
0.56818, 0.568258, 0.543548, 0.548617
0.56818, 0.568258, 0.543548, 0.548617
0.56818, 0.568257, 0.543536, 0.548602
0.56818, 0.568268, 0.54358, 0.548664
0.56818, 0.568268, 0.54358, 0.548664
0.56818, 0.568268, 0.543581, 0.548665
0.56818, 0.568268, 0.543581, 0.548665
0.56818, 0.568268, 0.543579, 0.548663
0.56818, 0.568268, 0.543579, 0.548662
0.56818, 0.568268, 0.543579, 0.548662
0.56818, 0.568268, 0.543579, 0.548662
0.56818, 0.568258, 0.543445, 0.548502
0.56818, 0.568253, 0.543402, 0.548452
0.56818, 0.568253, 0.543401, 0.54845
0.56818, 0.568249, 0.543374, 0.548418
0.56818, 0.568249, 0.543374, 0.548418
0.56818, 0.568262, 0.543483, 0.548549
0.56818, 0.568262, 0.543478, 0.548543
0.56818, 0.568262, 0.543478, 0.548543
0.56818, 0.568263, 0.543487, 0.548554
0.56818, 0.568264, 0.543497, 0.548565
0.56818, 0.568264, 0.543497, 0.548565
0.56818, 0.568265, 0.54351, 0.54858
0.56818, 0.568268, 0.543585, 0.54867
0.56818, 0.568268, 0.543585, 0.54867
0.56818, 0.568267, 0.543589, 0.548674
0.56818, 0.568267, 0.543589, 0.548674
0.56818, 0.568267, 0.543589, 0.548674
0.56818, 0.568268, 0.543586, 0.548671
0.56818, 0.568268, 0.543586, 0.548671
0.56818, 0.568268, 0.543583, 0.548666
0.56818, 0.568267, 0.543588, 0.548672
0.56818, 0.568267, 0.543588, 0.548672
0.56818, 0.568267, 0.543592, 0.548677
0.56818, 0.568267, 0.543592, 0.548677
0.56818, 0.568267, 0.543591, 0.548677
0.56818, 0.568241, 0.543524, 0.548583
0.56818, 0.56824, 0.543524, 0.548583
0.56818, 0.568243, 0.543533, 0.548594
0.56818, 0.568243, 0.543533, 0.548594
0.56818, 0.568243, 0.543535, 0.548596
0.56818, 0.568243, 0.543534, 0.548596
0.56818, 0.568244, 0.543536, 0.548598
0.56818, 0.568244, 0.543536, 0.548598
0.56818, 0.568257, 0.543434, 0.54849
0.56818, 0.568257, 0.543434, 0.54849
0.56818, 0.568268, 0.543583, 0.548667
0.56818, 0.568268, 0.543584, 0.548668
0.56818, 0.568268, 0.543584, 0.548668
0.56818, 0.568267, 0.543587, 0.548672
0.56818, 0.568267, 0.543587, 0.548672
0.56818, 0.568267, 0.543588, 0.548673
0.56818, 0.568268, 0.543585, 0.548669
0.56818, 0.568268, 0.543585, 0.548669
0.56818, 0.568268, 0.543585, 0.548669
0.56818, 0.568268, 0.543583, 0.548667
0.56818, 0.568268, 0.543583, 0.548667
0.56818, 0.568268, 0.543583, 0.548667
0.56818, 0.568268, 0.543582, 0.548666
0.56818, 0.568268, 0.543578, 0.548661
0.56818, 0.568268, 0.543578, 0.548661
0.56818, 0.568268, 0.543578, 0.548661
0.56818, 0.568268, 0.543576, 0.548659
0.56818, 0.568268, 0.543576, 0.548659
0.56818, 0.568268, 0.543572, 0.548654
0.56818, 0.568268, 0.54357, 0.548652
0.56818, 0.568268, 0.54357, 0.548652
0.56818, 0.568268, 0.543574, 0.548657
0.56818, 0.568268, 0.543574, 0.548657
0.56818, 0.568268, 0.543572, 0.548653
0.56818, 0.568268, 0.543572, 0.548653
0.56818, 0.568268, 0.543572, 0.548654
0.56818, 0.568268, 0.543573, 0.548656
0.56818, 0.568268, 0.543573, 0.548656
0.56818, 0.568268, 0.543576, 0.548659
0.56818, 0.568268, 0.543576, 0.548659
0.56818, 0.568268, 0.543574, 0.548656
0.56818, 0.568268, 0.543574, 0.548656
0.56818, 0.568268, 0.543567, 0.548648
0.56818, 0.568268, 0.543563, 0.548643
0.56818, 0.568268, 0.543563, 0.548643
0.56818, 0.568268, 0.543563, 0.548643
0.56818, 0.568268, 0.543563, 0.548643
0.56818, 0.568268, 0.54356, 0.54864
0.56818, 0.568268, 0.54356, 0.54864
0.56818, 0.568268, 0.54356, 0.54864
0.56818, 0.568268, 0.543561, 0.548641
0.56818, 0.568268, 0.543561, 0.548641
0.56818, 0.568268, 0.543562, 0.548642
0.56818, 0.568268, 0.543562, 0.548642
0.56818, 0.568268, 0.543567, 0.548648
0.56818, 0.568268, 0.543571, 0.548652
0.56818, 0.568268, 0.543571, 0.548652
0.56818, 0.568268, 0.543573, 0.548655
0.56818, 0.568268, 0.543573, 0.548655
0.56818, 0.568268, 0.543573, 0.548655
0.56818, 0.568268, 0.54357, 0.548651
0.56818, 0.568268, 0.54357, 0.548651
0.56818, 0.568268, 0.543569, 0.54865
0.56818, 0.568268, 0.543569, 0.54865
0.56818, 0.568268, 0.543566, 0.548647
0.56818, 0.568263, 0.543546, 0.548629
0.56818, 0.568263, 0.543545, 0.548627
0.56818, 0.568264, 0.543548, 0.54863
0.56818, 0.568264, 0.543548, 0.54863
0.56818, 0.568262, 0.543539, 0.548621
0.56818, 0.568262, 0.543538, 0.54862
0.56818, 0.568262, 0.543538, 0.54862
0.56818, 0.568261, 0.543534, 0.548616
0.56818, 0.56826, 0.543529, 0.548609
0.56818, 0.56826, 0.543529, 0.54861
0.56818, 0.568262, 0.543542, 0.548624
0.56818, 0.568262, 0.543541, 0.548623
0.56818, 0.568263, 0.543547, 0.548629
0.56818, 0.568264, 0.54355, 0.548632
0.56818, 0.568264, 0.54355, 0.548632
0.56818, 0.568259, 0.543526, 0.548606
0.56818, 0.568268, 0.54357, 0.548651
0.56818, 0.568268, 0.54357, 0.548651
0.56818, 0.568268, 0.543568, 0.548649
0.56818, 0.568268, 0.543568, 0.548649
0.56818, 0.568268, 0.543569, 0.548651
0.56818, 0.568264, 0.54356, 0.548634
0.56818, 0.568267, 0.543569, 0.548648
0.56818, 0.568268, 0.543569, 0.54865
0.56818, 0.568268, 0.543569, 0.54865
0.56818, 0.568266, 0.54352, 0.548593
0.56818, 0.568265, 0.543509, 0.548579
0.56818, 0.568268, 0.543572, 0.548653
0.56818, 0.568268, 0.543573, 0.548655
0.56818, 0.568268, 0.543573, 0.548655
0.56818, 0.568268, 0.543573, 0.548656
0.56818, 0.568268, 0.543571, 0.548653
0.56818, 0.568268, 0.543571, 0.548653
0.56818, 0.568268, 0.543573, 0.548656
0.56818, 0.568268, 0.543573, 0.548656
0.56818, 0.568268, 0.543574, 0.548656
0.56818, 0.568268, 0.543574, 0.548656
0.56818, 0.568268, 0.543576, 0.548659
0.56818, 0.568268, 0.54358, 0.548664
0.56818, 0.568268, 0.54358, 0.548664
0.56818, 0.568263, 0.543494, 0.548559
0.56818, 0.568263, 0.543494, 0.548558
0.56818, 0.568262, 0.543483, 0.548547
0.56818, 0.568262, 0.543483, 0.548547
0.56818, 0.568262, 0.543477, 0.548541
0.56818, 0.568262, 0.543477, 0.548541
0.56818, 0.568262, 0.543479, 0.548543
0.56818, 0.568262, 0.543484, 0.548549
0.56818, 0.568262, 0.543484, 0.548549
0.56818, 0.568262, 0.543482, 0.548547
0.56818, 0.568262, 0.543482, 0.548547
0.56818, 0.568263, 0.543487, 0.548553
0.56818, 0.568263, 0.543487, 0.548553
0.56818, 0.568263, 0.543494, 0.548561
0.56818, 0.568233, 0.543553, 0.548632
0.56818, 0.568233, 0.543553, 0.548632
0.56818, 0.568234, 0.543556, 0.548636
0.56818, 0.568234, 0.543556, 0.548635
0.56818, 0.568235, 0.543558, 0.548638
0.56818, 0.568235, 0.543558, 0.548638
0.56818, 0.568236, 0.543559, 0.54864
0.56818, 0.568236, 0.543559, 0.54864
0.56818, 0.568237, 0.543562, 0.548644
0.56818, 0.568237, 0.543562, 0.548644
0.56818, 0.568238, 0.543565, 0.548647
0.56818, 0.568238, 0.543565, 0.548647
0.56818, 0.568238, 0.543565, 0.548647
0.56818, 0.568238, 0.543565, 0.548647
0.56818, 0.568264, 0.543497, 0.548565
0.56818, 0.568263, 0.543492, 0.548559
0.56818, 0.568263, 0.543492, 0.548559
0.56818, 0.568263, 0.543492, 0.548559
0.56818, 0.568262, 0.543481, 0.548546
0.56818, 0.568262, 0.543481, 0.548546
0.56818, 0.568262, 0.543481, 0.548546
0.56818, 0.568263, 0.543492, 0.548559
0.56818, 0.568264, 0.543501, 0.54857
0.56818, 0.568264, 0.543501, 0.54857
0.56818, 0.568268, 0.543581, 0.548664
0.56818, 0.568268, 0.543581, 0.548664
0.56818, 0.568268, 0.543581, 0.548664
0.56818, 0.568268, 0.543584, 0.548668
0.56818, 0.568268, 0.543584, 0.548668
0.56818, 0.568268, 0.543586, 0.54867
0.56818, 0.568267, 0.543591, 0.548676
0.56818, 0.568267, 0.543591, 0.548676
0.56818, 0.568266, 0.543545, 0.548619
0.56818, 0.568266, 0.543545, 0.548619
0.56818, 0.568266, 0.543546, 0.54862
0.56818, 0.568267, 0.543551, 0.548627
0.56818, 0.568267, 0.543551, 0.548627
0.56818, 0.568267, 0.543551, 0.548627
0.56818, 0.568267, 0.543551, 0.548627
0.56818, 0.568267, 0.543551, 0.548627
0.56818, 0.568267, 0.543549, 0.548625
0.56818, 0.568267, 0.543549, 0.548626
0.56818, 0.568267, 0.543549, 0.548626
0.56818, 0.568267, 0.543547, 0.548623
0.56818, 0.568267, 0.543547, 0.548623
0.56818, 0.568267, 0.543542, 0.548617
0.56818, 0.568267, 0.543542, 0.548617
0.56818, 0.568267, 0.543543, 0.548619
0.56818, 0.568267, 0.543543, 0.548619
0.56818, 0.568267, 0.543546, 0.548623
0.56818, 0.568267, 0.543546, 0.548623
0.56818, 0.568267, 0.543536, 0.548611
0.56818, 0.568267, 0.543536, 0.548611
0.56818, 0.568266, 0.54353, 0.548604
0.56818, 0.568266, 0.54353, 0.548604
0.56818, 0.568266, 0.543522, 0.548595
0.56818, 0.568266, 0.543522, 0.548595
0.56818, 0.568264, 0.543496, 0.548563
0.56818, 0.568264, 0.543499, 0.548567
0.56818, 0.568264, 0.543499, 0.548567
0.56818, 0.568264, 0.543501, 0.548569
0.56818, 0.568263, 0.543487, 0.548553
0.56818, 0.568263, 0.543487, 0.548553
0.56818, 0.568265, 0.543515, 0.548587
0.56818, 0.568265, 0.543515, 0.548587
0.56818, 0.568264, 0.5435, 0.548569
0.56818, 0.568264, 0.5435, 0.548569
0.56818, 0.568259, 0.543553, 0.548623
0.56818, 0.56826, 0.543553, 0.548624
0.56818, 0.56826, 0.543553, 0.548624
0.56818, 0.568266, 0.543519, 0.548592
0.56818, 0.568266, 0.54352, 0.548592
0.56818, 0.568266, 0.543524, 0.548597
0.56818, 0.568266, 0.543524, 0.548597
0.56818, 0.568264, 0.5435, 0.548569
0.56818, 0.568264, 0.543501, 0.548569
0.56818, 0.568264, 0.543497, 0.548565
0.56818, 0.568264, 0.543497, 0.548565
0.56818, 0.568262, 0.543591, 0.54867
0.56818, 0.568262, 0.543591, 0.54867
0.56818, 0.568263, 0.543492, 0.548559
0.56818, 0.568263, 0.543492, 0.548559
0.56818, 0.568263, 0.543493, 0.54856
0.56818, 0.568262, 0.543556, 0.548628
0.56818, 0.568262, 0.543556, 0.548628
0.56818, 0.568262, 0.543556, 0.548628
0.56818, 0.568261, 0.543558, 0.54863
0.56818, 0.568261, 0.543558, 0.54863
0.56818, 0.568261, 0.543558, 0.54863
0.56818, 0.568261, 0.543562, 0.548634
0.56818, 0.56826, 0.543563, 0.548635
0.56818, 0.56826, 0.543563, 0.548635
0.56818, 0.56826, 0.543564, 0.548636
0.56818, 0.56826, 0.543561, 0.548633
0.56818, 0.56826, 0.543561, 0.548633
0.56818, 0.568267, 0.543535, 0.54861
0.56818, 0.568267, 0.543535, 0.54861
0.56818, 0.568267, 0.543537, 0.548613
0.56818, 0.568267, 0.543537, 0.548613
0.56818, 0.568266, 0.543532, 0.548607
0.56818, 0.568266, 0.543532, 0.548607
0.56818, 0.568267, 0.54354, 0.548616
0.56818, 0.568267, 0.54354, 0.548616
0.56818, 0.568267, 0.543542, 0.548619
0.56818, 0.568267, 0.543542, 0.548619
0.56818, 0.568268, 0.54356, 0.54864
0.56818, 0.568268, 0.543564, 0.548644
0.56818, 0.568268, 0.543564, 0.548644
0.56818, 0.568268, 0.54357, 0.548651
0.56818, 0.568268, 0.54357, 0.548651
0.566326, 0.566333, 0.54133, 0.546337
0.566735, 0.566741, 0.541832, 0.546836
0.566223, 0.566229, 0.541287, 0.546295
0.566044, 0.566048, 0.541067, 0.546147
0.565912, 0.565922, 0.540937, 0.545949
0.567632, 0.56765, 0.542703, 0.547721
0.566578, 0.566586, 0.541584, 0.54659
0.568566, 0.568579, 0.543582, 0.548578
0.56743, 0.56743, 0.542472, 0.547478
0.566718, 0.56673, 0.541752, 0.546765
0.570291, 0.570341, 0.54532, 0.550404
0.565822, 0.565828, 0.540836, 0.545872
0.565943, 0.565955, 0.540949, 0.54601
0.565982, 0.56601, 0.540997, 0.545997
0.566785, 0.566788, 0.541874, 0.546956
0.566061, 0.566067, 0.541096, 0.54611
0.566562, 0.56657, 0.541632, 0.546635
0.566562, 0.56657, 0.541632, 0.546635
0.566562, 0.566575, 0.541656, 0.546664
0.566562, 0.566575, 0.541656, 0.546664
0.566562, 0.566571, 0.541637, 0.546641
0.566562, 0.566571, 0.541637, 0.546641
0.566562, 0.566571, 0.541638, 0.546642
0.566562, 0.566571, 0.541639, 0.546644
0.566562, 0.566571, 0.541639, 0.546644
0.566562, 0.566571, 0.541639, 0.546643
0.566562, 0.566571, 0.541639, 0.546643
0.566562, 0.566571, 0.541639, 0.546644
0.566562, 0.566571, 0.541639, 0.546643
0.566562, 0.566571, 0.541639, 0.546643
0.566562, 0.566571, 0.541638, 0.546643
0.566562, 0.566571, 0.541638, 0.546643
0.566562, 0.56657, 0.541632, 0.546635
0.566562, 0.56657, 0.541632, 0.546635
0.566562, 0.566571, 0.541636, 0.54664
0.566562, 0.566571, 0.541639, 0.546643
0.566562, 0.566571, 0.541639, 0.546644
0.566562, 0.566571, 0.541639, 0.546644
0.566562, 0.566571, 0.541639, 0.546644
0.566562, 0.566571, 0.541636, 0.54664
0.566562, 0.566571, 0.541637, 0.546641
0.566562, 0.566571, 0.541637, 0.546641
0.566562, 0.566571, 0.541637, 0.546641
0.566562, 0.566571, 0.541638, 0.546642
0.566562, 0.566571, 0.541635, 0.546639
0.566562, 0.566571, 0.541635, 0.546639
0.566562, 0.566571, 0.541635, 0.546639
0.566562, 0.566571, 0.541639, 0.546644
0.566562, 0.566571, 0.541639, 0.546644
0.566562, 0.566571, 0.541639, 0.546643
0.566562, 0.56657, 0.541634, 0.546638
0.566562, 0.56657, 0.541634, 0.546638
0.566562, 0.566571, 0.541638, 0.546643
0.566562, 0.566572, 0.541642, 0.546647
0.566562, 0.566572, 0.541642, 0.546647
0.566562, 0.566572, 0.541644, 0.546649
0.566562, 0.566572, 0.541644, 0.546649
0.566562, 0.566572, 0.541644, 0.54665
0.566562, 0.566573, 0.541648, 0.546654
0.566562, 0.566573, 0.541648, 0.546655
0.566562, 0.566573, 0.541648, 0.546655
0.566562, 0.566573, 0.541649, 0.546655
0.566562, 0.566574, 0.541652, 0.546658
0.566562, 0.566574, 0.541652, 0.546658
0.566562, 0.566574, 0.541652, 0.546659
0.566562, 0.566574, 0.541653, 0.54666
0.566562, 0.566574, 0.541653, 0.54666
0.566562, 0.566575, 0.541656, 0.546663
0.566562, 0.566575, 0.541656, 0.546664
0.566562, 0.566575, 0.541656, 0.546664
0.566562, 0.566575, 0.541657, 0.546664
0.566562, 0.566575, 0.541656, 0.546664
0.566562, 0.566575, 0.541656, 0.546664
0.566562, 0.566575, 0.541658, 0.546666
0.566562, 0.566576, 0.541657, 0.546665
0.566562, 0.566576, 0.541657, 0.546665
0.566562, 0.566576, 0.541657, 0.546665
0.566562, 0.566576, 0.541657, 0.546665
0.566562, 0.566576, 0.541657, 0.546665
0.566562, 0.566576, 0.541657, 0.546665
0.566562, 0.566576, 0.541657, 0.546665
0.566562, 0.566576, 0.541657, 0.546665
0.566562, 0.566576, 0.541657, 0.546665
0.566562, 0.566576, 0.541656, 0.546665
0.566562, 0.566576, 0.541656, 0.546665
0.566562, 0.566576, 0.541656, 0.546665
0.566562, 0.566576, 0.541656, 0.546665
0.566562, 0.566576, 0.541656, 0.546665
0.566562, 0.566576, 0.541656, 0.546665
0.566562, 0.566576, 0.541656, 0.546665
0.566562, 0.566576, 0.541656, 0.546665
0.566562, 0.566576, 0.541656, 0.546665
0.566562, 0.566576, 0.541656, 0.546665
0.566562, 0.566576, 0.541656, 0.546665
0.566562, 0.566576, 0.541656, 0.546665
0.566562, 0.566576, 0.541656, 0.546665
0.566562, 0.566576, 0.541656, 0.546665
0.566562, 0.566576, 0.541656, 0.546665
0.566562, 0.566574, 0.541639, 0.546646
0.566562, 0.566574, 0.541639, 0.546646
0.566562, 0.566574, 0.541639, 0.546646
0.566562, 0.566574, 0.541639, 0.546646
0.566562, 0.566575, 0.541651, 0.546659
0.566562, 0.566575, 0.541651, 0.546659
0.566562, 0.566575, 0.541652, 0.54666
0.566562, 0.566575, 0.541652, 0.54666
0.566562, 0.566575, 0.541651, 0.54666
0.566562, 0.566576, 0.541656, 0.546665
0.566562, 0.566576, 0.541656, 0.546665
0.566562, 0.566576, 0.541659, 0.546668
0.566562, 0.566576, 0.541661, 0.54667
0.566562, 0.566576, 0.541661, 0.54667
0.566562, 0.566576, 0.541661, 0.54667
0.566562, 0.566576, 0.541661, 0.54667
0.566562, 0.566576, 0.541662, 0.546671
0.565761, 0.565773, 0.540789, 0.545811
0.566364, 0.566374, 0.541385, 0.546394
0.566217, 0.566251, 0.54131, 0.546359
0.566958, 0.566984, 0.542007, 0.54702
0.566347, 0.566351, 0.54139, 0.546403
0.565871, 0.565879, 0.540975, 0.546007
0.567412, 0.567418, 0.542447, 0.547463
0.567009, 0.567042, 0.542052, 0.547075
0.566558, 0.566577, 0.541632, 0.546654
0.56701, 0.567011, 0.542046, 0.547068
0.569107, 0.569115, 0.544369, 0.549565
0.567358, 0.567371, 0.542398, 0.547405
0.567556, 0.567568, 0.542582, 0.547683
0.568741, 0.568797, 0.543789, 0.548802
0.569626, 0.569682, 0.54476, 0.549749
0.567521, 0.567535, 0.542571, 0.547574
0.566513, 0.56653, 0.541568, 0.546585
0.567477, 0.567511, 0.542572, 0.547581
0.568239, 0.568274, 0.543339, 0.548368
0.565899, 0.565902, 0.540901, 0.545948
0.565987, 0.56599, 0.541083, 0.546098
0.565914, 0.56592, 0.540923, 0.545953
0.566063, 0.566065, 0.541085, 0.54608
0.566063, 0.566065, 0.541086, 0.54608
0.566063, 0.566065, 0.541086, 0.54608
0.566063, 0.566065, 0.541086, 0.54608
0.566063, 0.566065, 0.541086, 0.54608
0.567186, 0.567238, 0.542317, 0.547324
0.566551, 0.56656, 0.541611, 0.546626
0.566893, 0.566898, 0.542101, 0.547135
0.567163, 0.567198, 0.542184, 0.547191
0.567108, 0.567169, 0.542152, 0.547187
0.571688, 0.572118, 0.547032, 0.551896
0.56598, 0.566008, 0.541003, 0.546014
0.565901, 0.565923, 0.540916, 0.545922
0.565538, 0.565547, 0.540541, 0.545541
0.565884, 0.565895, 0.540906, 0.545923
0.565945, 0.565959, 0.540969, 0.545968
0.565924, 0.56595, 0.540965, 0.545975
0.565924, 0.56595, 0.540964, 0.545975
0.565924, 0.56595, 0.540964, 0.545975
0.565924, 0.565949, 0.540961, 0.54597
0.565924, 0.565949, 0.54096, 0.545969
0.565924, 0.565949, 0.54096, 0.545969
0.565924, 0.56595, 0.540964, 0.545974
0.565924, 0.56595, 0.540964, 0.545974
0.565924, 0.565947, 0.540955, 0.545962
0.565924, 0.565947, 0.540955, 0.545962
0.565924, 0.565947, 0.540955, 0.545962
0.565924, 0.565948, 0.540955, 0.545962
0.565924, 0.565948, 0.540955, 0.545962
0.565924, 0.565947, 0.540955, 0.545962
0.565924, 0.565947, 0.540955, 0.545962
0.565924, 0.565947, 0.540954, 0.54596
0.565924, 0.565947, 0.540953, 0.545959
0.565924, 0.565947, 0.540953, 0.545959
0.565924, 0.565947, 0.540953, 0.545959
0.565924, 0.565947, 0.540953, 0.545959
0.565924, 0.565947, 0.540953, 0.545959
0.565924, 0.565947, 0.540953, 0.545959
0.565924, 0.565947, 0.540953, 0.545959
0.565924, 0.565947, 0.540953, 0.545959
0.565924, 0.565947, 0.540953, 0.545959
0.565924, 0.565947, 0.540953, 0.545959
0.565924, 0.565947, 0.540953, 0.545959
0.565924, 0.565947, 0.540953, 0.545959
0.565924, 0.565947, 0.540953, 0.545959
0.565924, 0.565947, 0.540953, 0.545959
0.565924, 0.565947, 0.540953, 0.545959
0.565924, 0.565947, 0.540953, 0.545959
0.565924, 0.565947, 0.540953, 0.545959
0.565924, 0.565947, 0.540953, 0.545959
0.565924, 0.565947, 0.540953, 0.545959
0.565924, 0.565947, 0.540953, 0.545959
0.565924, 0.565947, 0.540953, 0.545959
0.565924, 0.565947, 0.540953, 0.545959
0.565924, 0.565947, 0.540953, 0.545959
0.565924, 0.565947, 0.540953, 0.545959
0.565924, 0.565947, 0.540953, 0.545959
0.565924, 0.565947, 0.540953, 0.545959
0.565924, 0.565947, 0.540953, 0.545959
0.565924, 0.565947, 0.540953, 0.545959
0.565924, 0.565947, 0.540953, 0.545959
0.565924, 0.565947, 0.540953, 0.545959
0.565924, 0.565947, 0.540953, 0.545959
0.565924, 0.565947, 0.540953, 0.545959
0.565924, 0.565947, 0.540953, 0.545959
0.565924, 0.565947, 0.540953, 0.545959
0.565924, 0.565947, 0.540953, 0.545959
0.565924, 0.565947, 0.540953, 0.545959
0.565924, 0.565947, 0.540953, 0.545959
0.565924, 0.565947, 0.540953, 0.545959
0.565924, 0.565947, 0.540953, 0.545959
0.565924, 0.565947, 0.540953, 0.545959
0.565924, 0.565947, 0.540953, 0.545959
0.565924, 0.565947, 0.540953, 0.545959
0.565924, 0.565947, 0.540953, 0.545959
0.565924, 0.565947, 0.540953, 0.545959
0.565924, 0.565947, 0.540953, 0.545959
0.565924, 0.565947, 0.540953, 0.545959
0.565924, 0.565947, 0.540953, 0.545959
0.565924, 0.565947, 0.540953, 0.545959
0.565924, 0.565947, 0.540953, 0.545959
0.565924, 0.565947, 0.540953, 0.545959
0.565924, 0.565947, 0.540953, 0.545959
0.565924, 0.565947, 0.540953, 0.545959
0.565924, 0.565947, 0.540953, 0.545959
0.565924, 0.565947, 0.540953, 0.545959
0.565924, 0.565947, 0.540953, 0.545959
0.565924, 0.565947, 0.540953, 0.545959
0.565924, 0.565947, 0.540953, 0.545959
0.565924, 0.565947, 0.540953, 0.545959
0.565924, 0.565947, 0.540953, 0.545959
0.698705, 0.700016, 0.685205, 0.692173
0.675479, 0.676497, 0.658363, 0.66489
0.661472, 0.661592, 0.642373, 0.648423
0.63285, 0.633742, 0.611844, 0.616695
0.601, 0.601737, 0.57639, 0.581552
0.633939, 0.634378, 0.610933, 0.616246
0.647472, 0.64772, 0.62557, 0.630804
0.634041, 0.635377, 0.61226, 0.61665
0.607984, 0.609021, 0.584728, 0.589173
0.598242, 0.599059, 0.574853, 0.579496
0.597054, 0.598344, 0.573498, 0.577671
0.596987, 0.598278, 0.573433, 0.577606
0.596984, 0.598238, 0.57345, 0.577661
0.596984, 0.598237, 0.57345, 0.577663
0.596984, 0.598237, 0.57345, 0.577663
0.596984, 0.598237, 0.57345, 0.577663
0.596984, 0.598237, 0.57345, 0.577663
0.596984, 0.598237, 0.57345, 0.577663
0.596984, 0.598237, 0.57345, 0.577663
0.596984, 0.598237, 0.57345, 0.577663
0.596984, 0.598237, 0.57345, 0.577663
0.596984, 0.598237, 0.57345, 0.577663
0.596984, 0.598237, 0.57345, 0.577663
0.596984, 0.598237, 0.57345, 0.577663
0.596984, 0.598237, 0.57345, 0.577663
0.596984, 0.598237, 0.57345, 0.577663
0.596984, 0.598237, 0.57345, 0.577663
0.596984, 0.598237, 0.57345, 0.577663
0.596984, 0.598237, 0.57345, 0.577663
0.596984, 0.598237, 0.57345, 0.577663
0.596984, 0.598237, 0.57345, 0.577663
0.596984, 0.598237, 0.57345, 0.577663
0.596984, 0.598237, 0.57345, 0.577663
0.596984, 0.598237, 0.57345, 0.577663
0.596984, 0.598237, 0.57345, 0.577663
0.596984, 0.598237, 0.57345, 0.577663
0.596984, 0.598237, 0.57345, 0.577663
0.596984, 0.598237, 0.57345, 0.577663
0.596984, 0.598237, 0.57345, 0.577663
0.596984, 0.598237, 0.57345, 0.577663
0.596984, 0.598237, 0.57345, 0.577663
0.596984, 0.598237, 0.57345, 0.577663
0.596984, 0.598237, 0.57345, 0.577663
0.596984, 0.598237, 0.57345, 0.577663
0.596984, 0.598237, 0.57345, 0.577663
0.596984, 0.598237, 0.57345, 0.577663
0.596984, 0.598237, 0.57345, 0.577663
0.596984, 0.598237, 0.57345, 0.577663
0.596984, 0.598237, 0.57345, 0.577663
0.596984, 0.598237, 0.57345, 0.577663
0.596984, 0.598237, 0.57345, 0.577663
0.596984, 0.598237, 0.57345, 0.577663
0.596984, 0.598237, 0.57345, 0.577663
0.596984, 0.598237, 0.57345, 0.577663
0.596984, 0.598237, 0.57345, 0.577663
0.596984, 0.598237, 0.57345, 0.577663
0.596984, 0.598237, 0.57345, 0.577663
0.596984, 0.598237, 0.57345, 0.577663
0.596984, 0.598237, 0.57345, 0.577663
0.596984, 0.598237, 0.57345, 0.577663
0.596984, 0.598237, 0.57345, 0.577663
0.596984, 0.598237, 0.57345, 0.577663
0.596984, 0.598237, 0.57345, 0.577663
0.596984, 0.598237, 0.57345, 0.577663
0.596984, 0.598237, 0.57345, 0.577663
0.596984, 0.598237, 0.57345, 0.577663
0.596984, 0.598237, 0.57345, 0.577663
0.596984, 0.598237, 0.57345, 0.577663
0.596984, 0.598237, 0.57345, 0.577663
0.596984, 0.598237, 0.57345, 0.577663
0.596984, 0.598237, 0.57345, 0.577663
0.596984, 0.598237, 0.57345, 0.577663
0.596984, 0.598237, 0.57345, 0.577663
0.596984, 0.598237, 0.57345, 0.577663
0.596984, 0.598237, 0.57345, 0.577663
0.596984, 0.598237, 0.57345, 0.577663
0.596984, 0.598237, 0.57345, 0.577663
0.596984, 0.598237, 0.57345, 0.577663
0.596984, 0.598237, 0.57345, 0.577663
0.596984, 0.598237, 0.57345, 0.577663
0.596984, 0.598237, 0.57345, 0.577663
0.596984, 0.598237, 0.57345, 0.577663
0.596984, 0.598237, 0.57345, 0.577663
0.596984, 0.598237, 0.57345, 0.577663
0.596984, 0.598237, 0.57345, 0.577663
0.596984, 0.59721, 0.575272, 0.580745
0.596984, 0.59721, 0.575277, 0.58075
0.596984, 0.597215, 0.574991, 0.580423
0.596984, 0.597392, 0.575103, 0.580281
0.596984, 0.597391, 0.575104, 0.580283
0.596984, 0.59742, 0.574898, 0.580025
0.596984, 0.597439, 0.574697, 0.57978
0.596984, 0.597202, 0.575565, 0.581081
0.596984, 0.597202, 0.575566, 0.581082
0.596984, 0.597202, 0.575582, 0.5811
0.596984, 0.597203, 0.575551, 0.581065
0.596984, 0.597203, 0.575551, 0.581065
0.596984, 0.597203, 0.575547, 0.58106
0.596984, 0.597203, 0.575547, 0.58106
0.596984, 0.597164, 0.573433, 0.578634
0.596984, 0.597213, 0.57293, 0.578063
0.596984, 0.597212, 0.572911, 0.578041
0.596984, 0.597222, 0.574199, 0.579516
0.596984, 0.597222, 0.574156, 0.579466
0.596984, 0.597222, 0.574152, 0.579462
0.596984, 0.597222, 0.574083, 0.579383
0.596984, 0.597222, 0.574202, 0.579519
0.596984, 0.597221, 0.574333, 0.579669
0.596984, 0.597221, 0.574506, 0.579867
0.596984, 0.597221, 0.574508, 0.579869
0.596984, 0.597199, 0.57566, 0.58119
0.596984, 0.597196, 0.575737, 0.581277
0.596984, 0.597196, 0.575736, 0.581277
0.596984, 0.597196, 0.575733, 0.581273
0.596984, 0.597198, 0.575673, 0.581204
0.596984, 0.597198, 0.575673, 0.581204
0.596984, 0.597201, 0.575603, 0.581124
0.596984, 0.597197, 0.575702, 0.581237
0.596984, 0.597194, 0.575779, 0.581326
0.596984, 0.597194, 0.57578, 0.581327
0.596984, 0.597195, 0.575773, 0.581318
0.596984, 0.597645, 0.575021, 0.579973
0.596984, 0.597645, 0.575022, 0.579975
0.596984, 0.597645, 0.575022, 0.579975
0.596984, 0.59761, 0.575101, 0.580094
0.596984, 0.597603, 0.575116, 0.580117
0.596984, 0.597603, 0.575116, 0.580117
0.596984, 0.597599, 0.575125, 0.580131
0.596984, 0.597219, 0.573529, 0.578749
0.596984, 0.597219, 0.573529, 0.578749
0.596984, 0.597201, 0.5756, 0.58112
0.596984, 0.5972, 0.575617, 0.581141
0.596984, 0.5972, 0.575617, 0.58114
0.596984, 0.597198, 0.575679, 0.581211
0.596984, 0.597198, 0.575679, 0.581211
0.596984, 0.597198, 0.575692, 0.581226
0.596984, 0.5972, 0.575631, 0.581156
0.596984, 0.597201, 0.575591, 0.58111
0.596984, 0.597201, 0.575602, 0.581123
0.596984, 0.597201, 0.575602, 0.581123
0.596984, 0.597202, 0.575573, 0.58109
0.596984, 0.597204, 0.575504, 0.581011
0.596984, 0.597204, 0.575504, 0.581011
0.596984, 0.597205, 0.575477, 0.58098
0.596984, 0.597207, 0.575405, 0.580897
0.596984, 0.597207, 0.575405, 0.580898
0.596984, 0.597208, 0.57538, 0.580869
0.596984, 0.597206, 0.575456, 0.580955
0.596984, 0.597206, 0.575456, 0.580956
0.596984, 0.597207, 0.575409, 0.580901
0.596984, 0.597207, 0.575414, 0.580907
0.596984, 0.597206, 0.575442, 0.58094
0.596984, 0.597204, 0.575494, 0.581
0.596984, 0.597204, 0.575495, 0.581
0.596984, 0.597206, 0.575449, 0.580947
0.596984, 0.597209, 0.575343, 0.580826
0.596984, 0.59721, 0.575268, 0.58074
0.596984, 0.59721, 0.575268, 0.58074
0.596984, 0.59721, 0.575268, 0.58074
0.596984, 0.597211, 0.575225, 0.580691
0.596984, 0.597211, 0.575225, 0.580691
0.596984, 0.597211, 0.575225, 0.580691
0.596984, 0.597211, 0.575238, 0.580706
0.596984, 0.597211, 0.575258, 0.580729
0.596984, 0.597209, 0.575341, 0.580824
0.596984, 0.597207, 0.575398, 0.580889
0.596984, 0.597207, 0.575398, 0.58089
0.596984, 0.597206, 0.575438, 0.580935
0.596984, 0.597206, 0.575436, 0.580933
0.596984, 0.597206, 0.575436, 0.580933
0.596984, 0.597208, 0.57538, 0.580868
0.596984, 0.597208, 0.575365, 0.580852
0.596984, 0.597209, 0.575317, 0.580796
0.596984, 0.597733, 0.575599, 0.581169
0.596984, 0.59774, 0.575599, 0.581171
0.596984, 0.597707, 0.575597, 0.581165
0.596984, 0.597709, 0.575598, 0.581165
0.596984, 0.597817, 0.575598, 0.581177
0.596984, 0.597816, 0.575598, 0.581177
0.596984, 0.597855, 0.575595, 0.581176
0.596984, 0.597904, 0.575587, 0.581172
0.596984, 0.59779, 0.5756, 0.581176
0.596984, 0.597783, 0.5756, 0.581175
0.596984, 0.597718, 0.575598, 0.581167
0.596984, 0.597685, 0.575595, 0.581161
0.596984, 0.597916, 0.575584, 0.58117
0.596984, 0.597926, 0.575582, 0.581169
0.596984, 0.597208, 0.575381, 0.58087
0.596984, 0.597208, 0.575351, 0.580835
0.596984, 0.597208, 0.575377, 0.580865
0.596984, 0.597208, 0.575377, 0.580865
0.596984, 0.597075, 0.575115, 0.580532
0.596984, 0.597208, 0.575369, 0.580856
0.596984, 0.597208, 0.57537, 0.580857
0.596984, 0.59722, 0.57455, 0.579918
0.596984, 0.597221, 0.574385, 0.579729
0.596984, 0.597207, 0.575414, 0.580907
0.596984, 0.597206, 0.575439, 0.580936
0.596984, 0.597206, 0.575439, 0.580936
0.596984, 0.597206, 0.575444, 0.580941
0.596984, 0.597206, 0.575444, 0.580941
0.596984, 0.597207, 0.575407, 0.580899
0.596984, 0.597207, 0.575407, 0.580899
0.596984, 0.597206, 0.575444, 0.580942
0.596984, 0.597206, 0.575447, 0.580945
0.596984, 0.597206, 0.575447, 0.580945
0.596984, 0.597205, 0.57549, 0.580995
0.596984, 0.597202, 0.575558, 0.581073
0.596984, 0.596995, 0.574105, 0.579388
0.596984, 0.596995, 0.574104, 0.579386
0.596984, 0.597106, 0.574044, 0.579328
0.596984, 0.597105, 0.574044, 0.579328
0.596984, 0.597205, 0.57405, 0.579343
0.596984, 0.597222, 0.574094, 0.579395
0.596984, 0.597222, 0.574094, 0.579395
0.596984, 0.597222, 0.574156, 0.579467
0.596984, 0.597222, 0.574134, 0.579442
0.596984, 0.597222, 0.5742, 0.579517
0.596984, 0.597222, 0.5742, 0.579517
0.596984, 0.597221, 0.574293, 0.579624
0.596984, 0.597191, 0.575858, 0.581417
0.596984, 0.597191, 0.575859, 0.581417
0.596984, 0.59719, 0.575867, 0.581426
0.596984, 0.597191, 0.575863, 0.581422
0.596984, 0.597191, 0.575863, 0.581422
0.596984, 0.597191, 0.575852, 0.581409
0.596984, 0.59719, 0.575866, 0.581426
0.596984, 0.59719, 0.575866, 0.581426
0.596984, 0.59719, 0.575871, 0.581431
0.596984, 0.597533, 0.576759, 0.582492
0.596984, 0.597533, 0.576759, 0.582492
0.596984, 0.597221, 0.574335, 0.579671
0.596984, 0.597222, 0.574269, 0.579596
0.596984, 0.597222, 0.57412, 0.579425
0.596984, 0.597222, 0.574123, 0.579429
0.596984, 0.597222, 0.574123, 0.579429
0.596984, 0.597222, 0.574262, 0.579588
0.596984, 0.597221, 0.574387, 0.579731
0.596984, 0.597202, 0.575564, 0.58108
0.596984, 0.597202, 0.575567, 0.581083
0.596984, 0.5972, 0.575631, 0.581157
0.596984, 0.5972, 0.575632, 0.581157
0.596984, 0.597175, 0.575638, 0.581162
0.596984, 0.59716, 0.57575, 0.581289
0.596984, 0.597039, 0.574787, 0.580161
0.596984, 0.597039, 0.574808, 0.580185
0.596984, 0.597039, 0.574808, 0.580185
0.596984, 0.597009, 0.574915, 0.580311
0.596984, 0.596989, 0.57494, 0.580343
0.596984, 0.597008, 0.574953, 0.58036
0.596984, 0.597018, 0.57493, 0.580334
0.596984, 0.597041, 0.574948, 0.580358
0.596984, 0.597041, 0.574948, 0.580358
0.596984, 0.59707, 0.574937, 0.580348
0.596984, 0.597093, 0.574872, 0.580275
0.596984, 0.597126, 0.574914, 0.580326
0.596984, 0.597126, 0.574914, 0.580327
0.596984, 0.59718, 0.575004, 0.580434
0.596984, 0.597217, 0.574877, 0.580292
0.596984, 0.597217, 0.574876, 0.580291
0.596984, 0.597218, 0.574784, 0.580186
0.596984, 0.597219, 0.57468, 0.580067
0.596984, 0.597221, 0.574316, 0.579649
0.596984, 0.597221, 0.574355, 0.579695
0.596984, 0.597221, 0.574356, 0.579695
0.596984, 0.597221, 0.574303, 0.579635
0.596984, 0.597222, 0.574111, 0.579415
0.596984, 0.597221, 0.574515, 0.579878
0.596984, 0.597221, 0.574376, 0.579719
0.596984, 0.597221, 0.574376, 0.579718
0.596984, 0.597383, 0.57496, 0.580126
0.596984, 0.597354, 0.574929, 0.580115
0.596984, 0.597353, 0.574928, 0.580115
0.596984, 0.59722, 0.574643, 0.580024
0.596984, 0.59722, 0.574646, 0.580028
0.596984, 0.59722, 0.574646, 0.580028
0.596984, 0.597221, 0.574382, 0.579726
0.596984, 0.597221, 0.574329, 0.579665
0.596984, 0.59721, 0.575622, 0.581021
0.596984, 0.597209, 0.575622, 0.581021
0.596984, 0.597222, 0.574195, 0.579512
0.596984, 0.597222, 0.574195, 0.579512
0.596984, 0.597222, 0.574205, 0.579522
0.596984, 0.597303, 0.574946, 0.580176
0.596984, 0.597303, 0.574945, 0.580176
0.596984, 0.597319, 0.575001, 0.580226
0.596984, 0.597318, 0.575, 0.580225
0.596984, 0.597329, 0.575067, 0.580293
0.596984, 0.597329, 0.575068, 0.580294
0.596984, 0.597334, 0.575102, 0.580328
0.596984, 0.597337, 0.575119, 0.580345
0.596984, 0.597352, 0.575077, 0.580284
0.596984, 0.597352, 0.575077, 0.580285
0.596984, 0.597218, 0.574813, 0.580219
0.596984, 0.597218, 0.574813, 0.580219
0.596984, 0.597217, 0.574848, 0.580259
0.596984, 0.597218, 0.574822, 0.580229
0.596984, 0.597218, 0.57482, 0.580227
0.596984, 0.597217, 0.574891, 0.580308
0.596984, 0.597216, 0.574926, 0.580349
0.596984, 0.597216, 0.574926, 0.580349
0.596984, 0.597211, 0.575227, 0.580693
0.596984, 0.59721, 0.575286, 0.580761
0.596984, 0.59721, 0.575286, 0.580761
0.596984, 0.597208, 0.575383, 0.580872
0.596984, 0.597205, 0.575471, 0.580972
0.566516, 0.566516, 0.541581, 0.546613
0.567466, 0.567497, 0.542562, 0.54758
0.570331, 0.570344, 0.545361, 0.55035
0.575861, 0.575886, 0.550872, 0.55589
0.582399, 0.582534, 0.557747, 0.562791
0.586975, 0.587125, 0.562408, 0.5675
0.589207, 0.589389, 0.564637, 0.569758
0.599782, 0.600087, 0.575487, 0.580636
0.580495, 0.580722, 0.555949, 0.561065
0.56849, 0.568498, 0.543491, 0.548571
0.580953, 0.581058, 0.556333, 0.561507
0.575821, 0.575936, 0.551212, 0.556434
0.566473, 0.566483, 0.541527, 0.54654
0.566462, 0.566478, 0.54151, 0.546515
0.566462, 0.566478, 0.54151, 0.546515
0.566462, 0.566472, 0.541516, 0.546529
0.566462, 0.566477, 0.541512, 0.546518
0.566462, 0.566477, 0.541512, 0.546518
0.566462, 0.566477, 0.541512, 0.546519
0.566462, 0.566477, 0.541512, 0.546519
0.566462, 0.566477, 0.541513, 0.54652
0.566462, 0.566477, 0.541513, 0.54652
0.566462, 0.566477, 0.541513, 0.54652
0.566462, 0.566477, 0.541513, 0.54652
0.566462, 0.566477, 0.541513, 0.546519
0.566462, 0.566477, 0.541512, 0.546519
0.566462, 0.566477, 0.541512, 0.546519
0.566462, 0.566478, 0.54151, 0.546515
0.566462, 0.566478, 0.54151, 0.546515
0.566462, 0.566477, 0.541511, 0.546517
0.566462, 0.566477, 0.541513, 0.54652
0.566462, 0.566477, 0.541513, 0.54652
0.566462, 0.566477, 0.541513, 0.54652
0.566462, 0.566477, 0.541511, 0.546517
0.566462, 0.566477, 0.541512, 0.546518
0.566462, 0.566477, 0.541512, 0.546518
0.566462, 0.566477, 0.541512, 0.546519
0.566462, 0.566477, 0.541511, 0.546517
0.566462, 0.566477, 0.541511, 0.546517
0.566462, 0.566477, 0.541513, 0.54652
0.566462, 0.566477, 0.541513, 0.54652
0.566462, 0.566477, 0.541513, 0.546519
0.566462, 0.566477, 0.541511, 0.546517
0.566462, 0.566477, 0.541512, 0.546519
0.566462, 0.566477, 0.541512, 0.546519
0.566462, 0.566477, 0.541514, 0.546522
0.566462, 0.566476, 0.541515, 0.546523
0.566462, 0.566476, 0.541515, 0.546523
0.566462, 0.566476, 0.541515, 0.546523
0.566462, 0.566476, 0.541515, 0.546523
0.566462, 0.566475, 0.541516, 0.546526
0.566462, 0.566475, 0.541516, 0.546526
0.566462, 0.566475, 0.541516, 0.546527
0.566462, 0.566475, 0.541517, 0.546528
0.566462, 0.566475, 0.541517, 0.546528
0.566462, 0.566475, 0.541517, 0.546528
0.566462, 0.566474, 0.541518, 0.546529
0.566462, 0.566473, 0.541518, 0.546531
0.566462, 0.566473, 0.541518, 0.546531
0.566462, 0.566473, 0.541518, 0.546531
0.566462, 0.566473, 0.541518, 0.546531
0.566462, 0.566473, 0.541518, 0.546531
0.566462, 0.566473, 0.541518, 0.546531
0.566462, 0.566472, 0.541518, 0.546532
0.566462, 0.566472, 0.541515, 0.546529
0.566462, 0.566471, 0.541514, 0.546528
0.566462, 0.566471, 0.541514, 0.546528
0.566462, 0.566471, 0.541513, 0.546528
0.566462, 0.566472, 0.541515, 0.546529
0.566462, 0.566472, 0.541515, 0.546529
0.566462, 0.566471, 0.541514, 0.546528
0.566462, 0.566471, 0.541514, 0.546528
0.566462, 0.566471, 0.541513, 0.546527
0.566462, 0.56647, 0.541512, 0.546527
0.566462, 0.56647, 0.541512, 0.546527
0.566462, 0.56647, 0.541511, 0.546526
0.566462, 0.56647, 0.541511, 0.546526
0.566462, 0.56647, 0.541511, 0.546526
0.566462, 0.56647, 0.541512, 0.546526
0.566462, 0.56647, 0.541511, 0.546526
0.566462, 0.56647, 0.541512, 0.546526
0.566462, 0.56647, 0.541512, 0.546526
0.566462, 0.56647, 0.541512, 0.546527
0.566462, 0.56647, 0.541512, 0.546527
0.566462, 0.56647, 0.541512, 0.546527
0.566462, 0.56647, 0.541512, 0.546527
0.566462, 0.56647, 0.541489, 0.5465
0.566462, 0.56647, 0.541488, 0.5465
0.566462, 0.56647, 0.541488, 0.5465
0.566462, 0.56647, 0.541489, 0.5465
0.566462, 0.566472, 0.541507, 0.546519
0.566462, 0.566472, 0.541507, 0.54652
0.566462, 0.566472, 0.541507, 0.54652
0.566462, 0.566472, 0.541507, 0.54652
0.566462, 0.56647, 0.541511, 0.546526
0.566462, 0.566469, 0.541516, 0.546532
0.566462, 0.566469, 0.541516, 0.546532
0.566462, 0.56647, 0.541521, 0.546537
0.566462, 0.56647, 0.541524, 0.54654
0.566462, 0.56647, 0.541524, 0.54654
0.566462, 0.56647, 0.541521, 0.546537
0.566462, 0.56647, 0.541521, 0.546537
0.566452, 0.566456, 0.541479, 0.546488
0.56566, 0.565671, 0.540668, 0.545663
0.568106, 0.568141, 0.543185, 0.548186
0.574297, 0.574389, 0.549609, 0.554698
0.576488, 0.576603, 0.551711, 0.556785
0.579131, 0.579223, 0.554364, 0.559447
0.581403, 0.58156, 0.556723, 0.561781
0.583983, 0.584121, 0.559238, 0.564352
0.587671, 0.587869, 0.56313, 0.568212
0.589905, 0.5901, 0.565342, 0.570455
0.59219, 0.592504, 0.56791, 0.57309
0.589182, 0.589469, 0.564884, 0.570027
0.588721, 0.588952, 0.564323, 0.569445
0.585236, 0.585398, 0.560573, 0.565682
0.582377, 0.582514, 0.557729, 0.56284
0.578762, 0.578926, 0.554128, 0.559207
0.571372, 0.571552, 0.546793, 0.551872
0.566911, 0.566913, 0.541952, 0.546942
0.567177, 0.567228, 0.542289, 0.547318
0.566351, 0.566369, 0.5415, 0.546528
0.566479, 0.566483, 0.5415, 0.546508
0.566479, 0.566484, 0.5415, 0.546508
0.566479, 0.566484, 0.5415, 0.546508
0.566479, 0.566484, 0.5415, 0.546508
0.566479, 0.566484, 0.5415, 0.546508
0.565688, 0.565691, 0.540723, 0.545703
0.566901, 0.566933, 0.541918, 0.546926
0.56715, 0.56719, 0.542307, 0.547337
0.568404, 0.568461, 0.543533, 0.548566
0.566102, 0.566116, 0.541143, 0.546139
0.566188, 0.566212, 0.541206, 0.54621
0.566221, 0.566251, 0.541235, 0.546245
0.56587, 0.565886, 0.540881, 0.545902
0.565566, 0.565568, 0.540588, 0.545592
0.565565, 0.565567, 0.540588, 0.545592
0.565565, 0.565567, 0.54059, 0.545593
0.565565, 0.565567, 0.540588, 0.545591
0.565565, 0.565567, 0.540587, 0.54559
0.565565, 0.565567, 0.540586, 0.545589
0.565565, 0.565567, 0.540589, 0.545593
0.565565, 0.565567, 0.540589, 0.545593
0.565565, 0.565567, 0.540583, 0.545585
0.565565, 0.565567, 0.540583, 0.545585
0.565565, 0.565567, 0.540583, 0.545585
0.565565, 0.565567, 0.540583, 0.545585
0.565565, 0.565567, 0.540583, 0.545585
0.565565, 0.565567, 0.540582, 0.545584
0.565565, 0.565567, 0.540582, 0.545584
0.565565, 0.565567, 0.540582, 0.545583
0.565565, 0.565567, 0.540582, 0.545583
0.565565, 0.565567, 0.540582, 0.545583
0.565565, 0.565567, 0.540582, 0.545583
0.565565, 0.565567, 0.540582, 0.545583
0.565565, 0.565567, 0.540582, 0.545583
0.565565, 0.565567, 0.540582, 0.545583
0.565565, 0.565567, 0.540582, 0.545583
0.565565, 0.565567, 0.540582, 0.545583
0.565565, 0.565567, 0.540582, 0.545583
0.565565, 0.565567, 0.540582, 0.545583
0.565565, 0.565567, 0.540582, 0.545583
0.565565, 0.565567, 0.540582, 0.545583
0.565565, 0.565567, 0.540582, 0.545583
0.565565, 0.565567, 0.540582, 0.545583
0.565565, 0.565567, 0.540582, 0.545583
0.565565, 0.565567, 0.540582, 0.545583
0.565565, 0.565567, 0.540582, 0.545583
0.565565, 0.565567, 0.540582, 0.545583
0.565565, 0.565567, 0.540582, 0.545583
0.565565, 0.565567, 0.540582, 0.545583
0.565565, 0.565567, 0.540582, 0.545583
0.565565, 0.565567, 0.540582, 0.545583
0.565565, 0.565567, 0.540582, 0.545583
0.565565, 0.565567, 0.540582, 0.545583
0.565565, 0.565567, 0.540582, 0.545583
0.565565, 0.565567, 0.540582, 0.545583
0.565565, 0.565567, 0.540582, 0.545583
0.565565, 0.565567, 0.540582, 0.545583
0.565565, 0.565567, 0.540582, 0.545583
0.565565, 0.565567, 0.540582, 0.545583
0.565565, 0.565567, 0.540582, 0.545583
0.565565, 0.565567, 0.540582, 0.545583
0.565565, 0.565567, 0.540582, 0.545583
0.565565, 0.565567, 0.540582, 0.545583
0.565565, 0.565567, 0.540582, 0.545583
0.565565, 0.565567, 0.540582, 0.545583
0.565565, 0.565567, 0.540582, 0.545583
0.565565, 0.565567, 0.540582, 0.545583
0.565565, 0.565567, 0.540582, 0.545583
0.565565, 0.565567, 0.540582, 0.545583
0.565565, 0.565567, 0.540582, 0.545583
0.565565, 0.565567, 0.540582, 0.545583
0.565565, 0.565567, 0.540582, 0.545583
0.565565, 0.565567, 0.540582, 0.545583
0.565565, 0.565567, 0.540582, 0.545583
0.565565, 0.565567, 0.540582, 0.545583
0.565565, 0.565567, 0.540582, 0.545583
0.565565, 0.565567, 0.540582, 0.545583
0.565565, 0.565567, 0.540582, 0.545583
0.565565, 0.565567, 0.540582, 0.545583
0.565565, 0.565567, 0.540582, 0.545583
0.565565, 0.565567, 0.540582, 0.545583
0.565565, 0.565567, 0.540582, 0.545583
0.565565, 0.565567, 0.540582, 0.545583
0.565565, 0.565567, 0.540582, 0.545583
0.565565, 0.565567, 0.540582, 0.545583
0.565565, 0.565567, 0.540582, 0.545583
0.565565, 0.565567, 0.540582, 0.545583
0.565565, 0.565567, 0.540582, 0.545583
0.565565, 0.565567, 0.540582, 0.545583
0.565565, 0.565567, 0.540582, 0.545583
0.565565, 0.565567, 0.540582, 0.545583
0.565565, 0.565567, 0.540582, 0.545583
0.565565, 0.565567, 0.540582, 0.545583
0.565565, 0.565567, 0.540582, 0.545583
0.565565, 0.565567, 0.540582, 0.545583
0.565565, 0.565567, 0.540582, 0.545583
0.565565, 0.565567, 0.540582, 0.545583
0.565565, 0.565567, 0.540582, 0.545583
0.565565, 0.565567, 0.540582, 0.545583
0.565565, 0.565567, 0.540582, 0.545583
0.565565, 0.565567, 0.540582, 0.545583
0.565565, 0.565567, 0.540582, 0.545583
0.565565, 0.565567, 0.540582, 0.545583
0.565565, 0.565567, 0.540582, 0.545583
0.565565, 0.565567, 0.540582, 0.545583
0.565565, 0.565567, 0.540582, 0.545583
0.565565, 0.565567, 0.540582, 0.545583
0.565565, 0.565567, 0.540582, 0.545583
0.565565, 0.565567, 0.540582, 0.545583
0.565565, 0.565567, 0.540582, 0.545583
0.565565, 0.565567, 0.540582, 0.545583
0.565565, 0.565567, 0.540582, 0.545583
0.565565, 0.565567, 0.540582, 0.545583
0.565565, 0.565567, 0.540582, 0.545583
0.565565, 0.565567, 0.540582, 0.545583
0.565565, 0.565567, 0.540582, 0.545583
0.565565, 0.565567, 0.540582, 0.545583
0.565565, 0.565567, 0.540582, 0.545583
0.565565, 0.565567, 0.540582, 0.545583
0.565565, 0.565567, 0.540582, 0.545583
0.565565, 0.565567, 0.540582, 0.545583
0.565565, 0.565567, 0.540582, 0.545583
0.565565, 0.565567, 0.540582, 0.545583
0.565565, 0.565567, 0.540582, 0.545583
0.565565, 0.565567, 0.540582, 0.545583
0.565565, 0.565567, 0.540582, 0.545583
0.565565, 0.565567, 0.540582, 0.545583
0.565565, 0.565567, 0.540582, 0.545583
0.565565, 0.565567, 0.540582, 0.545583
0.565565, 0.565567, 0.540582, 0.545583
0.565565, 0.565567, 0.540582, 0.545583
0.565565, 0.565567, 0.540582, 0.545583
0.565565, 0.565567, 0.540582, 0.545583
0.565565, 0.565567, 0.540582, 0.545583
0.565565, 0.565567, 0.540582, 0.545583
0.565565, 0.565567, 0.540582, 0.545583
0.565565, 0.565567, 0.540582, 0.545583
0.565565, 0.565567, 0.540582, 0.545583
0.565565, 0.565567, 0.540582, 0.545583
0.565565, 0.565567, 0.540582, 0.545583
0.565565, 0.565567, 0.540582, 0.545583
0.565565, 0.565567, 0.540582, 0.545583
0.565565, 0.565567, 0.540582, 0.545583
0.707316, 0.708421, 0.693903, 0.701036
0.697446, 0.698563, 0.681904, 0.688844
0.671706, 0.672052, 0.653534, 0.659531
0.634027, 0.63525, 0.612381, 0.616928
0.613133, 0.613782, 0.589094, 0.594412
0.64021, 0.640578, 0.618104, 0.623591
0.65505, 0.656033, 0.633967, 0.63871
0.634657, 0.63659, 0.612891, 0.616821
0.60879, 0.609994, 0.585674, 0.59004
0.602635, 0.603829, 0.579497, 0.583867
0.602006, 0.603781, 0.578683, 0.582485
0.60197, 0.603702, 0.578671, 0.582516
0.601968, 0.603699, 0.578669, 0.582517
0.601968, 0.603699, 0.578669, 0.582516
0.601968, 0.603699, 0.578669, 0.582516
0.601968, 0.603699, 0.578669, 0.582516
0.601968, 0.603699, 0.578669, 0.582516
0.601968, 0.603699, 0.578669, 0.582516
0.601968, 0.603699, 0.578669, 0.582516
0.601968, 0.603699, 0.578669, 0.582516
0.601968, 0.603699, 0.578669, 0.582516
0.601968, 0.603699, 0.578669, 0.582516
0.601968, 0.603699, 0.578669, 0.582516
0.601968, 0.603699, 0.578669, 0.582516
0.601968, 0.603699, 0.578669, 0.582516
0.601968, 0.603699, 0.578669, 0.582516
0.601968, 0.603699, 0.578669, 0.582516
0.601968, 0.603699, 0.578669, 0.582516
0.601968, 0.603699, 0.578669, 0.582516
0.601968, 0.603699, 0.578669, 0.582516
0.601968, 0.603699, 0.578669, 0.582516
0.601968, 0.603699, 0.578669, 0.582516
0.601968, 0.603699, 0.578669, 0.582516
0.601968, 0.603699, 0.578669, 0.582516
0.601968, 0.603699, 0.578669, 0.582516
0.601968, 0.603699, 0.578669, 0.582516
0.601968, 0.603699, 0.578669, 0.582516
0.601968, 0.603699, 0.578669, 0.582516
0.601968, 0.603699, 0.578669, 0.582516
0.601968, 0.603699, 0.578669, 0.582516
0.601968, 0.603699, 0.578669, 0.582516
0.601968, 0.603699, 0.578669, 0.582516
0.601968, 0.603699, 0.578669, 0.582516
0.601968, 0.603699, 0.578669, 0.582516
0.601968, 0.603699, 0.578669, 0.582516
0.601968, 0.603699, 0.578669, 0.582516
0.601968, 0.603699, 0.578669, 0.582516
0.601968, 0.603699, 0.578669, 0.582516
0.601968, 0.603699, 0.578669, 0.582516
0.601968, 0.603699, 0.578669, 0.582516
0.601968, 0.603699, 0.578669, 0.582516
0.601968, 0.603699, 0.578669, 0.582516
0.601968, 0.603699, 0.578669, 0.582516
0.601968, 0.603699, 0.578669, 0.582516
0.601968, 0.603699, 0.578669, 0.582516
0.601968, 0.603699, 0.578669, 0.582516
0.601968, 0.603699, 0.578669, 0.582516
0.601968, 0.603699, 0.578669, 0.582516
0.601968, 0.603699, 0.578669, 0.582516
0.601968, 0.603699, 0.578669, 0.582516
0.601968, 0.603699, 0.578669, 0.582516
0.601968, 0.603699, 0.578669, 0.582516
0.601968, 0.603699, 0.578669, 0.582516
0.601968, 0.603699, 0.578669, 0.582516
0.601968, 0.603699, 0.578669, 0.582516
0.601968, 0.603699, 0.578669, 0.582516
0.601968, 0.603699, 0.578669, 0.582516
0.601968, 0.603699, 0.578669, 0.582516
0.601968, 0.603699, 0.578669, 0.582516
0.601968, 0.603699, 0.578669, 0.582516
0.601968, 0.603699, 0.578669, 0.582516
0.601968, 0.603699, 0.578669, 0.582516
0.601968, 0.603699, 0.578669, 0.582516
0.601968, 0.603699, 0.578669, 0.582516
0.601968, 0.603699, 0.578669, 0.582516
0.601968, 0.603699, 0.578669, 0.582516
0.601968, 0.603699, 0.578669, 0.582516
0.601968, 0.603699, 0.578669, 0.582516
0.601968, 0.603699, 0.578669, 0.582516
0.601968, 0.602087, 0.580476, 0.585978
0.601968, 0.602101, 0.580118, 0.585563
0.601968, 0.602599, 0.580347, 0.585411
0.601968, 0.602599, 0.580348, 0.585412
0.601968, 0.602636, 0.580091, 0.585086
0.601968, 0.602658, 0.579852, 0.584791
0.601968, 0.602659, 0.579849, 0.584787
0.601968, 0.602096, 0.580869, 0.586437
0.601968, 0.602096, 0.580889, 0.58646
0.601968, 0.602096, 0.58085, 0.586414
0.601968, 0.602096, 0.580844, 0.586407
0.601968, 0.602096, 0.580844, 0.586407
0.601968, 0.602107, 0.579749, 0.585136
0.601968, 0.602107, 0.579763, 0.585152
0.601968, 0.602104, 0.577566, 0.58261
0.601968, 0.602109, 0.579205, 0.584506
0.601968, 0.602109, 0.579162, 0.584456
0.601968, 0.602109, 0.579157, 0.584451
0.601968, 0.602109, 0.579075, 0.584355
0.601968, 0.602109, 0.57922, 0.584523
0.601968, 0.602108, 0.579375, 0.584702
0.601968, 0.602108, 0.579379, 0.584707
0.601968, 0.602108, 0.579377, 0.584705
0.601968, 0.602108, 0.579586, 0.584947
0.601968, 0.602094, 0.580985, 0.586572
0.601968, 0.602092, 0.581082, 0.586684
0.601968, 0.602092, 0.581082, 0.586684
0.601968, 0.602092, 0.581079, 0.58668
0.601968, 0.602094, 0.581001, 0.586589
0.601968, 0.602095, 0.580911, 0.586485
0.601968, 0.602095, 0.58091, 0.586484
0.601968, 0.602093, 0.581036, 0.58663
0.601968, 0.602091, 0.581136, 0.586747
0.601968, 0.602091, 0.581126, 0.586736
0.601968, 0.602092, 0.581099, 0.586704
0.601968, 0.602092, 0.581099, 0.586704
0.601968, 0.602092, 0.581099, 0.586704
0.601968, 0.602863, 0.580393, 0.585253
0.601968, 0.602863, 0.580394, 0.585254
0.601968, 0.602854, 0.580411, 0.585281
0.601968, 0.602849, 0.580422, 0.585297
0.601968, 0.602849, 0.580422, 0.585298
0.601968, 0.602108, 0.57842, 0.583597
0.601968, 0.602095, 0.580899, 0.586471
0.601968, 0.602095, 0.580898, 0.58647
0.601968, 0.602095, 0.58092, 0.586496
0.601968, 0.602094, 0.580998, 0.586587
0.601968, 0.602093, 0.581014, 0.586605
0.601968, 0.602093, 0.581014, 0.586605
0.601968, 0.602095, 0.580935, 0.586513
0.601968, 0.602096, 0.580883, 0.586453
0.601968, 0.602095, 0.580898, 0.586471
0.601968, 0.602096, 0.580863, 0.586429
0.601968, 0.602096, 0.580863, 0.586429
0.601968, 0.602097, 0.580777, 0.58633
0.601968, 0.602098, 0.580745, 0.586292
0.601968, 0.602098, 0.580745, 0.586292
0.601968, 0.602099, 0.580658, 0.586191
0.601968, 0.602099, 0.580629, 0.586158
0.601968, 0.602099, 0.580629, 0.586157
0.601968, 0.602098, 0.580725, 0.586269
0.601968, 0.602099, 0.580667, 0.586201
0.601968, 0.602099, 0.580674, 0.58621
0.601968, 0.602098, 0.58071, 0.586252
0.601968, 0.602097, 0.580776, 0.586329
0.601968, 0.602097, 0.580777, 0.586329
0.601968, 0.602098, 0.58072, 0.586263
0.601968, 0.6021, 0.580587, 0.586109
0.601968, 0.602101, 0.580495, 0.586001
0.601968, 0.602101, 0.580496, 0.586003
0.601968, 0.602102, 0.580444, 0.585942
0.601968, 0.602102, 0.580444, 0.585942
0.601968, 0.602102, 0.580444, 0.585942
0.601968, 0.602101, 0.58046, 0.585961
0.601968, 0.602101, 0.580485, 0.58599
0.601968, 0.6021, 0.580587, 0.586109
0.601968, 0.6021, 0.580588, 0.586109
0.601968, 0.602099, 0.580658, 0.586191
0.601968, 0.602098, 0.580707, 0.586248
0.601968, 0.602098, 0.580705, 0.586246
0.601968, 0.602099, 0.580635, 0.586164
0.601968, 0.602099, 0.580634, 0.586163
0.601968, 0.6021, 0.580616, 0.586143
0.601968, 0.6021, 0.580557, 0.586073
0.601968, 0.602758, 0.580975, 0.586619
0.601968, 0.602776, 0.580979, 0.586625
0.601968, 0.602733, 0.58097, 0.586611
0.601968, 0.602868, 0.580993, 0.586651
0.601968, 0.602876, 0.580994, 0.586652
0.601968, 0.602931, 0.580999, 0.586663
0.601968, 0.602997, 0.581001, 0.586672
0.601968, 0.602841, 0.58099, 0.586644
0.601968, 0.602833, 0.580988, 0.586642
0.601968, 0.602749, 0.580974, 0.586617
0.601968, 0.602699, 0.580962, 0.586598
0.601968, 0.603011, 0.581, 0.586673
0.601968, 0.602099, 0.580637, 0.586166
0.601968, 0.602099, 0.580637, 0.586166
0.601968, 0.6021, 0.580599, 0.586123
0.601968, 0.602099, 0.580631, 0.58616
0.601968, 0.602148, 0.581119, 0.586732
0.601968, 0.602145, 0.580377, 0.585805
0.601968, 0.602099, 0.580622, 0.586149
0.601968, 0.602107, 0.579719, 0.585102
0.601968, 0.602109, 0.579351, 0.584675
0.601968, 0.602099, 0.580676, 0.586212
0.601968, 0.602098, 0.580708, 0.586249
0.601968, 0.602098, 0.580713, 0.586255
0.601968, 0.602098, 0.580713, 0.586255
0.601968, 0.602099, 0.580667, 0.586201
0.601968, 0.602099, 0.580667, 0.586201
0.601968, 0.602098, 0.580713, 0.586255
0.601968, 0.602098, 0.580716, 0.586258
0.601968, 0.602098, 0.580716, 0.586258
0.601968, 0.602097, 0.580769, 0.58632
0.601968, 0.602096, 0.580851, 0.586416
0.601968, 0.602058, 0.579077, 0.584333
0.601968, 0.602058, 0.579078, 0.584335
0.601968, 0.601972, 0.57902, 0.584279
0.601968, 0.6021, 0.57904, 0.584314
0.601968, 0.602109, 0.579089, 0.584372
0.601968, 0.602109, 0.579089, 0.584372
0.601968, 0.602109, 0.579164, 0.584458
0.601968, 0.602109, 0.579165, 0.584459
0.601968, 0.602109, 0.579138, 0.584428
0.601968, 0.602109, 0.579138, 0.584428
0.601968, 0.602109, 0.579216, 0.584519
0.601968, 0.602109, 0.579329, 0.584649
0.601968, 0.602089, 0.581231, 0.586858
0.601968, 0.602089, 0.581242, 0.58687
0.601968, 0.602089, 0.581242, 0.586871
0.601968, 0.602089, 0.581236, 0.586864
0.601968, 0.602089, 0.581221, 0.586846
0.601968, 0.602089, 0.581221, 0.586846
0.601968, 0.602089, 0.58124, 0.586868
0.601968, 0.602089, 0.581245, 0.586874
0.601968, 0.602088, 0.581255, 0.586886
0.601968, 0.602088, 0.581255, 0.586886
0.601968, 0.602108, 0.579376, 0.584704
0.601968, 0.602108, 0.579377, 0.584705
0.601968, 0.602109, 0.579299, 0.584614
0.601968, 0.602109, 0.579299, 0.584614
0.601968, 0.602109, 0.579121, 0.584409
0.601968, 0.602109, 0.579125, 0.584413
0.601968, 0.602109, 0.579291, 0.584606
0.601968, 0.602108, 0.579439, 0.584777
0.601968, 0.602096, 0.580859, 0.586424
0.601968, 0.602096, 0.580858, 0.586423
0.601968, 0.602096, 0.580864, 0.586431
0.601968, 0.602095, 0.580946, 0.586526
0.601968, 0.602095, 0.580946, 0.586526
0.601968, 0.602059, 0.580952, 0.58653
0.601968, 0.602038, 0.581092, 0.586692
0.601968, 0.602089, 0.581224, 0.586849
0.601968, 0.602149, 0.579938, 0.585293
0.601968, 0.602149, 0.579938, 0.585293
0.601968, 0.602113, 0.580048, 0.585449
0.601968, 0.602089, 0.580076, 0.585488
0.601968, 0.602066, 0.580091, 0.585509
0.601968, 0.602058, 0.580064, 0.585478
0.601968, 0.602058, 0.580064, 0.585478
0.601968, 0.602038, 0.580088, 0.585509
0.601968, 0.602012, 0.58008, 0.585503
0.601968, 0.60199, 0.580006, 0.585419
0.601968, 0.60199, 0.580006, 0.585419
0.601968, 0.601981, 0.580062, 0.585488
0.601968, 0.602052, 0.580178, 0.585629
0.601968, 0.602052, 0.580177, 0.585628
0.601968, 0.602105, 0.580028, 0.585459
0.601968, 0.602106, 0.579917, 0.58533
0.601968, 0.602107, 0.579793, 0.585187
0.601968, 0.602107, 0.579793, 0.585187
0.601968, 0.602109, 0.579353, 0.584676
0.601968, 0.602108, 0.579403, 0.584735
0.601968, 0.602109, 0.579286, 0.5846
0.601968, 0.602109, 0.579287, 0.5846
0.601968, 0.602109, 0.579054, 0.58433
0.601968, 0.602108, 0.579548, 0.584903
0.601968, 0.602108, 0.579426, 0.584762
0.601968, 0.602108, 0.579425, 0.584761
0.601968, 0.602588, 0.580167, 0.585211
0.601968, 0.602552, 0.580128, 0.585194
0.601968, 0.602551, 0.580127, 0.585194
0.601968, 0.602107, 0.57972, 0.585102
0.601968, 0.602107, 0.579713, 0.585095
0.601968, 0.602107, 0.579713, 0.585095
0.601968, 0.602108, 0.579432, 0.584768
0.601968, 0.602108, 0.579371, 0.584698
0.601968, 0.602108, 0.579371, 0.584697
0.601968, 0.602108, 0.579498, 0.584846
0.601968, 0.602108, 0.579498, 0.584846
0.601968, 0.602109, 0.579166, 0.58446
0.601968, 0.602109, 0.579176, 0.584472
0.601968, 0.602109, 0.579176, 0.584472
0.601968, 0.602488, 0.580146, 0.585266
0.601968, 0.602508, 0.580213, 0.585328
0.601968, 0.602508, 0.580214, 0.585329
0.601968, 0.602521, 0.580301, 0.585419
0.601968, 0.602527, 0.580341, 0.585461
0.601968, 0.602531, 0.580363, 0.585483
0.601968, 0.602531, 0.580362, 0.585483
0.601968, 0.60255, 0.580312, 0.585409
0.601968, 0.602106, 0.579921, 0.585335
0.601968, 0.602106, 0.579963, 0.585384
0.601968, 0.602106, 0.579963, 0.585384
0.601968, 0.602106, 0.57996, 0.585381
0.601968, 0.602105, 0.580015, 0.585445
0.601968, 0.602105, 0.580058, 0.585494
0.601968, 0.602102, 0.580446, 0.585944
0.601968, 0.602102, 0.580445, 0.585944
0.601968, 0.602101, 0.580518, 0.586029
0.601968, 0.602099, 0.580639, 0.586169
0.601968, 0.602098, 0.580747, 0.586295
0.601968, 0.602098, 0.580748, 0.586295
0.566837, 0.566869, 0.541871, 0.546889
0.569302, 0.569303, 0.544339, 0.54935
0.576267, 0.57632, 0.551358, 0.556401
0.587987, 0.58815, 0.563568, 0.56867
0.592852, 0.593106, 0.568559, 0.573683
0.598846, 0.599209, 0.574669, 0.579803
0.586249, 0.586486, 0.561778, 0.566913
0.572845, 0.572908, 0.547903, 0.552917
0.58087, 0.581009, 0.556394, 0.561618
0.575888, 0.576103, 0.551518, 0.556734
0.568199, 0.568309, 0.543468, 0.548473
0.568279, 0.56833, 0.543449, 0.548465
0.568279, 0.56833, 0.543448, 0.548465
0.568279, 0.568387, 0.543547, 0.548553
0.568279, 0.56834, 0.543466, 0.548481
0.568279, 0.568339, 0.543464, 0.548479
0.568279, 0.568339, 0.543463, 0.548479
0.568279, 0.56834, 0.543467, 0.548481
0.568279, 0.568343, 0.543472, 0.548486
0.568279, 0.568343, 0.543472, 0.548486
0.568279, 0.568343, 0.543472, 0.548486
0.568279, 0.568344, 0.543472, 0.548487
0.568279, 0.568342, 0.54347, 0.548485
0.568279, 0.568342, 0.543469, 0.548484
0.568279, 0.568342, 0.543469, 0.548484
0.568279, 0.56833, 0.543449, 0.548465
0.568279, 0.568337, 0.54346, 0.548476
0.568279, 0.568337, 0.543461, 0.548476
0.568279, 0.568343, 0.543471, 0.548485
0.568279, 0.568344, 0.543472, 0.548486
0.568279, 0.568337, 0.543461, 0.548476
0.568279, 0.568339, 0.543464, 0.54848
0.568279, 0.568339, 0.543464, 0.54848
0.568279, 0.568341, 0.543468, 0.548483
0.568279, 0.568336, 0.543459, 0.548475
0.568279, 0.568335, 0.543458, 0.548474
0.568279, 0.568344, 0.543473, 0.548487
0.568279, 0.568344, 0.543473, 0.548488
0.568279, 0.568342, 0.54347, 0.548485
0.568279, 0.568342, 0.54347, 0.548485
0.568279, 0.568334, 0.543456, 0.548472
0.568279, 0.568342, 0.543469, 0.548484
0.568279, 0.56835, 0.543484, 0.548497
0.568279, 0.568354, 0.543489, 0.548502
0.568279, 0.568354, 0.543489, 0.548502
0.568279, 0.568354, 0.54349, 0.548502
0.568279, 0.568364, 0.543505, 0.548516
0.568279, 0.568364, 0.543505, 0.548516
0.568279, 0.568365, 0.543507, 0.548517
0.568279, 0.568371, 0.543517, 0.548526
0.568279, 0.568372, 0.543517, 0.548526
0.568279, 0.568372, 0.543517, 0.548526
0.568279, 0.568376, 0.543523, 0.548531
0.568279, 0.568382, 0.543532, 0.548538
0.568279, 0.568385, 0.543536, 0.548541
0.568279, 0.568386, 0.543537, 0.548542
0.568279, 0.568384, 0.543534, 0.54854
0.568279, 0.568384, 0.543534, 0.54854
0.568279, 0.56839, 0.543543, 0.548546
0.568279, 0.568392, 0.543554, 0.548559
0.568279, 0.568392, 0.543555, 0.548559
0.568279, 0.568394, 0.543559, 0.548564
0.568279, 0.568394, 0.54356, 0.548565
0.568279, 0.568394, 0.54356, 0.548565
0.568279, 0.568392, 0.543555, 0.54856
0.568279, 0.568394, 0.543559, 0.548563
0.568279, 0.568394, 0.543559, 0.548564
0.568279, 0.568396, 0.543564, 0.548568
0.568279, 0.568397, 0.543567, 0.54857
0.568279, 0.568398, 0.543568, 0.548571
0.568279, 0.568398, 0.543568, 0.548571
0.568279, 0.568398, 0.543568, 0.548571
0.568279, 0.568398, 0.543568, 0.548571
0.568279, 0.568398, 0.543568, 0.548571
0.568279, 0.568398, 0.543568, 0.548571
0.568279, 0.568398, 0.543568, 0.548571
0.568279, 0.568398, 0.543567, 0.548571
0.568279, 0.568399, 0.543569, 0.548573
0.568279, 0.568399, 0.543569, 0.548573
0.568279, 0.568398, 0.543567, 0.548571
0.568279, 0.568397, 0.543567, 0.54857
0.568279, 0.568397, 0.543567, 0.54857
0.568279, 0.568397, 0.543566, 0.548569
0.568279, 0.568382, 0.543591, 0.548605
0.568279, 0.568382, 0.543592, 0.548606
0.568279, 0.568382, 0.543592, 0.548606
0.568279, 0.568382, 0.543592, 0.548606
0.568279, 0.568387, 0.543568, 0.548577
0.568279, 0.568388, 0.543571, 0.548579
0.568279, 0.568388, 0.54357, 0.548579
0.568279, 0.568392, 0.543578, 0.548586
0.568279, 0.568398, 0.543569, 0.548572
0.568279, 0.568402, 0.543556, 0.548555
0.568279, 0.5684, 0.543538, 0.548538
0.568279, 0.5684, 0.543538, 0.548538
0.568279, 0.568399, 0.543529, 0.54853
0.568279, 0.5684, 0.543539, 0.548538
0.568279, 0.5684, 0.543538, 0.548537
0.566767, 0.566793, 0.541823, 0.546845
0.567561, 0.567608, 0.542654, 0.547654
0.574241, 0.574301, 0.54938, 0.55444
0.581589, 0.581728, 0.556834, 0.561931
0.590488, 0.590744, 0.566046, 0.571209
0.598104, 0.598401, 0.573833, 0.57901
0.603064, 0.603471, 0.579091, 0.584328
0.606453, 0.60692, 0.582611, 0.587946
0.605329, 0.605764, 0.581308, 0.586544
0.607712, 0.608154, 0.583903, 0.589164
0.605662, 0.606087, 0.581702, 0.587002
0.596462, 0.596768, 0.572158, 0.577323
0.59303, 0.593299, 0.568776, 0.57403
0.584517, 0.584777, 0.5601, 0.565265
0.578407, 0.578531, 0.553741, 0.558842
0.567596, 0.5676, 0.542646, 0.547649
0.56602, 0.566035, 0.541071, 0.546076
0.566234, 0.566254, 0.541278, 0.546285
0.566234, 0.566254, 0.541279, 0.546285
0.566234, 0.566254, 0.541279, 0.546285
0.566234, 0.566254, 0.541279, 0.546285
0.569241, 0.569319, 0.544476, 0.549576
0.567001, 0.567008, 0.542035, 0.547073
0.566199, 0.5662, 0.541229, 0.546233
0.565973, 0.565973, 0.541027, 0.546035
0.568141, 0.56819, 0.543174, 0.548188
0.57307, 0.573134, 0.548169, 0.553157
0.579366, 0.579463, 0.554547, 0.559527
0.580317, 0.5804, 0.555552, 0.560554
0.588211, 0.589462, 0.564166, 0.568617
0.590835, 0.592065, 0.566834, 0.570891
0.568506, 0.568546, 0.543621, 0.548627
0.572335, 0.572396, 0.54749, 0.552597
0.579305, 0.579379, 0.554395, 0.559386
0.575791, 0.576154, 0.550998, 0.556053
0.570717, 0.570942, 0.545862, 0.550887
0.570731, 0.57095, 0.545875, 0.550898
0.570731, 0.57093, 0.545869, 0.550888
0.570731, 0.570959, 0.545877, 0.550903
0.570731, 0.570969, 0.545879, 0.550907
0.570731, 0.57097, 0.54588, 0.550908
0.570731, 0.570941, 0.545872, 0.550894
0.570731, 0.570935, 0.54587, 0.550891
0.570731, 0.570936, 0.545871, 0.550891
0.570731, 0.570991, 0.545886, 0.550915
0.570731, 0.57099, 0.545886, 0.550915
0.570731, 0.57099, 0.545886, 0.550915
0.570731, 0.57099, 0.545886, 0.550915
0.570731, 0.570991, 0.545886, 0.550912
0.570731, 0.570991, 0.545886, 0.550912
0.570731, 0.570994, 0.545887, 0.550914
0.570731, 0.570996, 0.545888, 0.550908
0.570731, 0.570996, 0.545888, 0.550908
0.570731, 0.570996, 0.545888, 0.550908
0.570731, 0.570996, 0.545888, 0.550908
0.570731, 0.570996, 0.545888, 0.550908
0.570731, 0.570996, 0.545888, 0.550908
0.570731, 0.570996, 0.545888, 0.550908
0.570731, 0.570996, 0.545888, 0.550908
0.570731, 0.570996, 0.545888, 0.550908
0.570731, 0.570996, 0.545888, 0.550908
0.570731, 0.570996, 0.545888, 0.550908
0.570731, 0.570996, 0.545888, 0.550908
0.570731, 0.570996, 0.545888, 0.550908
0.570731, 0.570996, 0.545888, 0.550908
0.570731, 0.570996, 0.545888, 0.550908
0.570731, 0.570996, 0.545888, 0.550908
0.570731, 0.570996, 0.545888, 0.550908
0.570731, 0.570996, 0.545888, 0.550908
0.570731, 0.570996, 0.545888, 0.550908
0.570731, 0.570996, 0.545888, 0.550908
0.570731, 0.570996, 0.545888, 0.550908
0.570731, 0.570996, 0.545888, 0.550908
0.570731, 0.570996, 0.545888, 0.550908
0.570731, 0.570996, 0.545888, 0.550908
0.570731, 0.570996, 0.545888, 0.550908
0.570731, 0.570996, 0.545888, 0.550908
0.570731, 0.570996, 0.545888, 0.550908
0.570731, 0.570996, 0.545888, 0.550908
0.570731, 0.570996, 0.545888, 0.550908
0.570731, 0.570996, 0.545888, 0.550908
0.570731, 0.570996, 0.545888, 0.550908
0.570731, 0.570996, 0.545888, 0.550908
0.570731, 0.570996, 0.545888, 0.550908
0.570731, 0.570996, 0.545888, 0.550908
0.570731, 0.570996, 0.545888, 0.550908
0.570731, 0.570996, 0.545888, 0.550908
0.570731, 0.570996, 0.545888, 0.550908
0.570731, 0.570996, 0.545888, 0.550908
0.570731, 0.570996, 0.545888, 0.550908
0.570731, 0.570996, 0.545888, 0.550908
0.570731, 0.570996, 0.545888, 0.550908
0.570731, 0.570996, 0.545888, 0.550908
0.570731, 0.570996, 0.545888, 0.550908
0.570731, 0.570996, 0.545888, 0.550908
0.570731, 0.570996, 0.545888, 0.550908
0.570731, 0.570996, 0.545888, 0.550908
0.570731, 0.570996, 0.545888, 0.550908
0.570731, 0.570996, 0.545888, 0.550908
0.570731, 0.570996, 0.545888, 0.550908
0.570731, 0.570996, 0.545888, 0.550908
0.570731, 0.570996, 0.545888, 0.550908
0.570731, 0.570996, 0.545888, 0.550908
0.570731, 0.570996, 0.545888, 0.550908
0.570731, 0.570996, 0.545888, 0.550908
0.570731, 0.570996, 0.545888, 0.550908
0.570731, 0.570996, 0.545888, 0.550908
0.570731, 0.570996, 0.545888, 0.550908
0.570731, 0.570996, 0.545888, 0.550908
0.570731, 0.570996, 0.545888, 0.550908
0.570731, 0.570996, 0.545888, 0.550908
0.570731, 0.570996, 0.545888, 0.550908
0.570731, 0.570996, 0.545888, 0.550908
0.570731, 0.570996, 0.545888, 0.550908
0.570731, 0.570996, 0.545888, 0.550908
0.570731, 0.570996, 0.545888, 0.550908
0.570731, 0.570996, 0.545888, 0.550908
0.570731, 0.570996, 0.545888, 0.550908
0.570731, 0.570996, 0.545888, 0.550908
0.570731, 0.570996, 0.545888, 0.550908
0.570731, 0.570996, 0.545888, 0.550908
0.570731, 0.570996, 0.545888, 0.550908
0.570731, 0.570996, 0.545888, 0.550908
0.570731, 0.570996, 0.545888, 0.550908
0.570731, 0.570996, 0.545888, 0.550908
0.570731, 0.570996, 0.545888, 0.550908
0.570731, 0.570996, 0.545888, 0.550908
0.570731, 0.570996, 0.545888, 0.550908
0.570731, 0.570996, 0.545888, 0.550908
0.570731, 0.570996, 0.545888, 0.550908
0.570731, 0.570996, 0.545888, 0.550908
0.570731, 0.570996, 0.545888, 0.550908
0.570731, 0.570996, 0.545888, 0.550908
0.570731, 0.570996, 0.545888, 0.550908
0.570731, 0.570996, 0.545888, 0.550908
0.570731, 0.570996, 0.545888, 0.550908
0.570731, 0.570996, 0.545888, 0.550908
0.570731, 0.570996, 0.545888, 0.550908
0.570731, 0.570996, 0.545888, 0.550908
0.570731, 0.570996, 0.545888, 0.550908
0.570731, 0.570996, 0.545888, 0.550908
0.570731, 0.570996, 0.545888, 0.550908
0.570731, 0.570996, 0.545888, 0.550908
0.570731, 0.570996, 0.545888, 0.550908
0.570731, 0.570996, 0.545888, 0.550908
0.570731, 0.570996, 0.545888, 0.550908
0.570731, 0.570996, 0.545888, 0.550908
0.570731, 0.570996, 0.545888, 0.550908
0.570731, 0.570996, 0.545888, 0.550908
0.570731, 0.570996, 0.545888, 0.550908
0.570731, 0.570996, 0.545888, 0.550908
0.570731, 0.570996, 0.545888, 0.550908
0.570731, 0.570996, 0.545888, 0.550908
0.570731, 0.570996, 0.545888, 0.550908
0.570731, 0.570996, 0.545888, 0.550908
0.570731, 0.570996, 0.545888, 0.550908
0.570731, 0.570996, 0.545888, 0.550908
0.570731, 0.570996, 0.545888, 0.550908
0.570731, 0.570996, 0.545888, 0.550908
0.570731, 0.570996, 0.545888, 0.550908
0.570731, 0.570996, 0.545888, 0.550908
0.570731, 0.570996, 0.545888, 0.550908
0.570731, 0.570996, 0.545888, 0.550908
0.570731, 0.570996, 0.545888, 0.550908
0.570731, 0.570996, 0.545888, 0.550908
0.570731, 0.570996, 0.545888, 0.550908
0.570731, 0.570996, 0.545888, 0.550908
0.570731, 0.570996, 0.545888, 0.550908
0.570731, 0.570996, 0.545888, 0.550908
0.570731, 0.570996, 0.545888, 0.550908
0.570731, 0.570996, 0.545888, 0.550908
0.570731, 0.570996, 0.545888, 0.550908
0.570731, 0.570996, 0.545888, 0.550908
0.570731, 0.570996, 0.545888, 0.550908
0.697929, 0.699321, 0.683946, 0.690741
0.675878, 0.676971, 0.659004, 0.665319
0.653724, 0.653991, 0.634531, 0.640225
0.620605, 0.621499, 0.598662, 0.603419
0.608244, 0.608903, 0.584079, 0.589303
0.629536, 0.629713, 0.60671, 0.612021
0.644728, 0.645434, 0.623085, 0.627953
0.627174, 0.628029, 0.605021, 0.609783
0.603345, 0.604404, 0.579879, 0.584267
0.598238, 0.599833, 0.574668, 0.578541
0.597791, 0.599385, 0.574221, 0.578095
0.597768, 0.599319, 0.574213, 0.578131
0.597767, 0.599319, 0.574212, 0.578128
0.597767, 0.599319, 0.574211, 0.578128
0.597767, 0.599319, 0.574211, 0.578128
0.597767, 0.599319, 0.574211, 0.578128
0.597767, 0.599319, 0.574211, 0.578128
0.597767, 0.599319, 0.574211, 0.578128
0.597767, 0.599319, 0.574211, 0.578128
0.597767, 0.599319, 0.574211, 0.578128
0.597767, 0.599319, 0.574211, 0.578128
0.597767, 0.599319, 0.574211, 0.578128
0.597767, 0.599319, 0.574211, 0.578128
0.597767, 0.599319, 0.574211, 0.578128
0.597767, 0.599319, 0.574211, 0.578128
0.597767, 0.599319, 0.574211, 0.578128
0.597767, 0.599319, 0.574211, 0.578128
0.597767, 0.599319, 0.574211, 0.578128
0.597767, 0.599319, 0.574211, 0.578128
0.597767, 0.599319, 0.574211, 0.578128
0.597767, 0.599319, 0.574211, 0.578128
0.597767, 0.599319, 0.574211, 0.578128
0.597767, 0.599319, 0.574211, 0.578128
0.597767, 0.599319, 0.574211, 0.578128
0.597767, 0.599319, 0.574211, 0.578128
0.597767, 0.599319, 0.574211, 0.578128
0.597767, 0.599319, 0.574211, 0.578128
0.597767, 0.599319, 0.574211, 0.578128
0.597767, 0.599319, 0.574211, 0.578128
0.597767, 0.599319, 0.574211, 0.578128
0.597767, 0.599319, 0.574211, 0.578128
0.597767, 0.599319, 0.574211, 0.578128
0.597767, 0.599319, 0.574211, 0.578128
0.597767, 0.599319, 0.574211, 0.578128
0.597767, 0.599319, 0.574211, 0.578128
0.597767, 0.599319, 0.574211, 0.578128
0.597767, 0.599319, 0.574211, 0.578128
0.597767, 0.599319, 0.574211, 0.578128
0.597767, 0.599319, 0.574211, 0.578128
0.597767, 0.599319, 0.574211, 0.578128
0.597767, 0.599319, 0.574211, 0.578128
0.597767, 0.599319, 0.574211, 0.578128
0.597767, 0.599319, 0.574211, 0.578128
0.597767, 0.599319, 0.574211, 0.578128
0.597767, 0.599319, 0.574211, 0.578128
0.597767, 0.599319, 0.574211, 0.578128
0.597767, 0.599319, 0.574211, 0.578128
0.597767, 0.599319, 0.574211, 0.578128
0.597767, 0.599319, 0.574211, 0.578128
0.597767, 0.599319, 0.574211, 0.578128
0.597767, 0.599319, 0.574211, 0.578128
0.597767, 0.599319, 0.574211, 0.578128
0.597767, 0.599319, 0.574211, 0.578128
0.597767, 0.599319, 0.574211, 0.578128
0.597767, 0.599319, 0.574211, 0.578128
0.597767, 0.599319, 0.574211, 0.578128
0.597767, 0.599319, 0.574211, 0.578128
0.597767, 0.599319, 0.574211, 0.578128
0.597767, 0.599319, 0.574211, 0.578128
0.597767, 0.599319, 0.574211, 0.578128
0.597767, 0.599319, 0.574211, 0.578128
0.597767, 0.599319, 0.574211, 0.578128
0.597767, 0.599319, 0.574211, 0.578128
0.597767, 0.599319, 0.574211, 0.578128
0.597767, 0.599319, 0.574211, 0.578128
0.597767, 0.599319, 0.574211, 0.578128
0.597767, 0.599319, 0.574211, 0.578128
0.597767, 0.599319, 0.574211, 0.578128
0.597767, 0.599319, 0.574211, 0.578128
0.597767, 0.59794, 0.575541, 0.580951
0.597767, 0.597947, 0.575214, 0.580571
0.597767, 0.598308, 0.575499, 0.580506
0.597767, 0.598341, 0.575271, 0.580215
0.597767, 0.598342, 0.575268, 0.580211
0.597767, 0.598364, 0.575043, 0.579932
0.597767, 0.597931, 0.57587, 0.581333
0.597767, 0.59793, 0.575888, 0.581353
0.597767, 0.59793, 0.575888, 0.581353
0.597767, 0.597931, 0.575852, 0.581311
0.597767, 0.597931, 0.575847, 0.581305
0.597767, 0.597896, 0.573542, 0.578629
0.597767, 0.597898, 0.57354, 0.578626
0.597767, 0.597961, 0.573014, 0.577998
0.597767, 0.597959, 0.574342, 0.579561
0.597767, 0.597959, 0.574352, 0.579572
0.597767, 0.597959, 0.574299, 0.579511
0.597767, 0.59796, 0.574224, 0.579425
0.597767, 0.597959, 0.574357, 0.579579
0.597767, 0.597959, 0.574355, 0.579576
0.597767, 0.597958, 0.574495, 0.579738
0.597767, 0.597955, 0.574683, 0.579955
0.597767, 0.597927, 0.575979, 0.581459
0.597767, 0.597924, 0.57607, 0.581565
0.597767, 0.597924, 0.576071, 0.581566
0.597767, 0.597927, 0.575996, 0.581478
0.597767, 0.597927, 0.575995, 0.581478
0.597767, 0.597929, 0.575913, 0.581382
0.597767, 0.597925, 0.576029, 0.581517
0.597767, 0.597922, 0.576122, 0.581625
0.597767, 0.597922, 0.576123, 0.581626
0.597767, 0.597922, 0.576114, 0.581616
0.597767, 0.598596, 0.575599, 0.580384
0.597767, 0.598596, 0.575599, 0.580382
0.597767, 0.598596, 0.575598, 0.580382
0.597767, 0.598557, 0.575663, 0.580489
0.597767, 0.598549, 0.575675, 0.58051
0.597767, 0.598549, 0.575675, 0.58051
0.597767, 0.598544, 0.575683, 0.580523
0.597767, 0.597962, 0.573644, 0.578754
0.597767, 0.597929, 0.575909, 0.581378
0.597767, 0.59793, 0.575909, 0.581377
0.597767, 0.597929, 0.575929, 0.581401
0.597767, 0.597926, 0.576002, 0.581485
0.597767, 0.597926, 0.576018, 0.581504
0.597767, 0.597926, 0.576018, 0.581504
0.597767, 0.597928, 0.575945, 0.58142
0.597767, 0.59793, 0.575898, 0.581364
0.597767, 0.597929, 0.575912, 0.581381
0.597767, 0.59793, 0.575878, 0.581342
0.597767, 0.59793, 0.575878, 0.581341
0.597767, 0.59793, 0.575878, 0.581341
0.597767, 0.597933, 0.575797, 0.581247
0.597767, 0.597934, 0.575765, 0.581211
0.597767, 0.597934, 0.575765, 0.581211
0.597767, 0.597934, 0.575765, 0.581211
0.597767, 0.597936, 0.575683, 0.581115
0.597767, 0.597936, 0.575682, 0.581114
0.597767, 0.597937, 0.575653, 0.581081
0.597767, 0.597935, 0.575741, 0.581182
0.597767, 0.597935, 0.575741, 0.581183
0.597767, 0.597936, 0.575686, 0.581119
0.597767, 0.597936, 0.575692, 0.581126
0.597767, 0.597935, 0.575725, 0.581164
0.597767, 0.597933, 0.575786, 0.581234
0.597767, 0.597933, 0.575786, 0.581235
0.597767, 0.597935, 0.575733, 0.581173
0.597767, 0.597938, 0.575609, 0.58103
0.597767, 0.59794, 0.575524, 0.580931
0.597767, 0.59794, 0.575525, 0.580932
0.597767, 0.597941, 0.575477, 0.580876
0.597767, 0.597941, 0.575476, 0.580876
0.597767, 0.597941, 0.575476, 0.580876
0.597767, 0.597941, 0.575491, 0.580893
0.597767, 0.597941, 0.575514, 0.580919
0.597767, 0.597938, 0.575608, 0.581028
0.597767, 0.597938, 0.575609, 0.581029
0.597767, 0.597936, 0.575674, 0.581105
0.597767, 0.597935, 0.57572, 0.581158
0.597767, 0.597935, 0.575718, 0.581156
0.597767, 0.597937, 0.575653, 0.581081
0.597767, 0.597937, 0.575653, 0.58108
0.597767, 0.597937, 0.575636, 0.581061
0.597767, 0.597939, 0.575581, 0.580997
0.597767, 0.598567, 0.575967, 0.581513
0.597767, 0.598577, 0.575969, 0.581516
0.597767, 0.598536, 0.575959, 0.581501
0.597767, 0.598538, 0.57596, 0.581502
0.597767, 0.598667, 0.575985, 0.581545
0.597767, 0.598712, 0.575991, 0.581557
0.597767, 0.598771, 0.575995, 0.581569
0.597767, 0.598774, 0.575995, 0.58157
0.597767, 0.598621, 0.575978, 0.581532
0.597767, 0.598557, 0.575964, 0.581509
0.597767, 0.598553, 0.575963, 0.581508
0.597767, 0.598508, 0.575952, 0.581489
0.597767, 0.598812, 0.575997, 0.581576
0.597767, 0.597937, 0.575655, 0.581082
0.597767, 0.597938, 0.57562, 0.581043
0.597767, 0.597938, 0.57562, 0.581042
0.597767, 0.597937, 0.57565, 0.581077
0.597767, 0.597996, 0.576104, 0.581612
0.597767, 0.598079, 0.57527, 0.580429
0.597767, 0.597937, 0.575641, 0.581067
0.597767, 0.597938, 0.575634, 0.581059
0.597767, 0.597957, 0.574527, 0.579775
0.597767, 0.597936, 0.575692, 0.581126
0.597767, 0.597935, 0.575721, 0.581159
0.597767, 0.597935, 0.575727, 0.581166
0.597767, 0.597936, 0.575684, 0.581117
0.597767, 0.597935, 0.575727, 0.581167
0.597767, 0.597935, 0.575728, 0.581167
0.597767, 0.597935, 0.575731, 0.581171
0.597767, 0.597933, 0.575781, 0.581229
0.597767, 0.597931, 0.575859, 0.58132
0.597767, 0.597931, 0.57586, 0.58132
0.597767, 0.597819, 0.574236, 0.57941
0.597767, 0.597821, 0.574177, 0.579355
0.597767, 0.597822, 0.574176, 0.579355
0.597767, 0.597942, 0.57419, 0.579383
0.597767, 0.59796, 0.574238, 0.57944
0.597767, 0.597959, 0.574304, 0.579517
0.597767, 0.597959, 0.574305, 0.579518
0.597767, 0.597959, 0.574281, 0.57949
0.597767, 0.597959, 0.574351, 0.579572
0.597767, 0.597958, 0.574451, 0.579687
0.597767, 0.597958, 0.574452, 0.579688
0.597767, 0.597918, 0.576218, 0.581737
0.597767, 0.597918, 0.576218, 0.581736
0.597767, 0.597918, 0.576218, 0.581736
0.597767, 0.597918, 0.576228, 0.581748
0.597767, 0.597918, 0.576223, 0.581743
0.597767, 0.597918, 0.576223, 0.581743
0.597767, 0.597919, 0.576209, 0.581726
0.597767, 0.597918, 0.576227, 0.581747
0.597767, 0.597918, 0.576233, 0.581754
0.597767, 0.598358, 0.577598, 0.583407
0.597767, 0.598358, 0.577598, 0.583407
0.597767, 0.598358, 0.577598, 0.583407
0.597767, 0.597958, 0.574496, 0.579739
0.597767, 0.597958, 0.574425, 0.579657
0.597767, 0.59796, 0.574267, 0.579474
0.597767, 0.59796, 0.574269, 0.579476
0.597767, 0.597958, 0.574417, 0.579648
0.597767, 0.597958, 0.574418, 0.579649
0.597767, 0.597957, 0.574551, 0.579803
0.597767, 0.597931, 0.575866, 0.581328
0.597767, 0.597931, 0.57587, 0.581333
0.597767, 0.597928, 0.575946, 0.58142
0.597767, 0.597928, 0.575946, 0.581421
0.597767, 0.597898, 0.575954, 0.581426
0.597767, 0.597882, 0.576086, 0.581578
0.597767, 0.597895, 0.574998, 0.580266
0.597767, 0.597895, 0.574998, 0.580266
0.597767, 0.597895, 0.575022, 0.580293
0.597767, 0.597895, 0.575022, 0.580293
0.597767, 0.597859, 0.575125, 0.580435
0.597767, 0.597858, 0.575125, 0.580436
0.597767, 0.597835, 0.575153, 0.580471
0.597767, 0.597835, 0.575153, 0.580472
0.597767, 0.597812, 0.575167, 0.580492
0.597767, 0.597804, 0.575141, 0.580462
0.597767, 0.597785, 0.575161, 0.580489
0.597767, 0.597775, 0.57515, 0.580479
0.597767, 0.597775, 0.575149, 0.580479
0.597767, 0.597802, 0.575077, 0.580397
0.597767, 0.597841, 0.575124, 0.580456
0.597767, 0.597841, 0.575125, 0.580457
0.597767, 0.597905, 0.575225, 0.58058
0.597767, 0.597949, 0.575087, 0.580424
0.597767, 0.597949, 0.575085, 0.580422
0.597767, 0.597951, 0.574984, 0.580305
0.597767, 0.597953, 0.57487, 0.580173
0.597767, 0.597958, 0.574472, 0.579712
0.597767, 0.597957, 0.574518, 0.579764
0.597767, 0.597957, 0.574518, 0.579765
0.597767, 0.597958, 0.574461, 0.579699
0.597767, 0.59796, 0.574257, 0.579462
0.597767, 0.597955, 0.57469, 0.579965
0.597767, 0.597955, 0.57469, 0.579965
0.597767, 0.597957, 0.57454, 0.57979
0.597767, 0.598298, 0.575323, 0.580311
0.597767, 0.598298, 0.575325, 0.580312
0.597767, 0.598263, 0.575275, 0.580284
0.597767, 0.597954, 0.574831, 0.580127
0.597767, 0.597954, 0.574829, 0.580125
0.597767, 0.597953, 0.574833, 0.58013
0.597767, 0.597957, 0.574546, 0.579798
0.597767, 0.597958, 0.57449, 0.579732
0.597767, 0.597958, 0.57449, 0.579732
0.597767, 0.598094, 0.576059, 0.581331
0.597767, 0.598094, 0.576059, 0.581331
0.597767, 0.597959, 0.574346, 0.579566
0.597767, 0.597959, 0.574356, 0.579578
0.597767, 0.598205, 0.575278, 0.580335
0.597767, 0.598223, 0.575346, 0.580399
0.597767, 0.598223, 0.575347, 0.5804
0.597767, 0.598235, 0.575431, 0.580488
0.597767, 0.598241, 0.575473, 0.580531
0.597767, 0.598244, 0.575494, 0.580553
0.597767, 0.598262, 0.575451, 0.580489
0.597767, 0.598262, 0.575451, 0.580488
0.597767, 0.597951, 0.575017, 0.580342
0.597767, 0.59795, 0.575055, 0.580387
0.597767, 0.59795, 0.575055, 0.580387
0.597767, 0.597951, 0.575024, 0.580351
0.597767, 0.597949, 0.575103, 0.580442
0.597767, 0.597948, 0.575141, 0.580487
0.597767, 0.597948, 0.575142, 0.580487
0.597767, 0.597941, 0.575479, 0.580878
0.597767, 0.59794, 0.575547, 0.580957
0.597767, 0.597937, 0.575658, 0.581086
0.597767, 0.597937, 0.575657, 0.581085
0.56618, 0.56618, 0.541199, 0.546207
0.566394, 0.566411, 0.541409, 0.546465
0.570871, 0.570895, 0.545911, 0.550917
0.577684, 0.577765, 0.552927, 0.557992
0.585508, 0.585649, 0.560863, 0.565918
0.590668, 0.59087, 0.566197, 0.571301
0.595243, 0.595442, 0.570785, 0.575931
0.581236, 0.5814, 0.556524, 0.5616
0.569513, 0.56952, 0.544599, 0.54962
0.574603, 0.574708, 0.549918, 0.555032
0.573092, 0.573232, 0.548197, 0.553315
0.568506, 0.568597, 0.543864, 0.548927
0.568528, 0.568609, 0.543861, 0.548921
0.568528, 0.568657, 0.543971, 0.549044
0.568528, 0.568657, 0.543971, 0.549044
0.568528, 0.568595, 0.543827, 0.548882
0.568528, 0.568656, 0.543969, 0.549041
0.568528, 0.568656, 0.543969, 0.549041
0.568528, 0.568605, 0.543851, 0.54891
0.568528, 0.568606, 0.543855, 0.548914
0.568528, 0.56861, 0.543864, 0.548924
0.568528, 0.56861, 0.543864, 0.548924
0.568528, 0.56861, 0.543863, 0.548924
0.568528, 0.56861, 0.543864, 0.548925
0.568528, 0.568609, 0.543861, 0.548921
0.568528, 0.568609, 0.543861, 0.548921
0.568528, 0.568608, 0.543859, 0.548919
0.568528, 0.568595, 0.543827, 0.548883
0.568528, 0.568595, 0.543827, 0.548882
0.568528, 0.568603, 0.543846, 0.548903
0.568528, 0.568609, 0.543862, 0.548922
0.568528, 0.56861, 0.543864, 0.548924
0.568528, 0.56861, 0.543864, 0.548924
0.568528, 0.568603, 0.543846, 0.548904
0.568528, 0.568605, 0.543852, 0.548911
0.568528, 0.568605, 0.543852, 0.548911
0.568528, 0.568607, 0.543858, 0.548917
0.568528, 0.568602, 0.543844, 0.548902
0.568528, 0.568601, 0.543842, 0.548899
0.568528, 0.568611, 0.543865, 0.548926
0.568528, 0.568611, 0.543866, 0.548926
0.568528, 0.568609, 0.543861, 0.548921
0.568528, 0.5686, 0.543839, 0.548896
0.568528, 0.568608, 0.543859, 0.548919
0.568528, 0.568617, 0.543882, 0.548945
0.568528, 0.568621, 0.54389, 0.548954
0.568528, 0.568621, 0.54389, 0.548954
0.568528, 0.568621, 0.543891, 0.548955
0.568528, 0.568631, 0.543914, 0.54898
0.568528, 0.568631, 0.543914, 0.548981
0.568528, 0.568633, 0.543917, 0.548984
0.568528, 0.568639, 0.543932, 0.549
0.568528, 0.56864, 0.543932, 0.549001
0.568528, 0.56864, 0.543933, 0.549002
0.568528, 0.568644, 0.543941, 0.549011
0.568528, 0.568644, 0.543941, 0.549011
0.568528, 0.568651, 0.543954, 0.549026
0.568528, 0.568653, 0.543959, 0.549031
0.568528, 0.568655, 0.543962, 0.549033
0.568528, 0.568652, 0.543957, 0.549028
0.568528, 0.568652, 0.543957, 0.549028
0.568528, 0.568659, 0.543968, 0.549041
0.568528, 0.56866, 0.543978, 0.549051
0.568528, 0.568663, 0.543982, 0.549056
0.568528, 0.568663, 0.543983, 0.549056
0.568528, 0.568663, 0.543984, 0.549057
0.568528, 0.568663, 0.543984, 0.549057
0.568528, 0.568661, 0.543978, 0.549052
0.568528, 0.568663, 0.543983, 0.549056
0.568528, 0.568665, 0.543987, 0.549061
0.568528, 0.568665, 0.543987, 0.549061
0.568528, 0.568666, 0.543989, 0.549063
0.568528, 0.568666, 0.54399, 0.549064
0.568528, 0.568667, 0.54399, 0.549065
0.568528, 0.568667, 0.54399, 0.549065
0.568528, 0.568667, 0.543991, 0.549066
0.568528, 0.568667, 0.543991, 0.549066
0.568528, 0.568666, 0.54399, 0.549064
0.568528, 0.568666, 0.543989, 0.549064
0.568528, 0.568666, 0.543989, 0.549064
0.568528, 0.568665, 0.543988, 0.549062
0.568528, 0.568665, 0.543988, 0.549062
0.568528, 0.568665, 0.543988, 0.549062
0.568528, 0.568648, 0.543981, 0.549054
0.568528, 0.568649, 0.543982, 0.549055
0.568528, 0.568649, 0.543982, 0.549055
0.568528, 0.568655, 0.543981, 0.549055
0.568528, 0.568657, 0.543984, 0.549059
0.568528, 0.568657, 0.543984, 0.549059
0.568528, 0.56866, 0.543991, 0.549066
0.568528, 0.568667, 0.543991, 0.549065
0.568528, 0.56867, 0.543984, 0.549056
0.568528, 0.568669, 0.54397, 0.549041
0.568528, 0.568669, 0.54397, 0.549041
0.568528, 0.568668, 0.543962, 0.549032
0.568528, 0.568669, 0.54397, 0.549042
0.568528, 0.568669, 0.54397, 0.549041
0.567214, 0.56723, 0.542259, 0.547286
0.567824, 0.56784, 0.54287, 0.547837
0.570554, 0.570563, 0.545588, 0.550624
0.572869, 0.572884, 0.547892, 0.552956
0.580485, 0.580578, 0.555765, 0.560846
0.583522, 0.583691, 0.558833, 0.563945
0.587718, 0.587838, 0.56299, 0.568082
0.589483, 0.589625, 0.564896, 0.570028
0.592583, 0.592795, 0.568155, 0.573321
0.591578, 0.591844, 0.567195, 0.57237
0.589811, 0.59004, 0.565505, 0.57061
0.585421, 0.585643, 0.560985, 0.56619
0.581786, 0.581978, 0.557186, 0.562309
0.576672, 0.576783, 0.551974, 0.557081
0.571491, 0.571595, 0.546846, 0.551899
0.566658, 0.56666, 0.5417, 0.546703
0.566672, 0.566672, 0.541708, 0.546716
0.566865, 0.566895, 0.541905, 0.546915
0.566865, 0.566895, 0.541905, 0.546915
0.566865, 0.566895, 0.541905, 0.546915
0.566865, 0.566895, 0.541905, 0.546915
0.565916, 0.565927, 0.540932, 0.54595
0.567605, 0.567654, 0.542662, 0.547677
0.566373, 0.566392, 0.541406, 0.546414
0.56647, 0.566495, 0.541515, 0.546531
0.567576, 0.567832, 0.542767, 0.547729
0.575496, 0.575824, 0.550778, 0.555646
0.566873, 0.566928, 0.541919, 0.546917
0.568689, 0.568798, 0.543749, 0.548723
0.566564, 0.566624, 0.541601, 0.546608
0.565708, 0.565714, 0.540748, 0.545782
0.566379, 0.566405, 0.541438, 0.546444
0.56638, 0.566406, 0.541438, 0.546444
0.56638, 0.566406, 0.541438, 0.546444
0.56638, 0.566409, 0.541433, 0.54644
0.56638, 0.566409, 0.541431, 0.546438
0.56638, 0.566407, 0.541437, 0.546443
0.56638, 0.566407, 0.541437, 0.546444
0.56638, 0.566411, 0.541424, 0.546431
0.56638, 0.566411, 0.541424, 0.546431
0.56638, 0.566411, 0.541425, 0.546432
0.56638, 0.566411, 0.541425, 0.546432
0.56638, 0.566411, 0.541424, 0.546431
0.56638, 0.566411, 0.541422, 0.546429
0.56638, 0.566411, 0.541422, 0.546429
0.56638, 0.566411, 0.541422, 0.546429
0.56638, 0.566411, 0.54142, 0.546427
0.56638, 0.566411, 0.54142, 0.546427
0.56638, 0.566411, 0.54142, 0.546427
0.56638, 0.566411, 0.54142, 0.546427
0.56638, 0.566411, 0.54142, 0.546427
0.56638, 0.566411, 0.54142, 0.546427
0.56638, 0.566411, 0.54142, 0.546427
0.56638, 0.566411, 0.54142, 0.546427
0.56638, 0.566411, 0.54142, 0.546427
0.56638, 0.566411, 0.54142, 0.546427
0.56638, 0.566411, 0.54142, 0.546427
0.56638, 0.566411, 0.54142, 0.546427
0.56638, 0.566411, 0.54142, 0.546427
0.56638, 0.566411, 0.54142, 0.546427
0.56638, 0.566411, 0.54142, 0.546427
0.56638, 0.566411, 0.54142, 0.546427
0.56638, 0.566411, 0.54142, 0.546427
0.56638, 0.566411, 0.54142, 0.546427
0.56638, 0.566411, 0.54142, 0.546427
0.56638, 0.566411, 0.54142, 0.546427
0.56638, 0.566411, 0.54142, 0.546427
0.56638, 0.566411, 0.54142, 0.546427
0.56638, 0.566411, 0.54142, 0.546427
0.56638, 0.566411, 0.54142, 0.546427
0.56638, 0.566411, 0.54142, 0.546427
0.56638, 0.566411, 0.54142, 0.546427
0.56638, 0.566411, 0.54142, 0.546427
0.56638, 0.566411, 0.54142, 0.546427
0.56638, 0.566411, 0.54142, 0.546427
0.56638, 0.566411, 0.54142, 0.546427
0.56638, 0.566411, 0.54142, 0.546427
0.56638, 0.566411, 0.54142, 0.546427
0.56638, 0.566411, 0.54142, 0.546427
0.56638, 0.566411, 0.54142, 0.546427
0.56638, 0.566411, 0.54142, 0.546427
0.56638, 0.566411, 0.54142, 0.546427
0.56638, 0.566411, 0.54142, 0.546427
0.56638, 0.566411, 0.54142, 0.546427
0.56638, 0.566411, 0.54142, 0.546427
0.56638, 0.566411, 0.54142, 0.546427
0.56638, 0.566411, 0.54142, 0.546427
0.56638, 0.566411, 0.54142, 0.546427
0.56638, 0.566411, 0.54142, 0.546427
0.56638, 0.566411, 0.54142, 0.546427
0.56638, 0.566411, 0.54142, 0.546427
0.56638, 0.566411, 0.54142, 0.546427
0.56638, 0.566411, 0.54142, 0.546427
0.56638, 0.566411, 0.54142, 0.546427
0.56638, 0.566411, 0.54142, 0.546427
0.56638, 0.566411, 0.54142, 0.546427
0.56638, 0.566411, 0.54142, 0.546427
0.56638, 0.566411, 0.54142, 0.546427
0.56638, 0.566411, 0.54142, 0.546427
0.56638, 0.566411, 0.54142, 0.546427
0.56638, 0.566411, 0.54142, 0.546427
0.56638, 0.566411, 0.54142, 0.546427
0.56638, 0.566411, 0.54142, 0.546427
0.56638, 0.566411, 0.54142, 0.546427
0.56638, 0.566411, 0.54142, 0.546427
0.56638, 0.566411, 0.54142, 0.546427
0.56638, 0.566411, 0.54142, 0.546427
0.56638, 0.566411, 0.54142, 0.546427
0.56638, 0.566411, 0.54142, 0.546427
0.56638, 0.566411, 0.54142, 0.546427
0.56638, 0.566411, 0.54142, 0.546427
0.56638, 0.566411, 0.54142, 0.546427
0.56638, 0.566411, 0.54142, 0.546427
0.56638, 0.566411, 0.54142, 0.546427
0.56638, 0.566411, 0.54142, 0.546427
0.56638, 0.566411, 0.54142, 0.546427
0.56638, 0.566411, 0.54142, 0.546427
0.56638, 0.566411, 0.54142, 0.546427
0.56638, 0.566411, 0.54142, 0.546427
0.56638, 0.566411, 0.54142, 0.546427
0.56638, 0.566411, 0.54142, 0.546427
0.56638, 0.566411, 0.54142, 0.546427
0.56638, 0.566411, 0.54142, 0.546427
0.56638, 0.566411, 0.54142, 0.546427
0.56638, 0.566411, 0.54142, 0.546427
0.56638, 0.566411, 0.54142, 0.546427
0.56638, 0.566411, 0.54142, 0.546427
0.56638, 0.566411, 0.54142, 0.546427
0.56638, 0.566411, 0.54142, 0.546427
0.56638, 0.566411, 0.54142, 0.546427
0.56638, 0.566411, 0.54142, 0.546427
0.56638, 0.566411, 0.54142, 0.546427
0.56638, 0.566411, 0.54142, 0.546427
0.56638, 0.566411, 0.54142, 0.546427
0.56638, 0.566411, 0.54142, 0.546427
0.56638, 0.566411, 0.54142, 0.546427
0.56638, 0.566411, 0.54142, 0.546427
0.56638, 0.566411, 0.54142, 0.546427
0.56638, 0.566411, 0.54142, 0.546427
0.56638, 0.566411, 0.54142, 0.546427
0.56638, 0.566411, 0.54142, 0.546427
0.56638, 0.566411, 0.54142, 0.546427
0.56638, 0.566411, 0.54142, 0.546427
0.56638, 0.566411, 0.54142, 0.546427
0.56638, 0.566411, 0.54142, 0.546427
0.56638, 0.566411, 0.54142, 0.546427
0.56638, 0.566411, 0.54142, 0.546427
0.56638, 0.566411, 0.54142, 0.546427
0.56638, 0.566411, 0.54142, 0.546427
0.56638, 0.566411, 0.54142, 0.546427
0.56638, 0.566411, 0.54142, 0.546427
0.56638, 0.566411, 0.54142, 0.546427
0.56638, 0.566411, 0.54142, 0.546427
0.56638, 0.566411, 0.54142, 0.546427
0.56638, 0.566411, 0.54142, 0.546427
0.56638, 0.566411, 0.54142, 0.546427
0.56638, 0.566411, 0.54142, 0.546427
0.56638, 0.566411, 0.54142, 0.546427
0.56638, 0.566411, 0.54142, 0.546427
0.56638, 0.566411, 0.54142, 0.546427
0.56638, 0.566411, 0.54142, 0.546427
0.56638, 0.566411, 0.54142, 0.546427
0.56638, 0.566411, 0.54142, 0.546427
0.56638, 0.566411, 0.54142, 0.546427
0.56638, 0.566411, 0.54142, 0.546427
0.56638, 0.566411, 0.54142, 0.546427
0.56638, 0.566411, 0.54142, 0.546427
0.56638, 0.566411, 0.54142, 0.546427
0.56638, 0.566411, 0.54142, 0.546427
0.56638, 0.566411, 0.54142, 0.546427
0.56638, 0.566411, 0.54142, 0.546427
0.56638, 0.566411, 0.54142, 0.546427
0.56638, 0.566411, 0.54142, 0.546427
0.56638, 0.566411, 0.54142, 0.546427
0.56638, 0.566411, 0.54142, 0.546427
0.56638, 0.566411, 0.54142, 0.546427
0.56638, 0.566411, 0.54142, 0.546427
0.56638, 0.566411, 0.54142, 0.546427
0.56638, 0.566411, 0.54142, 0.546427
0.56638, 0.566411, 0.54142, 0.546427
0.56638, 0.566411, 0.54142, 0.546427
0.56638, 0.566411, 0.54142, 0.546427
0.56638, 0.566411, 0.54142, 0.546427
0.56638, 0.566411, 0.54142, 0.546427
0.56638, 0.566411, 0.54142, 0.546427
0.56638, 0.566411, 0.54142, 0.546427
0.56638, 0.566411, 0.54142, 0.546427
0.56638, 0.566411, 0.54142, 0.546427
0.56638, 0.566411, 0.54142, 0.546427
0.56638, 0.566411, 0.54142, 0.546427
0.56638, 0.566411, 0.54142, 0.546427
0.56638, 0.566411, 0.54142, 0.546427
0.56638, 0.566411, 0.54142, 0.546427
0.56638, 0.566411, 0.54142, 0.546427
0.56638, 0.566411, 0.54142, 0.546427
0.56638, 0.566411, 0.54142, 0.546427
0.56638, 0.566411, 0.54142, 0.546427
0.56638, 0.566411, 0.54142, 0.546427
0.56638, 0.566411, 0.54142, 0.546427
0.56638, 0.566411, 0.54142, 0.546427
0.56638, 0.566411, 0.54142, 0.546427
0.56638, 0.566411, 0.54142, 0.546427
0.56638, 0.566411, 0.54142, 0.546427
0.56638, 0.566411, 0.54142, 0.546427
0.56638, 0.566411, 0.54142, 0.546427
0.56638, 0.566411, 0.54142, 0.546427
0.56638, 0.566411, 0.54142, 0.546427
0.56638, 0.566411, 0.54142, 0.546427
0.56638, 0.566411, 0.54142, 0.546427
0.56638, 0.566411, 0.54142, 0.546427
0.56638, 0.566411, 0.54142, 0.546427
0.56638, 0.566411, 0.54142, 0.546427
0.56638, 0.566411, 0.54142, 0.546427
0.56638, 0.566411, 0.54142, 0.546427
0.56638, 0.566411, 0.54142, 0.546427
0.56638, 0.566411, 0.54142, 0.546427
0.56638, 0.566411, 0.54142, 0.546427
0.56638, 0.566411, 0.54142, 0.546427
0.56638, 0.566411, 0.54142, 0.546427
0.56638, 0.566411, 0.54142, 0.546427
0.56638, 0.566411, 0.54142, 0.546427
0.56638, 0.566411, 0.54142, 0.546427
0.56638, 0.566411, 0.54142, 0.546427
0.56638, 0.566411, 0.54142, 0.546427
0.56638, 0.566411, 0.54142, 0.546427
0.56638, 0.566411, 0.54142, 0.546427
0.56638, 0.566411, 0.54142, 0.546427
0.56638, 0.566411, 0.54142, 0.546427
0.56638, 0.566411, 0.54142, 0.546427
0.56638, 0.566411, 0.54142, 0.546427
0.56638, 0.566411, 0.54142, 0.546427
0.56638, 0.566411, 0.54142, 0.546427
0.56638, 0.566411, 0.54142, 0.546427
0.56638, 0.566411, 0.54142, 0.546427
0.56638, 0.566411, 0.54142, 0.546427
0.56638, 0.566411, 0.54142, 0.546427
0.56638, 0.566411, 0.54142, 0.546427
0.56638, 0.566411, 0.54142, 0.546427
0.56638, 0.566411, 0.54142, 0.546427
0.56638, 0.566411, 0.54142, 0.546427
0.56638, 0.566411, 0.54142, 0.546427
0.56638, 0.566411, 0.54142, 0.546427
0.56638, 0.566411, 0.54142, 0.546427
0.56638, 0.566411, 0.54142, 0.546427
0.56638, 0.566411, 0.54142, 0.546427
0.56638, 0.566411, 0.54142, 0.546427
0.56638, 0.566411, 0.54142, 0.546427
0.56638, 0.566411, 0.54142, 0.546427
0.56638, 0.566411, 0.54142, 0.546427
0.56638, 0.566411, 0.54142, 0.546427
0.56638, 0.566411, 0.54142, 0.546427
0.56638, 0.566411, 0.54142, 0.546427
0.56638, 0.566411, 0.54142, 0.546427
0.56638, 0.566411, 0.54142, 0.546427
0.56638, 0.566411, 0.54142, 0.546427
0.56638, 0.566411, 0.54142, 0.546427
0.56638, 0.566411, 0.54142, 0.546427
0.56638, 0.566411, 0.54142, 0.546427
0.56638, 0.566411, 0.54142, 0.546427
0.56638, 0.566411, 0.54142, 0.546427
0.56638, 0.566411, 0.54142, 0.546427
0.56638, 0.566411, 0.54142, 0.546427
0.56638, 0.566411, 0.54142, 0.546427
0.56638, 0.566411, 0.54142, 0.546427
0.56638, 0.566411, 0.54142, 0.546427
0.56638, 0.566411, 0.54142, 0.546427
0.56638, 0.566411, 0.54142, 0.546427
0.56638, 0.566411, 0.54142, 0.546427
0.56638, 0.566411, 0.54142, 0.546427
0.56638, 0.566411, 0.54142, 0.546427
0.56638, 0.566411, 0.54142, 0.546427
0.56638, 0.566411, 0.54142, 0.546427
0.56638, 0.566411, 0.54142, 0.546427
0.56638, 0.566411, 0.54142, 0.546427
0.56638, 0.566411, 0.54142, 0.546427
0.56638, 0.566411, 0.54142, 0.546427
0.56638, 0.566411, 0.54142, 0.546427
0.56638, 0.566411, 0.54142, 0.546427
0.56638, 0.566411, 0.54142, 0.546427
0.56638, 0.566411, 0.54142, 0.546427
0.56638, 0.566411, 0.54142, 0.546427
0.56638, 0.566411, 0.54142, 0.546427
0.56638, 0.566411, 0.54142, 0.546427
0.56638, 0.566411, 0.54142, 0.546427
0.56638, 0.566411, 0.54142, 0.546427
0.56638, 0.566411, 0.54142, 0.546427
0.56638, 0.566411, 0.54142, 0.546427
0.56638, 0.566411, 0.54142, 0.546427
0.56638, 0.566411, 0.54142, 0.546427
0.56638, 0.566411, 0.54142, 0.546427
0.56638, 0.566411, 0.54142, 0.546427
0.56638, 0.566411, 0.54142, 0.546427
0.56638, 0.566411, 0.54142, 0.546427
0.56638, 0.566411, 0.54142, 0.546427
0.56638, 0.566411, 0.54142, 0.546427
0.56638, 0.566411, 0.54142, 0.546427
0.56638, 0.566411, 0.54142, 0.546427
0.56638, 0.566411, 0.54142, 0.546427
0.56638, 0.566411, 0.54142, 0.546427
0.56638, 0.566411, 0.54142, 0.546427
0.56638, 0.566411, 0.54142, 0.546427
0.56638, 0.566411, 0.54142, 0.546427
0.56638, 0.566411, 0.54142, 0.546427
0.56638, 0.566411, 0.54142, 0.546427
0.56638, 0.566411, 0.54142, 0.546427
0.56638, 0.566411, 0.54142, 0.546427
0.56638, 0.566411, 0.54142, 0.546427
0.56638, 0.566411, 0.54142, 0.546427
0.56638, 0.566411, 0.54142, 0.546427
0.56638, 0.566411, 0.54142, 0.546427
0.56638, 0.566411, 0.54142, 0.546427
0.56638, 0.566411, 0.54142, 0.546427
0.56638, 0.566411, 0.54142, 0.546427
0.56638, 0.566411, 0.54142, 0.546427
0.56638, 0.566411, 0.54142, 0.546427
0.56638, 0.566411, 0.54142, 0.546427
0.56638, 0.566411, 0.54142, 0.546427
0.56638, 0.566411, 0.54142, 0.546427
0.56638, 0.566411, 0.54142, 0.546427
0.56638, 0.566411, 0.54142, 0.546427
0.56638, 0.566411, 0.54142, 0.546427
0.56638, 0.566411, 0.54142, 0.546427
0.56638, 0.566411, 0.54142, 0.546427
0.56638, 0.566411, 0.54142, 0.546427
0.56638, 0.566411, 0.54142, 0.546427
0.56638, 0.566411, 0.54142, 0.546427
0.56638, 0.566411, 0.54142, 0.546427
0.56638, 0.566411, 0.54142, 0.546427
0.56638, 0.566411, 0.54142, 0.546427
0.56638, 0.566411, 0.54142, 0.546427
0.56638, 0.566411, 0.54142, 0.546427
0.56638, 0.566411, 0.54142, 0.546427
0.56638, 0.566411, 0.54142, 0.546427
0.56638, 0.566411, 0.54142, 0.546427
0.56638, 0.566411, 0.54142, 0.546427
0.56638, 0.566411, 0.54142, 0.546427
0.56638, 0.566411, 0.54142, 0.546427
0.56638, 0.566411, 0.54142, 0.546427
0.56638, 0.566411, 0.54142, 0.546427
0.56638, 0.566411, 0.54142, 0.546427
0.56638, 0.566411, 0.54142, 0.546427
0.56638, 0.566411, 0.54142, 0.546427
0.56638, 0.566411, 0.54142, 0.546427
0.56638, 0.566411, 0.54142, 0.546427
0.56638, 0.566411, 0.54142, 0.546427
0.56638, 0.566411, 0.54142, 0.546427
0.56638, 0.566411, 0.54142, 0.546427
0.56638, 0.566411, 0.54142, 0.546427
0.56638, 0.566411, 0.54142, 0.546427
0.56638, 0.566411, 0.54142, 0.546427
0.56638, 0.566411, 0.54142, 0.546427
0.56638, 0.566411, 0.54142, 0.546427
0.56638, 0.566411, 0.54142, 0.546427
0.56638, 0.566411, 0.54142, 0.546427
0.56638, 0.566411, 0.54142, 0.546427
0.56638, 0.566411, 0.54142, 0.546427
0.56638, 0.566411, 0.54142, 0.546427
0.56638, 0.566411, 0.54142, 0.546427
0.56638, 0.566411, 0.54142, 0.546427
0.56638, 0.566411, 0.54142, 0.546427
0.56638, 0.566411, 0.54142, 0.546427
0.56638, 0.566411, 0.54142, 0.546427
0.56638, 0.566411, 0.54142, 0.546427
0.56638, 0.566411, 0.54142, 0.546427
0.56638, 0.566411, 0.54142, 0.546427
0.56638, 0.566411, 0.54142, 0.546427
0.56638, 0.566411, 0.54142, 0.546427
0.56638, 0.566411, 0.54142, 0.546427
0.56638, 0.566411, 0.54142, 0.546427
0.56638, 0.566411, 0.54142, 0.546427
0.56638, 0.566411, 0.54142, 0.546427
0.56638, 0.566411, 0.54142, 0.546427
0.56638, 0.566411, 0.54142, 0.546427
0.56638, 0.566411, 0.54142, 0.546427
0.56638, 0.566411, 0.54142, 0.546427
0.56638, 0.566411, 0.54142, 0.546427
0.56638, 0.566411, 0.54142, 0.546427
0.56638, 0.566411, 0.54142, 0.546427
0.56638, 0.566411, 0.54142, 0.546427
0.56638, 0.566411, 0.54142, 0.546427
0.56638, 0.566411, 0.54142, 0.546427
0.56638, 0.566411, 0.54142, 0.546427
0.56638, 0.566411, 0.54142, 0.546427
0.56638, 0.566411, 0.54142, 0.546427
0.56638, 0.566411, 0.54142, 0.546427
0.56638, 0.566411, 0.54142, 0.546427
0.56638, 0.566411, 0.54142, 0.546427
0.56638, 0.566411, 0.54142, 0.546427
0.56638, 0.566411, 0.54142, 0.546427
0.56638, 0.566411, 0.54142, 0.546427
0.56638, 0.566411, 0.54142, 0.546427
0.56638, 0.566411, 0.54142, 0.546427
0.56638, 0.566411, 0.54142, 0.546427
0.56638, 0.566411, 0.54142, 0.546427
0.56638, 0.566411, 0.54142, 0.546427
0.56638, 0.566411, 0.54142, 0.546427
0.56638, 0.566411, 0.54142, 0.546427
0.56638, 0.566411, 0.54142, 0.546427
0.56638, 0.566411, 0.54142, 0.546427
0.56638, 0.566411, 0.54142, 0.546427
0.56638, 0.566411, 0.54142, 0.546427
0.56638, 0.566411, 0.54142, 0.546427
0.56638, 0.566411, 0.54142, 0.546427
0.56638, 0.566411, 0.54142, 0.546427
0.56638, 0.566411, 0.54142, 0.546427
0.56638, 0.566411, 0.54142, 0.546427
0.56638, 0.566411, 0.54142, 0.546427
0.56638, 0.566411, 0.54142, 0.546427
0.56638, 0.566411, 0.54142, 0.546427
0.56638, 0.566411, 0.54142, 0.546427
0.56638, 0.566411, 0.54142, 0.546427
0.56638, 0.566411, 0.54142, 0.546427
0.56638, 0.566411, 0.54142, 0.546427
0.56638, 0.566411, 0.54142, 0.546427
0.56638, 0.566411, 0.54142, 0.546427
0.56638, 0.566411, 0.54142, 0.546427
0.56638, 0.566411, 0.54142, 0.546427
0.56638, 0.566411, 0.54142, 0.546427
0.56638, 0.566411, 0.54142, 0.546427
0.56638, 0.566411, 0.54142, 0.546427
0.56638, 0.566411, 0.54142, 0.546427
0.56638, 0.566411, 0.54142, 0.546427
0.56638, 0.566411, 0.54142, 0.546427
0.56638, 0.566411, 0.54142, 0.546427
0.56638, 0.566411, 0.54142, 0.546427
0.56638, 0.566411, 0.54142, 0.546427
0.56638, 0.566411, 0.54142, 0.546427
0.56638, 0.566411, 0.54142, 0.546427
0.56638, 0.566411, 0.54142, 0.546427
0.56638, 0.566411, 0.54142, 0.546427
0.56638, 0.566411, 0.54142, 0.546427
0.56638, 0.566411, 0.54142, 0.546427
0.56638, 0.566411, 0.54142, 0.546427
0.56638, 0.566411, 0.54142, 0.546427
0.56638, 0.566411, 0.54142, 0.546427
0.56638, 0.566411, 0.54142, 0.546427
0.56638, 0.566411, 0.54142, 0.546427
0.56638, 0.566411, 0.54142, 0.546427
0.56638, 0.566411, 0.54142, 0.546427
0.56638, 0.566411, 0.54142, 0.546427
0.56638, 0.566411, 0.54142, 0.546427
0.56638, 0.566411, 0.54142, 0.546427
0.56638, 0.566411, 0.54142, 0.546427
0.56638, 0.566411, 0.54142, 0.546427
0.56638, 0.566411, 0.54142, 0.546427
0.56638, 0.566411, 0.54142, 0.546427
0.56638, 0.566411, 0.54142, 0.546427
0.56638, 0.566411, 0.54142, 0.546427
0.56638, 0.566411, 0.54142, 0.546427
0.56638, 0.566411, 0.54142, 0.546427
0.56638, 0.566411, 0.54142, 0.546427
0.56638, 0.566411, 0.54142, 0.546427
0.56638, 0.566411, 0.54142, 0.546427
0.56638, 0.566411, 0.54142, 0.546427
0.56638, 0.566411, 0.54142, 0.546427
0.56638, 0.566411, 0.54142, 0.546427
0.56638, 0.566411, 0.54142, 0.546427
0.56638, 0.566411, 0.54142, 0.546427
0.56638, 0.566411, 0.54142, 0.546427
0.56638, 0.566411, 0.54142, 0.546427
0.56638, 0.566411, 0.54142, 0.546427
0.56638, 0.566411, 0.54142, 0.546427
0.56638, 0.566411, 0.54142, 0.546427
0.56638, 0.566411, 0.54142, 0.546427
0.56638, 0.566411, 0.54142, 0.546427
0.56638, 0.566411, 0.54142, 0.546427
0.56638, 0.566411, 0.54142, 0.546427
0.56638, 0.566411, 0.54142, 0.546427
0.56638, 0.566411, 0.54142, 0.546427
0.56638, 0.566411, 0.54142, 0.546427
0.56638, 0.566411, 0.54142, 0.546427
0.56638, 0.566411, 0.54142, 0.546427
0.56638, 0.566411, 0.54142, 0.546427
0.56638, 0.566411, 0.54142, 0.546427
0.56638, 0.566411, 0.54142, 0.546427
0.56638, 0.566411, 0.54142, 0.546427
0.56638, 0.566411, 0.54142, 0.546427
0.56638, 0.566411, 0.54142, 0.546427
0.56638, 0.566411, 0.54142, 0.546427
0.56638, 0.566411, 0.54142, 0.546427
0.56638, 0.566411, 0.54142, 0.546427
0.56638, 0.566411, 0.54142, 0.546427
0.56638, 0.566411, 0.54142, 0.546427
0.56638, 0.566411, 0.54142, 0.546427
0.56638, 0.566411, 0.54142, 0.546427
0.56638, 0.566411, 0.54142, 0.546427
0.56638, 0.566411, 0.54142, 0.546427
0.56638, 0.566411, 0.54142, 0.546427
0.56638, 0.566411, 0.54142, 0.546427
0.56638, 0.566411, 0.54142, 0.546427
0.56638, 0.566411, 0.54142, 0.546427
0.56638, 0.566411, 0.54142, 0.546427
0.56638, 0.566411, 0.54142, 0.546427
0.56638, 0.566411, 0.54142, 0.546427
0.56638, 0.566411, 0.54142, 0.546427
0.56638, 0.566411, 0.54142, 0.546427
0.56638, 0.566411, 0.54142, 0.546427
0.56638, 0.566411, 0.54142, 0.546427
0.56638, 0.566411, 0.54142, 0.546427
0.56638, 0.566411, 0.54142, 0.546427
0.56638, 0.566411, 0.54142, 0.546427
0.56638, 0.566411, 0.54142, 0.546427
0.56638, 0.566411, 0.54142, 0.546427
0.56638, 0.566411, 0.54142, 0.546427
0.56638, 0.566411, 0.54142, 0.546427
0.56638, 0.566411, 0.54142, 0.546427
0.56638, 0.566411, 0.54142, 0.546427
0.56638, 0.566411, 0.54142, 0.546427
0.56638, 0.566411, 0.54142, 0.546427
0.56638, 0.566411, 0.54142, 0.546427
0.56638, 0.566411, 0.54142, 0.546427
0.56638, 0.566411, 0.54142, 0.546427
0.56638, 0.566411, 0.54142, 0.546427
0.56638, 0.566411, 0.54142, 0.546427
0.56638, 0.566411, 0.54142, 0.546427
0.56638, 0.566411, 0.54142, 0.546427
0.56638, 0.566411, 0.54142, 0.546427
0.56638, 0.566411, 0.54142, 0.546427
0.56638, 0.566411, 0.54142, 0.546427
0.56638, 0.566411, 0.54142, 0.546427
0.56638, 0.566411, 0.54142, 0.546427
0.56638, 0.566411, 0.54142, 0.546427
0.56638, 0.566411, 0.54142, 0.546427
0.56638, 0.566411, 0.54142, 0.546427
0.56638, 0.566411, 0.54142, 0.546427
0.56638, 0.566411, 0.54142, 0.546427
0.56638, 0.566411, 0.54142, 0.546427
0.56638, 0.566411, 0.54142, 0.546427
0.56638, 0.566411, 0.54142, 0.546427
0.56638, 0.566411, 0.54142, 0.546427
0.56638, 0.566411, 0.54142, 0.546427
0.56638, 0.566411, 0.54142, 0.546427
0.56638, 0.566411, 0.54142, 0.546427
0.56638, 0.566411, 0.54142, 0.546427
0.56638, 0.566411, 0.54142, 0.546427
0.56638, 0.566411, 0.54142, 0.546427
0.56638, 0.566411, 0.54142, 0.546427
0.56638, 0.566411, 0.54142, 0.546427
0.56638, 0.566411, 0.54142, 0.546427
0.56638, 0.566411, 0.54142, 0.546427
0.56638, 0.566411, 0.54142, 0.546427
0.56638, 0.566411, 0.54142, 0.546427
0.56638, 0.566411, 0.54142, 0.546427
0.56638, 0.566411, 0.54142, 0.546427
0.56638, 0.566411, 0.54142, 0.546427
0.56638, 0.566411, 0.54142, 0.546427
0.56638, 0.566411, 0.54142, 0.546427
0.56638, 0.566411, 0.54142, 0.546427
0.56638, 0.566411, 0.54142, 0.546427
0.56638, 0.566411, 0.54142, 0.546427
0.56638, 0.566411, 0.54142, 0.546427
0.56638, 0.566411, 0.54142, 0.546427
0.56638, 0.566411, 0.54142, 0.546427
0.56638, 0.566411, 0.54142, 0.546427
0.56638, 0.566411, 0.54142, 0.546427
0.56638, 0.566411, 0.54142, 0.546427
0.56638, 0.566411, 0.54142, 0.546427
0.56638, 0.566411, 0.54142, 0.546427
0.56638, 0.566411, 0.54142, 0.546427
0.56638, 0.566411, 0.54142, 0.546427
0.56638, 0.566411, 0.54142, 0.546427
0.56638, 0.566411, 0.54142, 0.546427
0.56638, 0.566411, 0.54142, 0.546427
0.56638, 0.566411, 0.54142, 0.546427
0.56638, 0.566411, 0.54142, 0.546427
0.56638, 0.566411, 0.54142, 0.546427
0.56638, 0.566411, 0.54142, 0.546427
0.56638, 0.566411, 0.54142, 0.546427
0.56638, 0.566411, 0.54142, 0.546427
0.56638, 0.566411, 0.54142, 0.546427
0.56638, 0.566411, 0.54142, 0.546427
0.56638, 0.566411, 0.54142, 0.546427
0.56638, 0.566411, 0.54142, 0.546427
0.56638, 0.566411, 0.54142, 0.546427
0.56638, 0.566411, 0.54142, 0.546427
0.56638, 0.566411, 0.54142, 0.546427
0.56638, 0.566411, 0.54142, 0.546427
0.56638, 0.566411, 0.54142, 0.546427
0.56638, 0.566411, 0.54142, 0.546427
0.56638, 0.566411, 0.54142, 0.546427
0.56638, 0.566411, 0.54142, 0.546427
0.56638, 0.566411, 0.54142, 0.546427
0.56638, 0.566411, 0.54142, 0.546427
0.56638, 0.566411, 0.54142, 0.546427
0.56638, 0.566411, 0.54142, 0.546427
0.56638, 0.566411, 0.54142, 0.546427
0.56638, 0.566411, 0.54142, 0.546427
0.56638, 0.566411, 0.54142, 0.546427
0.56638, 0.566411, 0.54142, 0.546427
0.56638, 0.566411, 0.54142, 0.546427
0.56638, 0.566411, 0.54142, 0.546427
0.56638, 0.566411, 0.54142, 0.546427
0.56638, 0.566411, 0.54142, 0.546427
0.56638, 0.566411, 0.54142, 0.546427
0.56638, 0.566411, 0.54142, 0.546427
0.56638, 0.566411, 0.54142, 0.546427
0.56638, 0.566411, 0.54142, 0.546427
0.56638, 0.566411, 0.54142, 0.546427
0.56638, 0.566411, 0.54142, 0.546427
0.56638, 0.566411, 0.54142, 0.546427
0.56638, 0.566411, 0.54142, 0.546427
0.56638, 0.566411, 0.54142, 0.546427
0.56638, 0.566411, 0.54142, 0.546427
0.56638, 0.566411, 0.54142, 0.546427
0.56638, 0.566411, 0.54142, 0.546427
0.56638, 0.566411, 0.54142, 0.546427
0.56638, 0.566411, 0.54142, 0.546427
0.56638, 0.566411, 0.54142, 0.546427
0.56638, 0.566411, 0.54142, 0.546427
0.56638, 0.566411, 0.54142, 0.546427
0.56638, 0.566411, 0.54142, 0.546427
0.56638, 0.566411, 0.54142, 0.546427
0.56638, 0.566411, 0.54142, 0.546427
0.56638, 0.566411, 0.54142, 0.546427
0.56638, 0.566411, 0.54142, 0.546427
0.56638, 0.566411, 0.54142, 0.546427
0.56638, 0.566411, 0.54142, 0.546427
0.56638, 0.566411, 0.54142, 0.546427
0.56638, 0.566411, 0.54142, 0.546427
0.56638, 0.566411, 0.54142, 0.546427
0.56638, 0.566411, 0.54142, 0.546427
0.56638, 0.566411, 0.54142, 0.546427
0.688909, 0.689891, 0.673708, 0.680235
0.672088, 0.672687, 0.653146, 0.659283
0.611526, 0.611669, 0.591151, 0.596594
0.594205, 0.594736, 0.570142, 0.574852
0.617073, 0.617339, 0.593247, 0.598486
0.637863, 0.638023, 0.614967, 0.620083
0.623403, 0.624158, 0.600746, 0.605374
0.597281, 0.597984, 0.573586, 0.57824
0.590272, 0.590835, 0.566389, 0.571122
0.589676, 0.590603, 0.565709, 0.570084
0.589653, 0.590579, 0.565685, 0.57006
0.589652, 0.590548, 0.565696, 0.570101
0.589652, 0.590548, 0.565696, 0.570101
0.589652, 0.590548, 0.565696, 0.570101
0.589652, 0.590548, 0.565696, 0.570101
0.589652, 0.590548, 0.565696, 0.570101
0.589652, 0.590548, 0.565696, 0.570101
0.589652, 0.590548, 0.565696, 0.570101
0.589652, 0.590548, 0.565696, 0.570101
0.589652, 0.590548, 0.565696, 0.570101
0.589652, 0.590548, 0.565696, 0.570101
0.589652, 0.590548, 0.565696, 0.570101
0.589652, 0.590548, 0.565696, 0.570101
0.589652, 0.590548, 0.565696, 0.570101
0.589652, 0.590548, 0.565696, 0.570101
0.589652, 0.590548, 0.565696, 0.570101
0.589652, 0.590548, 0.565696, 0.570101
0.589652, 0.590548, 0.565696, 0.570101
0.589652, 0.590548, 0.565696, 0.570101
0.589652, 0.590548, 0.565696, 0.570101
0.589652, 0.590548, 0.565696, 0.570101
0.589652, 0.590548, 0.565696, 0.570101
0.589652, 0.590548, 0.565696, 0.570101
0.589652, 0.590548, 0.565696, 0.570101
0.589652, 0.590548, 0.565696, 0.570101
0.589652, 0.590548, 0.565696, 0.570101
0.589652, 0.590548, 0.565696, 0.570101
0.589652, 0.590548, 0.565696, 0.570101
0.589652, 0.590548, 0.565696, 0.570101
0.589652, 0.590548, 0.565696, 0.570101
0.589652, 0.590548, 0.565696, 0.570101
0.589652, 0.590548, 0.565696, 0.570101
0.589652, 0.590548, 0.565696, 0.570101
0.589652, 0.590548, 0.565696, 0.570101
0.589652, 0.590548, 0.565696, 0.570101
0.589652, 0.590548, 0.565696, 0.570101
0.589652, 0.590548, 0.565696, 0.570101
0.589652, 0.590548, 0.565696, 0.570101
0.589652, 0.590548, 0.565696, 0.570101
0.589652, 0.590548, 0.565696, 0.570101
0.589652, 0.590548, 0.565696, 0.570101
0.589652, 0.590548, 0.565696, 0.570101
0.589652, 0.590548, 0.565696, 0.570101
0.589652, 0.590548, 0.565696, 0.570101
0.589652, 0.590548, 0.565696, 0.570101
0.589652, 0.590548, 0.565696, 0.570101
0.589652, 0.590548, 0.565696, 0.570101
0.589652, 0.590548, 0.565696, 0.570101
0.589652, 0.590548, 0.565696, 0.570101
0.589652, 0.590548, 0.565696, 0.570101
0.589652, 0.590548, 0.565696, 0.570101
0.589652, 0.590548, 0.565696, 0.570101
0.589652, 0.590548, 0.565696, 0.570101
0.589652, 0.590548, 0.565696, 0.570101
0.589652, 0.590548, 0.565696, 0.570101
0.589652, 0.590548, 0.565696, 0.570101
0.589652, 0.590548, 0.565696, 0.570101
0.589652, 0.590548, 0.565696, 0.570101
0.589652, 0.590548, 0.565696, 0.570101
0.589652, 0.590548, 0.565696, 0.570101
0.589652, 0.590548, 0.565696, 0.570101
0.589652, 0.590548, 0.565696, 0.570101
0.589652, 0.590548, 0.565696, 0.570101
0.589652, 0.590548, 0.565696, 0.570101
0.589652, 0.590548, 0.565696, 0.570101
0.589652, 0.590548, 0.565696, 0.570101
0.589652, 0.590548, 0.565696, 0.570101
0.589652, 0.590548, 0.565696, 0.570101
0.589652, 0.590548, 0.565696, 0.570101
0.589652, 0.589876, 0.566961, 0.572285
0.589652, 0.589882, 0.566747, 0.572037
0.589652, 0.589918, 0.566864, 0.571979
0.589652, 0.589939, 0.566709, 0.571782
0.589652, 0.589954, 0.566553, 0.571589
0.589652, 0.589954, 0.566555, 0.571592
0.589652, 0.589868, 0.56717, 0.572529
0.589652, 0.589868, 0.567183, 0.572543
0.589652, 0.589869, 0.567158, 0.572515
0.589652, 0.589869, 0.567155, 0.572511
0.589652, 0.589869, 0.567156, 0.572512
0.589652, 0.589842, 0.565604, 0.570709
0.589652, 0.589883, 0.565239, 0.570293
0.589652, 0.589882, 0.565225, 0.570277
0.589652, 0.589889, 0.566124, 0.571316
0.589652, 0.589889, 0.566085, 0.571271
0.589652, 0.58989, 0.566038, 0.571217
0.589652, 0.589889, 0.566125, 0.571318
0.589652, 0.589889, 0.566128, 0.571321
0.589652, 0.589889, 0.566127, 0.571319
0.589652, 0.589889, 0.566224, 0.571431
0.589652, 0.589888, 0.566354, 0.571582
0.589652, 0.589888, 0.566357, 0.571585
0.589652, 0.589865, 0.567243, 0.572613
0.589652, 0.589862, 0.567303, 0.572683
0.589652, 0.589862, 0.5673, 0.57268
0.589652, 0.589864, 0.567254, 0.572626
0.589652, 0.589864, 0.567254, 0.572626
0.589652, 0.589867, 0.567201, 0.572564
0.589652, 0.589863, 0.567277, 0.572653
0.589652, 0.58986, 0.567337, 0.572723
0.589652, 0.58986, 0.567337, 0.572723
0.589652, 0.58986, 0.567332, 0.572717
0.589652, 0.590114, 0.566871, 0.571823
0.589652, 0.590114, 0.566871, 0.571823
0.589652, 0.590088, 0.566922, 0.571904
0.589652, 0.590088, 0.566922, 0.571905
0.589652, 0.590082, 0.566932, 0.571921
0.589652, 0.590079, 0.566938, 0.571931
0.589652, 0.589888, 0.565622, 0.570736
0.589652, 0.589888, 0.565621, 0.570735
0.589652, 0.589867, 0.567202, 0.572566
0.589652, 0.589867, 0.567202, 0.572565
0.589652, 0.589866, 0.567216, 0.572581
0.589652, 0.589864, 0.567264, 0.572637
0.589652, 0.589863, 0.567274, 0.572649
0.589652, 0.589866, 0.567227, 0.572595
0.589652, 0.589866, 0.567227, 0.572595
0.589652, 0.589867, 0.567196, 0.572559
0.589652, 0.589867, 0.567206, 0.57257
0.589652, 0.589867, 0.567206, 0.57257
0.589652, 0.589868, 0.567183, 0.572543
0.589652, 0.58987, 0.567129, 0.57248
0.589652, 0.58987, 0.567129, 0.572481
0.589652, 0.589871, 0.567107, 0.572455
0.589652, 0.589873, 0.567051, 0.57239
0.589652, 0.589873, 0.56705, 0.572389
0.589652, 0.589874, 0.56703, 0.572366
0.589652, 0.589872, 0.567088, 0.572433
0.589652, 0.589873, 0.567051, 0.57239
0.589652, 0.589873, 0.567054, 0.572394
0.589652, 0.589873, 0.567054, 0.572394
0.589652, 0.589872, 0.567076, 0.572419
0.589652, 0.589871, 0.567116, 0.572466
0.589652, 0.589871, 0.567116, 0.572466
0.589652, 0.589872, 0.56708, 0.572424
0.589652, 0.589875, 0.566998, 0.572329
0.589652, 0.589877, 0.566941, 0.572262
0.589652, 0.589877, 0.566941, 0.572262
0.589652, 0.589878, 0.566908, 0.572224
0.589652, 0.589878, 0.566908, 0.572224
0.589652, 0.589878, 0.566908, 0.572224
0.589652, 0.589878, 0.566917, 0.572235
0.589652, 0.589877, 0.566933, 0.572253
0.589652, 0.589875, 0.566996, 0.572326
0.589652, 0.589875, 0.566997, 0.572327
0.589652, 0.589873, 0.567041, 0.572378
0.589652, 0.589872, 0.567071, 0.572414
0.589652, 0.589872, 0.56707, 0.572413
0.589652, 0.589874, 0.567027, 0.572363
0.589652, 0.589874, 0.567027, 0.572362
0.589652, 0.589874, 0.567016, 0.572349
0.589652, 0.589876, 0.566978, 0.572306
0.589652, 0.590268, 0.567184, 0.572595
0.589652, 0.590278, 0.567184, 0.572597
0.589652, 0.590255, 0.567183, 0.572592
0.589652, 0.590255, 0.567183, 0.572592
0.589652, 0.590255, 0.567183, 0.572592
0.589652, 0.590335, 0.567183, 0.572603
0.589652, 0.590333, 0.567183, 0.572603
0.589652, 0.590362, 0.56718, 0.572604
0.589652, 0.590398, 0.567175, 0.572603
0.589652, 0.590306, 0.567184, 0.572601
0.589652, 0.59031, 0.567184, 0.572601
0.589652, 0.590264, 0.567183, 0.572594
0.589652, 0.590236, 0.567181, 0.572588
0.589652, 0.590416, 0.567171, 0.572601
0.589652, 0.589874, 0.567028, 0.572363
0.589652, 0.589874, 0.567028, 0.572363
0.589652, 0.589875, 0.567005, 0.572336
0.589652, 0.589874, 0.567025, 0.572359
0.589652, 0.58977, 0.566725, 0.571942
0.589652, 0.589663, 0.566893, 0.572183
0.589652, 0.589874, 0.567019, 0.572353
0.589652, 0.589887, 0.56646, 0.571705
0.589652, 0.589889, 0.566286, 0.571503
0.589652, 0.589873, 0.567053, 0.572392
0.589652, 0.589872, 0.567072, 0.572415
0.589652, 0.589872, 0.567076, 0.572419
0.589652, 0.589872, 0.567076, 0.572419
0.589652, 0.589873, 0.567048, 0.572386
0.589652, 0.589872, 0.567077, 0.572421
0.589652, 0.589872, 0.56708, 0.572424
0.589652, 0.589872, 0.56708, 0.572424
0.589652, 0.589871, 0.567114, 0.572463
0.589652, 0.589868, 0.567167, 0.572525
0.589652, 0.589711, 0.566059, 0.571219
0.589652, 0.589711, 0.56606, 0.57122
0.589652, 0.589795, 0.566009, 0.571171
0.589652, 0.58987, 0.566009, 0.571181
0.589652, 0.58989, 0.566043, 0.571223
0.589652, 0.589889, 0.56609, 0.571277
0.589652, 0.589889, 0.566091, 0.571277
0.589652, 0.58989, 0.566074, 0.571257
0.589652, 0.589889, 0.566123, 0.571315
0.589652, 0.589889, 0.566123, 0.571315
0.589652, 0.589889, 0.566194, 0.571397
0.589652, 0.589856, 0.567402, 0.572798
0.589652, 0.589856, 0.567408, 0.572805
0.589652, 0.589856, 0.567405, 0.572802
0.589652, 0.589856, 0.567405, 0.572802
0.589652, 0.589856, 0.567396, 0.572792
0.589652, 0.590101, 0.568158, 0.573737
0.589652, 0.5901, 0.568159, 0.573737
0.589652, 0.5901, 0.568159, 0.573737
0.589652, 0.590107, 0.56816, 0.573739
0.589652, 0.589889, 0.566225, 0.571433
0.589652, 0.589889, 0.566225, 0.571432
0.589652, 0.589889, 0.566175, 0.571375
0.589652, 0.589889, 0.566175, 0.571375
0.589652, 0.58989, 0.566063, 0.571245
0.589652, 0.58989, 0.566065, 0.571248
0.589652, 0.589889, 0.56617, 0.571369
0.589652, 0.589889, 0.566264, 0.571477
0.589652, 0.589868, 0.567172, 0.572531
0.589652, 0.589868, 0.567173, 0.572532
0.589652, 0.589868, 0.567174, 0.572533
0.589652, 0.589866, 0.567223, 0.572591
0.589652, 0.589847, 0.567229, 0.572595
0.589652, 0.589837, 0.567315, 0.572695
0.589652, 0.589837, 0.567316, 0.572695
0.589652, 0.589655, 0.566585, 0.571822
0.589652, 0.589655, 0.566601, 0.57184
0.589652, 0.589655, 0.566601, 0.571841
0.589652, 0.589685, 0.56668, 0.571937
0.589652, 0.589709, 0.566699, 0.571961
0.589652, 0.589733, 0.566708, 0.571974
0.589652, 0.589741, 0.56669, 0.571954
0.589652, 0.589741, 0.56669, 0.571954
0.589652, 0.589758, 0.566702, 0.571971
0.589652, 0.589779, 0.566691, 0.57196
0.589652, 0.589794, 0.566639, 0.571901
0.589652, 0.589794, 0.566639, 0.571901
0.589652, 0.589818, 0.566669, 0.571939
0.589652, 0.589857, 0.566735, 0.572021
0.589652, 0.589857, 0.566735, 0.57202
0.589652, 0.589884, 0.566636, 0.571909
0.589652, 0.589885, 0.566566, 0.571827
0.589652, 0.589885, 0.566566, 0.571827
0.589652, 0.589887, 0.566487, 0.571735
0.589652, 0.589889, 0.566211, 0.571416
0.589652, 0.589889, 0.566239, 0.571449
0.589652, 0.589889, 0.566226, 0.571434
0.589652, 0.589889, 0.566226, 0.571434
0.589652, 0.589889, 0.566084, 0.571269
0.589652, 0.589888, 0.566384, 0.571616
0.589652, 0.589888, 0.566384, 0.571616
0.589652, 0.589889, 0.566256, 0.571469
0.589652, 0.589912, 0.56675, 0.571852
0.589652, 0.589911, 0.566748, 0.571851
0.589652, 0.589889, 0.566719, 0.571836
0.589652, 0.589888, 0.566718, 0.571835
0.589652, 0.589887, 0.566457, 0.571701
0.589652, 0.589887, 0.566459, 0.571704
0.589652, 0.589887, 0.566458, 0.571703
0.589652, 0.589887, 0.566458, 0.571702
0.589652, 0.589887, 0.566479, 0.571726
0.589652, 0.589889, 0.566262, 0.571475
0.589652, 0.589889, 0.566261, 0.571474
0.589652, 0.589889, 0.566221, 0.571428
0.589652, 0.589889, 0.566221, 0.571428
0.589652, 0.589781, 0.567243, 0.572533
0.589652, 0.589889, 0.566142, 0.571337
0.589652, 0.589889, 0.566142, 0.571337
0.589652, 0.589889, 0.566142, 0.571337
0.589652, 0.58985, 0.566723, 0.571873
0.589652, 0.589862, 0.566769, 0.571916
0.589652, 0.589862, 0.566769, 0.571916
0.589652, 0.58987, 0.566824, 0.571973
0.589652, 0.589874, 0.566851, 0.572001
0.589652, 0.589876, 0.566865, 0.572015
0.589652, 0.589888, 0.566835, 0.571971
0.589652, 0.589888, 0.566835, 0.571971
0.589652, 0.589885, 0.566603, 0.571871
0.589652, 0.589884, 0.56663, 0.571901
0.589652, 0.589884, 0.566629, 0.571901
0.589652, 0.589885, 0.566593, 0.571859
0.589652, 0.589885, 0.566593, 0.571859
0.589652, 0.589884, 0.566663, 0.571939
0.589652, 0.589883, 0.566689, 0.57197
0.589652, 0.589878, 0.56691, 0.572226
0.589652, 0.589878, 0.56691, 0.572226
0.589652, 0.589876, 0.566955, 0.572278
0.589652, 0.589874, 0.56703, 0.572365
0.589652, 0.589871, 0.567097, 0.572443
0.566858, 0.566887, 0.541988, 0.54701
0.568504, 0.56853, 0.543783, 0.548822
0.56944, 0.569453, 0.544469, 0.549483
0.575891, 0.575914, 0.550992, 0.556124
0.577107, 0.577181, 0.552262, 0.5573
0.58229, 0.582418, 0.557812, 0.562911
0.583781, 0.583874, 0.55909, 0.564218
0.586617, 0.586853, 0.56229, 0.567401
0.587771, 0.587954, 0.563515, 0.568603
0.587948, 0.588174, 0.563532, 0.568651
0.585526, 0.585647, 0.560928, 0.566095
0.573647, 0.573782, 0.548799, 0.553836
0.5679, 0.567913, 0.542961, 0.547986
0.57384, 0.574007, 0.549224, 0.55438
0.569397, 0.569475, 0.544634, 0.549681
0.567159, 0.567179, 0.54218, 0.547189
0.567157, 0.567177, 0.542178, 0.547187
0.567157, 0.567162, 0.542169, 0.547182
0.567157, 0.567162, 0.542169, 0.547182
0.567157, 0.567175, 0.542177, 0.547182
0.567157, 0.567175, 0.542176, 0.547181
0.567157, 0.567175, 0.542176, 0.547181
0.567157, 0.567174, 0.542176, 0.54718
0.567157, 0.567174, 0.542176, 0.54718
0.567157, 0.567174, 0.542176, 0.54718
0.567157, 0.567174, 0.542176, 0.54718
0.567157, 0.567174, 0.542176, 0.54718
0.567157, 0.567175, 0.542176, 0.547181
0.567157, 0.567175, 0.542176, 0.547181
0.567157, 0.567177, 0.542178, 0.547187
0.567157, 0.567176, 0.542177, 0.547183
0.567157, 0.567174, 0.542176, 0.54718
0.567157, 0.567174, 0.542176, 0.54718
0.567157, 0.567174, 0.542176, 0.54718
0.567157, 0.567174, 0.542176, 0.54718
0.567157, 0.567176, 0.542177, 0.547183
0.567157, 0.567175, 0.542177, 0.547182
0.567157, 0.567175, 0.542176, 0.547181
0.567157, 0.567176, 0.542177, 0.547184
0.567157, 0.567176, 0.542177, 0.547184
0.567157, 0.567174, 0.542175, 0.547179
0.567157, 0.567174, 0.542175, 0.547179
0.567157, 0.567174, 0.542176, 0.54718
0.567157, 0.567176, 0.542177, 0.547184
0.567157, 0.567175, 0.542176, 0.547181
0.567157, 0.567173, 0.542174, 0.547176
0.567157, 0.567173, 0.542174, 0.547176
0.567157, 0.567172, 0.542173, 0.547174
0.567157, 0.567172, 0.542173, 0.547174
0.567157, 0.567172, 0.542173, 0.547174
0.567157, 0.567169, 0.542171, 0.54717
0.567157, 0.567169, 0.542171, 0.54717
0.567157, 0.567169, 0.542171, 0.547169
0.567157, 0.567167, 0.542169, 0.547166
0.567157, 0.567167, 0.542169, 0.547166
0.567157, 0.567166, 0.542167, 0.547165
0.567157, 0.567166, 0.542167, 0.547165
0.567157, 0.567164, 0.542165, 0.547168
0.567157, 0.567163, 0.542164, 0.547169
0.567157, 0.567162, 0.542164, 0.547169
0.567157, 0.567163, 0.542165, 0.547168
0.567157, 0.567161, 0.542162, 0.547172
0.567157, 0.567161, 0.542162, 0.547172
0.567157, 0.56716, 0.542175, 0.547188
0.567157, 0.567159, 0.542182, 0.547193
0.567157, 0.567158, 0.542183, 0.547195
0.567157, 0.567158, 0.542183, 0.547195
0.567157, 0.567158, 0.542183, 0.547195
0.567157, 0.56716, 0.542176, 0.547189
0.567157, 0.56716, 0.542176, 0.547188
0.567157, 0.56716, 0.542176, 0.547188
0.567157, 0.567159, 0.542182, 0.547193
0.567157, 0.567159, 0.542182, 0.547193
0.567157, 0.567158, 0.542189, 0.547199
0.567157, 0.567158, 0.542193, 0.547202
0.567157, 0.567158, 0.542193, 0.547202
0.567157, 0.567158, 0.542195, 0.547204
0.567157, 0.567158, 0.542196, 0.547204
0.567157, 0.567158, 0.542196, 0.547204
0.567157, 0.567158, 0.542194, 0.547203
0.567157, 0.567158, 0.542198, 0.547206
0.567157, 0.567158, 0.542194, 0.547203
0.567157, 0.567158, 0.542194, 0.547203
0.567157, 0.567158, 0.542193, 0.547203
0.567157, 0.567157, 0.542191, 0.547201
0.567157, 0.567157, 0.542191, 0.547201
0.567157, 0.567159, 0.542324, 0.547339
0.567157, 0.567159, 0.542324, 0.547339
0.567157, 0.567159, 0.542326, 0.54734
0.567157, 0.567159, 0.542325, 0.547339
0.567157, 0.567159, 0.542325, 0.547339
0.567157, 0.567159, 0.542325, 0.547339
0.567157, 0.567161, 0.542226, 0.547237
0.567157, 0.567161, 0.542226, 0.547237
0.567157, 0.567161, 0.542226, 0.547237
0.567157, 0.567161, 0.542226, 0.547237
0.567157, 0.56716, 0.542227, 0.547236
0.567157, 0.56716, 0.542227, 0.547236
0.567157, 0.567158, 0.542197, 0.547205
0.567157, 0.567158, 0.542197, 0.547205
0.567157, 0.567158, 0.542197, 0.547205
0.567157, 0.567158, 0.542197, 0.547205
0.567157, 0.567159, 0.542158, 0.547183
0.567157, 0.567158, 0.542176, 0.54718
0.567157, 0.567158, 0.542187, 0.54719
0.567157, 0.567158, 0.542187, 0.54719
0.567157, 0.567158, 0.542203, 0.547204
0.567157, 0.567158, 0.542176, 0.54718
0.566605, 0.566606, 0.541712, 0.546722
0.566022, 0.566031, 0.54103, 0.54604
0.567717, 0.567735, 0.542753, 0.54777
0.567259, 0.567283, 0.542338, 0.547361
0.566807, 0.566838, 0.54198, 0.54701
0.567436, 0.567439, 0.54251, 0.547508
0.56984, 0.569907, 0.54498, 0.550011
0.568944, 0.568977, 0.54399, 0.549007
0.574401, 0.574432, 0.549427, 0.554477
0.572749, 0.57282, 0.547895, 0.552967
0.572181, 0.572334, 0.547508, 0.552594
0.572558, 0.572701, 0.547894, 0.55294
0.570316, 0.570339, 0.545419, 0.550415
0.567853, 0.567924, 0.542937, 0.547962
0.567347, 0.56737, 0.542409, 0.547423
0.566362, 0.566372, 0.541422, 0.546434
0.566407, 0.566431, 0.541468, 0.546476
0.565974, 0.565985, 0.540979, 0.545994
0.565973, 0.565985, 0.540978, 0.545993
0.565973, 0.565985, 0.540978, 0.545993
0.565973, 0.565985, 0.540978, 0.545993
0.567266, 0.567293, 0.542355, 0.547362
0.568569, 0.568627, 0.543684, 0.548721
0.56574, 0.565743, 0.540757, 0.545771
0.567317, 0.567479, 0.542438, 0.54741
0.562832, 0.562982, 0.53793, 0.542963
0.567328, 0.567431, 0.542387, 0.547401
0.566242, 0.566249, 0.541257, 0.546255
0.565833, 0.565864, 0.540856, 0.545858
0.56675, 0.566818, 0.541921, 0.546958
0.565855, 0.565899, 0.540891, 0.545918
0.565854, 0.565892, 0.540886, 0.545916
0.565854, 0.565901, 0.540892, 0.545916
0.565854, 0.565902, 0.540893, 0.545916
0.565854, 0.565895, 0.540888, 0.545916
0.565854, 0.565894, 0.540887, 0.545916
0.565854, 0.565908, 0.540896, 0.545913
0.565854, 0.565908, 0.540896, 0.545913
0.565854, 0.565908, 0.540896, 0.545913
0.565854, 0.565908, 0.540896, 0.545913
0.565854, 0.565908, 0.540896, 0.545912
0.565854, 0.565909, 0.540896, 0.545912
0.565854, 0.565909, 0.540896, 0.545912
0.565854, 0.565909, 0.540897, 0.54591
0.565854, 0.565909, 0.540897, 0.54591
0.565854, 0.565909, 0.540897, 0.54591
0.565854, 0.565909, 0.540897, 0.54591
0.565854, 0.565909, 0.540897, 0.54591
0.565854, 0.565909, 0.540897, 0.54591
0.565854, 0.565909, 0.540897, 0.54591
0.565854, 0.565909, 0.540897, 0.54591
0.565854, 0.565909, 0.540897, 0.54591
0.565854, 0.565909, 0.540897, 0.54591
0.565854, 0.565909, 0.540897, 0.54591
0.565854, 0.565909, 0.540897, 0.54591
0.565854, 0.565909, 0.540897, 0.54591
0.565854, 0.565909, 0.540897, 0.54591
0.565854, 0.565909, 0.540897, 0.54591
0.565854, 0.565909, 0.540897, 0.54591
0.565854, 0.565909, 0.540897, 0.54591
0.565854, 0.565909, 0.540897, 0.54591
0.565854, 0.565909, 0.540897, 0.54591
0.565854, 0.565909, 0.540897, 0.54591
0.565854, 0.565909, 0.540897, 0.54591
0.565854, 0.565909, 0.540897, 0.54591
0.565854, 0.565909, 0.540897, 0.54591
0.565854, 0.565909, 0.540897, 0.54591
0.565854, 0.565909, 0.540897, 0.54591
0.565854, 0.565909, 0.540897, 0.54591
0.565854, 0.565909, 0.540897, 0.54591
0.565854, 0.565909, 0.540897, 0.54591
0.565854, 0.565909, 0.540897, 0.54591
0.565854, 0.565909, 0.540897, 0.54591
0.565854, 0.565909, 0.540897, 0.54591
0.565854, 0.565909, 0.540897, 0.54591
0.565854, 0.565909, 0.540897, 0.54591
0.565854, 0.565909, 0.540897, 0.54591
0.565854, 0.565909, 0.540897, 0.54591
0.565854, 0.565909, 0.540897, 0.54591
0.565854, 0.565909, 0.540897, 0.54591
0.565854, 0.565909, 0.540897, 0.54591
0.565854, 0.565909, 0.540897, 0.54591
0.565854, 0.565909, 0.540897, 0.54591
0.565854, 0.565909, 0.540897, 0.54591
0.565854, 0.565909, 0.540897, 0.54591
0.565854, 0.565909, 0.540897, 0.54591
0.565854, 0.565909, 0.540897, 0.54591
0.565854, 0.565909, 0.540897, 0.54591
0.565854, 0.565909, 0.540897, 0.54591
0.565854, 0.565909, 0.540897, 0.54591
0.565854, 0.565909, 0.540897, 0.54591
0.565854, 0.565909, 0.540897, 0.54591
0.565854, 0.565909, 0.540897, 0.54591
0.565854, 0.565909, 0.540897, 0.54591
0.565854, 0.565909, 0.540897, 0.54591
0.565854, 0.565909, 0.540897, 0.54591
0.565854, 0.565909, 0.540897, 0.54591
0.565854, 0.565909, 0.540897, 0.54591
0.565854, 0.565909, 0.540897, 0.54591
0.565854, 0.565909, 0.540897, 0.54591
0.565854, 0.565909, 0.540897, 0.54591
0.565854, 0.565909, 0.540897, 0.54591
0.565854, 0.565909, 0.540897, 0.54591
0.565854, 0.565909, 0.540897, 0.54591
0.70574, 0.707097, 0.692762, 0.699478
0.694179, 0.695129, 0.679295, 0.685975
0.672715, 0.672857, 0.654641, 0.660759
0.636083, 0.637365, 0.614507, 0.618944
0.613948, 0.614613, 0.589796, 0.59504
0.641371, 0.641553, 0.619212, 0.624615
0.651773, 0.653132, 0.63086, 0.6353
0.632239, 0.634062, 0.610305, 0.614287
0.60681, 0.607987, 0.5835, 0.58781
0.600972, 0.602142, 0.577644, 0.581957
0.600407, 0.601576, 0.577077, 0.581391
0.600377, 0.602096, 0.576912, 0.580689
0.600375, 0.602051, 0.57693, 0.580751
0.600375, 0.602052, 0.576929, 0.580749
0.600375, 0.602052, 0.576929, 0.580749
0.600375, 0.602052, 0.576929, 0.580749
0.600375, 0.602052, 0.576929, 0.580749
0.600375, 0.602052, 0.576929, 0.580749
0.600375, 0.602052, 0.576929, 0.580749
0.600375, 0.602052, 0.576929, 0.580749
0.600375, 0.602052, 0.576929, 0.580749
0.600375, 0.602052, 0.576929, 0.580749
0.600375, 0.602052, 0.576929, 0.580749
0.600375, 0.602052, 0.576929, 0.580749
0.600375, 0.602052, 0.576929, 0.580749
0.600375, 0.602052, 0.576929, 0.580749
0.600375, 0.602052, 0.576929, 0.580749
0.600375, 0.602052, 0.576929, 0.580749
0.600375, 0.602052, 0.576929, 0.580749
0.600375, 0.602052, 0.576929, 0.580749
0.600375, 0.602052, 0.576929, 0.580749
0.600375, 0.602052, 0.576929, 0.580749
0.600375, 0.602052, 0.576929, 0.580749
0.600375, 0.602052, 0.576929, 0.580749
0.600375, 0.602052, 0.576929, 0.580749
0.600375, 0.602052, 0.576929, 0.580749
0.600375, 0.602052, 0.576929, 0.580749
0.600375, 0.602052, 0.576929, 0.580749
0.600375, 0.602052, 0.576929, 0.580749
0.600375, 0.602052, 0.576929, 0.580749
0.600375, 0.602052, 0.576929, 0.580749
0.600375, 0.602052, 0.576929, 0.580749
0.600375, 0.602052, 0.576929, 0.580749
0.600375, 0.602052, 0.576929, 0.580749
0.600375, 0.602052, 0.576929, 0.580749
0.600375, 0.602052, 0.576929, 0.580749
0.600375, 0.602052, 0.576929, 0.580749
0.600375, 0.602052, 0.576929, 0.580749
0.600375, 0.602052, 0.576929, 0.580749
0.600375, 0.602052, 0.576929, 0.580749
0.600375, 0.602052, 0.576929, 0.580749
0.600375, 0.602052, 0.576929, 0.580749
0.600375, 0.602052, 0.576929, 0.580749
0.600375, 0.602052, 0.576929, 0.580749
0.600375, 0.602052, 0.576929, 0.580749
0.600375, 0.602052, 0.576929, 0.580749
0.600375, 0.602052, 0.576929, 0.580749
0.600375, 0.602052, 0.576929, 0.580749
0.600375, 0.602052, 0.576929, 0.580749
0.600375, 0.602052, 0.576929, 0.580749
0.600375, 0.602052, 0.576929, 0.580749
0.600375, 0.602052, 0.576929, 0.580749
0.600375, 0.602052, 0.576929, 0.580749
0.600375, 0.602052, 0.576929, 0.580749
0.600375, 0.602052, 0.576929, 0.580749
0.600375, 0.602052, 0.576929, 0.580749
0.600375, 0.602052, 0.576929, 0.580749
0.600375, 0.602052, 0.576929, 0.580749
0.600375, 0.602052, 0.576929, 0.580749
0.600375, 0.602052, 0.576929, 0.580749
0.600375, 0.602052, 0.576929, 0.580749
0.600375, 0.602052, 0.576929, 0.580749
0.600375, 0.602052, 0.576929, 0.580749
0.600375, 0.602052, 0.576929, 0.580749
0.600375, 0.600465, 0.578384, 0.583782
0.600375, 0.600996, 0.578377, 0.58333
0.600375, 0.600996, 0.578376, 0.583328
0.600375, 0.601031, 0.578121, 0.583002
0.600375, 0.601031, 0.578121, 0.583003
0.600375, 0.601053, 0.577877, 0.582701
0.600375, 0.601054, 0.57787, 0.582693
0.600375, 0.600461, 0.578777, 0.584241
0.600375, 0.600461, 0.578775, 0.58424
0.600375, 0.600461, 0.578796, 0.584263
0.600375, 0.600461, 0.578755, 0.584216
0.600375, 0.600461, 0.57875, 0.584209
0.600375, 0.600476, 0.577673, 0.582954
0.600375, 0.600476, 0.577658, 0.582937
0.600375, 0.600485, 0.575595, 0.5806
0.600375, 0.60048, 0.577118, 0.582309
0.600375, 0.600481, 0.577066, 0.582249
0.600375, 0.600481, 0.577062, 0.582244
0.600375, 0.600481, 0.576981, 0.58215
0.600375, 0.60048, 0.577123, 0.582315
0.600375, 0.600479, 0.577279, 0.582495
0.600375, 0.600478, 0.577485, 0.582735
0.600375, 0.600459, 0.578895, 0.58438
0.600375, 0.600457, 0.578995, 0.584496
0.600375, 0.600457, 0.578992, 0.584493
0.600375, 0.600457, 0.578991, 0.584493
0.600375, 0.600458, 0.578912, 0.584399
0.600375, 0.60046, 0.578818, 0.58429
0.600375, 0.600458, 0.578948, 0.584442
0.600375, 0.600456, 0.579052, 0.584563
0.600375, 0.600456, 0.579052, 0.584563
0.600375, 0.600456, 0.579041, 0.584551
0.600375, 0.601284, 0.578464, 0.583194
0.600375, 0.601245, 0.578538, 0.583311
0.600375, 0.601245, 0.578537, 0.58331
0.600375, 0.601237, 0.578551, 0.583333
0.600375, 0.601237, 0.578551, 0.583333
0.600375, 0.601232, 0.57856, 0.583348
0.600375, 0.600484, 0.576345, 0.581413
0.600375, 0.600484, 0.576345, 0.581413
0.600375, 0.60046, 0.578809, 0.584279
0.600375, 0.60046, 0.578832, 0.584305
0.600375, 0.600458, 0.578912, 0.584399
0.600375, 0.600458, 0.578928, 0.584419
0.708195, 0.709362, 0.694998, 0.702212
0.696527, 0.697367, 0.681966, 0.68861
0.67035, 0.670843, 0.652468, 0.658221
0.63052, 0.631902, 0.608047, 0.612383
0.618271, 0.61888, 0.594419, 0.599628
0.642863, 0.643113, 0.62063, 0.625963
0.653307, 0.654389, 0.632165, 0.636856
0.63054, 0.632221, 0.608435, 0.612505
0.605818, 0.606931, 0.582517, 0.586923
0.600224, 0.60133, 0.576904, 0.581312
0.599693, 0.600798, 0.576371, 0.580779
0.599664, 0.601369, 0.576211, 0.580053
0.599662, 0.601323, 0.576228, 0.580114
0.599662, 0.601321, 0.576228, 0.580116
0.599662, 0.601321, 0.576228, 0.580116
0.599662, 0.601321, 0.576228, 0.580116
0.599662, 0.601321, 0.576228, 0.580116
0.599662, 0.601321, 0.576228, 0.580116
0.599662, 0.601321, 0.576228, 0.580116
0.599662, 0.601321, 0.576228, 0.580116
0.599662, 0.601321, 0.576228, 0.580116
0.599662, 0.601321, 0.576228, 0.580116
0.599662, 0.601321, 0.576228, 0.580116
0.599662, 0.601321, 0.576228, 0.580116
0.599662, 0.601321, 0.576228, 0.580116
0.599662, 0.601321, 0.576228, 0.580116
0.599662, 0.601321, 0.576228, 0.580116
0.599662, 0.601321, 0.576228, 0.580116
0.599662, 0.601321, 0.576228, 0.580116
0.599662, 0.601321, 0.576228, 0.580116
0.599662, 0.601321, 0.576228, 0.580116
0.599662, 0.601321, 0.576228, 0.580116
0.599662, 0.601321, 0.576228, 0.580116
0.599662, 0.601321, 0.576228, 0.580116
0.599662, 0.601321, 0.576228, 0.580116
0.599662, 0.601321, 0.576228, 0.580116
0.599662, 0.601321, 0.576228, 0.580116
0.599662, 0.601321, 0.576228, 0.580116
0.599662, 0.601321, 0.576228, 0.580116
0.599662, 0.601321, 0.576228, 0.580116
0.599662, 0.601321, 0.576228, 0.580116
0.599662, 0.601321, 0.576228, 0.580116
0.599662, 0.601321, 0.576228, 0.580116
0.599662, 0.601321, 0.576228, 0.580116
0.599662, 0.601321, 0.576228, 0.580116
0.599662, 0.601321, 0.576228, 0.580116
0.599662, 0.601321, 0.576228, 0.580116
0.599662, 0.601321, 0.576228, 0.580116
0.599662, 0.601321, 0.576228, 0.580116
0.599662, 0.601321, 0.576228, 0.580116
0.599662, 0.601321, 0.576228, 0.580116
0.599662, 0.601321, 0.576228, 0.580116
0.599662, 0.601321, 0.576228, 0.580116
0.599662, 0.601321, 0.576228, 0.580116
0.599662, 0.601321, 0.576228, 0.580116
0.599662, 0.601321, 0.576228, 0.580116
0.599662, 0.601321, 0.576228, 0.580116
0.599662, 0.601321, 0.576228, 0.580116
0.599662, 0.601321, 0.576228, 0.580116
0.599662, 0.601321, 0.576228, 0.580116
0.599662, 0.601321, 0.576228, 0.580116
0.599662, 0.601321, 0.576228, 0.580116
0.599662, 0.601321, 0.576228, 0.580116
0.599662, 0.601321, 0.576228, 0.580116
0.599662, 0.601321, 0.576228, 0.580116
0.599662, 0.601321, 0.576228, 0.580116
0.599662, 0.601321, 0.576228, 0.580116
0.599662, 0.601321, 0.576228, 0.580116
0.599662, 0.601321, 0.576228, 0.580116
0.599662, 0.601321, 0.576228, 0.580116
0.599662, 0.601321, 0.576228, 0.580116
0.599662, 0.601321, 0.576228, 0.580116
0.599662, 0.601321, 0.576228, 0.580116
0.599662, 0.601321, 0.576228, 0.580116
0.599662, 0.601321, 0.576228, 0.580116
0.599662, 0.601321, 0.576228, 0.580116
0.599662, 0.601321, 0.576228, 0.580116
0.599662, 0.599884, 0.577875, 0.583325
0.599662, 0.59989, 0.577543, 0.582942
0.599662, 0.59989, 0.577543, 0.582942
0.599662, 0.600232, 0.577711, 0.582764
0.599662, 0.600269, 0.577471, 0.582459
0.599662, 0.600292, 0.577243, 0.582177
0.599662, 0.599883, 0.578237, 0.583743
0.599662, 0.599883, 0.578238, 0.583745
0.599662, 0.599882, 0.578257, 0.583766
0.599662, 0.599883, 0.57822, 0.583724
0.599662, 0.599883, 0.57822, 0.583723
0.599662, 0.599883, 0.578214, 0.583717
0.599662, 0.599883, 0.578214, 0.583717
0.599662, 0.599894, 0.577203, 0.58255
0.599662, 0.599876, 0.575166, 0.580207
0.599662, 0.599893, 0.576687, 0.581956
0.599662, 0.599893, 0.576697, 0.581968
0.599662, 0.599893, 0.576642, 0.581904
0.599662, 0.599893, 0.576566, 0.581817
0.599662, 0.599893, 0.576698, 0.581969
0.599662, 0.599893, 0.576701, 0.581972
0.599662, 0.599894, 0.576846, 0.58214
0.599662, 0.599894, 0.57704, 0.582363
0.599662, 0.59988, 0.578347, 0.58387
0.599662, 0.599878, 0.578438, 0.583975
0.599662, 0.599878, 0.578434, 0.583971
0.599662, 0.59988, 0.578362, 0.583888
0.599662, 0.59988, 0.578361, 0.583887
0.599662, 0.599882, 0.578277, 0.58379
0.599662, 0.599882, 0.578277, 0.58379
0.599662, 0.599879, 0.578394, 0.583925
0.599662, 0.599877, 0.578488, 0.584033
0.599662, 0.599877, 0.578479, 0.584023
0.599662, 0.599878, 0.578453, 0.583993
0.599662, 0.599878, 0.578453, 0.583993
0.599662, 0.600505, 0.577765, 0.582617
0.599662, 0.600505, 0.577764, 0.582616
0.599662, 0.600496, 0.57778, 0.58264
0.599662, 0.600491, 0.57779, 0.582656
0.599662, 0.599888, 0.575959, 0.581118
0.599662, 0.599888, 0.575958, 0.581117
0.599662, 0.599882, 0.578266, 0.583777
0.599662, 0.599882, 0.578288, 0.583802
0.599662, 0.599882, 0.578288, 0.583802
0.599662, 0.59988, 0.57836, 0.583886
0.599662, 0.59988, 0.578375, 0.583903
0.599662, 0.599881, 0.578302, 0.583818
0.599662, 0.599881, 0.578301, 0.583818
0.599662, 0.599882, 0.578254, 0.583762
0.599662, 0.599882, 0.578268, 0.583779
0.599662, 0.599882, 0.578268, 0.583779
0.599662, 0.599883, 0.578235, 0.583741
0.599662, 0.599883, 0.578234, 0.58374
0.599662, 0.599883, 0.578234, 0.58374
0.599662, 0.599883, 0.578234, 0.58374
0.599662, 0.599884, 0.578155, 0.583648
0.599662, 0.599884, 0.578154, 0.583647
0.599662, 0.599884, 0.578154, 0.583648
0.599662, 0.599885, 0.578124, 0.583612
0.599662, 0.599886, 0.578043, 0.583519
0.599662, 0.599887, 0.578016, 0.583488
0.599662, 0.599887, 0.578015, 0.583487
0.599662, 0.599885, 0.578105, 0.583591
0.599662, 0.599886, 0.57805, 0.583527
0.599662, 0.599886, 0.57805, 0.583528
0.599662, 0.599886, 0.578057, 0.583535
0.599662, 0.599886, 0.57809, 0.583574
0.599662, 0.599884, 0.578152, 0.583645
0.599662, 0.599885, 0.578099, 0.583584
0.599662, 0.599885, 0.578099, 0.583584
0.599662, 0.599889, 0.57789, 0.583343
0.599662, 0.599889, 0.57789, 0.583342
0.599662, 0.599889, 0.57789, 0.583343
0.599662, 0.599889, 0.577841, 0.583287
0.599662, 0.599889, 0.577842, 0.583287
0.599662, 0.599889, 0.577857, 0.583305
0.599662, 0.599889, 0.577857, 0.583305
0.599662, 0.599889, 0.57788, 0.583331
0.599662, 0.599887, 0.577976, 0.583441
0.599662, 0.599886, 0.578042, 0.583518
0.599662, 0.599886, 0.578087, 0.58357
0.599662, 0.599886, 0.578085, 0.583568
0.599662, 0.599886, 0.578085, 0.583568
0.599662, 0.599887, 0.57802, 0.583492
0.599662, 0.599887, 0.578002, 0.583472
0.599662, 0.599888, 0.577947, 0.583409
0.599662, 0.600543, 0.578367, 0.583945
0.599662, 0.600553, 0.578369, 0.583948
0.599662, 0.600519, 0.578361, 0.583936
0.599662, 0.600647, 0.578387, 0.583977
0.599662, 0.600661, 0.57839, 0.583981
0.599662, 0.600708, 0.578396, 0.583992
0.599662, 0.600774, 0.578401, 0.584004
0.599662, 0.600622, 0.578383, 0.58397
0.599662, 0.600613, 0.578382, 0.583968
0.599662, 0.600532, 0.578364, 0.58394
0.599662, 0.600486, 0.578352, 0.583923
0.599662, 0.600787, 0.578401, 0.584005
0.599662, 0.599887, 0.578021, 0.583494
0.599662, 0.599887, 0.578021, 0.583494
0.599662, 0.599887, 0.577987, 0.583454
0.599662, 0.599887, 0.578017, 0.583489
0.599662, 0.599986, 0.577534, 0.582748
0.599662, 0.59983, 0.577692, 0.58305
0.599662, 0.599887, 0.578008, 0.583479
0.599662, 0.599887, 0.578001, 0.58347
0.599662, 0.599894, 0.576833, 0.582124
0.599662, 0.599894, 0.576814, 0.582103
0.599662, 0.599886, 0.578059, 0.583537
0.599662, 0.599886, 0.578093, 0.583577
0.599662, 0.599886, 0.578093, 0.583577
0.599662, 0.599886, 0.57805, 0.583527
0.599662, 0.599886, 0.578093, 0.583577
0.599662, 0.599885, 0.578095, 0.58358
0.599662, 0.599885, 0.578095, 0.58358
0.599662, 0.599885, 0.578145, 0.583637
0.599662, 0.599883, 0.578222, 0.583726
0.599662, 0.599883, 0.578222, 0.583726
0.599662, 0.599693, 0.576558, 0.581787
0.599662, 0.599756, 0.576509, 0.581741
0.599662, 0.599883, 0.576533, 0.581778
0.599662, 0.599882, 0.576533, 0.581778
0.599662, 0.599893, 0.57658, 0.581832
0.599662, 0.599893, 0.576649, 0.581912
0.599662, 0.599893, 0.576625, 0.581884
0.599662, 0.599893, 0.576698, 0.581969
0.599662, 0.599893, 0.576698, 0.581968
0.599662, 0.599894, 0.576802, 0.582088
0.599662, 0.599874, 0.578578, 0.584137
0.599662, 0.599874, 0.578588, 0.584148
0.599662, 0.599874, 0.578582, 0.584143
0.599662, 0.599874, 0.578582, 0.584142
0.599662, 0.599874, 0.578568, 0.584126
0.599662, 0.599874, 0.578586, 0.584146
0.599662, 0.599874, 0.578586, 0.584147
0.599662, 0.599874, 0.578591, 0.584152
0.599662, 0.599873, 0.5786, 0.584163
0.599662, 0.599873, 0.5786, 0.584163
0.599662, 0.599894, 0.576847, 0.58214
0.599662, 0.599893, 0.576774, 0.582056
0.599662, 0.599893, 0.57661, 0.581867
0.599662, 0.599893, 0.576609, 0.581866
0.599662, 0.599893, 0.576612, 0.58187
0.599662, 0.599893, 0.576766, 0.582047
0.599662, 0.599894, 0.576904, 0.582207
0.599662, 0.599883, 0.57823, 0.583735
0.599662, 0.599883, 0.578228, 0.583733
0.599662, 0.599881, 0.57831, 0.583828
0.599662, 0.599881, 0.578311, 0.583828
0.599662, 0.599847, 0.578315, 0.583831
0.6439, 0.644329, 0.623205, 0.629
0.614555, 0.614934, 0.591577, 0.596987
0.585371, 0.585438, 0.56103, 0.56608
0.571845, 0.572049, 0.546987, 0.552038
0.588059, 0.588209, 0.563624, 0.568643
0.58376, 0.583779, 0.559208, 0.564179
0.567687, 0.56774, 0.54279, 0.547801
0.567691, 0.567743, 0.542778, 0.547778
0.567691, 0.567743, 0.542778, 0.547778
0.567691, 0.567743, 0.54278, 0.547781
0.567691, 0.567743, 0.54278, 0.547781
0.567691, 0.567743, 0.54278, 0.547781
0.567691, 0.567743, 0.54278, 0.547781
0.567691, 0.567743, 0.54278, 0.547781
0.567691, 0.567743, 0.54278, 0.547781
0.567691, 0.567743, 0.54278, 0.547781
0.567691, 0.567743, 0.54278, 0.547781
0.567691, 0.567743, 0.54278, 0.547781
0.567691, 0.567743, 0.54278, 0.547781
0.567691, 0.567743, 0.54278, 0.547781
0.567691, 0.567743, 0.54278, 0.547781
0.567691, 0.567743, 0.54278, 0.547781
0.567691, 0.567743, 0.54278, 0.547781
0.567691, 0.567743, 0.54278, 0.547781
0.567691, 0.567743, 0.54278, 0.547781
0.567691, 0.567743, 0.54278, 0.547781
0.567691, 0.567743, 0.54278, 0.547781
0.567691, 0.567743, 0.54278, 0.547781
0.567691, 0.567743, 0.54278, 0.547781
0.567691, 0.567743, 0.54278, 0.547781
0.567691, 0.567743, 0.54278, 0.547781
0.567691, 0.567743, 0.54278, 0.547781
0.567691, 0.567743, 0.54278, 0.547781
0.567691, 0.567743, 0.54278, 0.547781
0.567691, 0.567743, 0.54278, 0.547781
0.567691, 0.567743, 0.54278, 0.547781
0.567691, 0.567743, 0.54278, 0.547781
0.567691, 0.567743, 0.54278, 0.547781
0.567691, 0.567743, 0.54278, 0.547781
0.567691, 0.567743, 0.54278, 0.547781
0.567691, 0.567743, 0.54278, 0.547781
0.567691, 0.567743, 0.54278, 0.547781
0.567691, 0.567743, 0.54278, 0.547781
0.567691, 0.567743, 0.54278, 0.547781
0.567691, 0.567743, 0.54278, 0.547781
0.567691, 0.567743, 0.54278, 0.547781
0.567691, 0.567743, 0.54278, 0.547781
0.567691, 0.567743, 0.54278, 0.547781
0.567691, 0.567743, 0.54278, 0.547781
0.567691, 0.567743, 0.54278, 0.547781
0.567691, 0.567743, 0.54278, 0.547781
0.567691, 0.567743, 0.54278, 0.547781
0.567691, 0.567743, 0.54278, 0.547781
0.567691, 0.567743, 0.54278, 0.547781
0.567691, 0.567743, 0.54278, 0.547781
0.567691, 0.567743, 0.54278, 0.547781
0.567691, 0.567743, 0.54278, 0.547781
0.567691, 0.567743, 0.54278, 0.547781
0.567691, 0.567743, 0.54278, 0.547781
0.567691, 0.567743, 0.54278, 0.547781
0.567691, 0.567743, 0.54278, 0.547781
0.567691, 0.567743, 0.54278, 0.547781
0.567691, 0.567743, 0.54278, 0.547781
0.567691, 0.567743, 0.54278, 0.547781
0.567691, 0.567759, 0.542899, 0.54795
0.567691, 0.567758, 0.542883, 0.547928
0.567691, 0.567772, 0.542931, 0.547969
0.567691, 0.567773, 0.54292, 0.547954
0.567691, 0.567774, 0.54291, 0.547938
0.567691, 0.567759, 0.542915, 0.547971
0.567691, 0.567759, 0.542916, 0.547972
0.567691, 0.567759, 0.542914, 0.54797
0.567691, 0.567759, 0.542914, 0.54797
0.567691, 0.567759, 0.542914, 0.54797
0.567691, 0.567751, 0.542796, 0.547811
0.567691, 0.567745, 0.542761, 0.547766
0.567691, 0.567741, 0.542741, 0.547743
0.567691, 0.567753, 0.542826, 0.547852
0.567691, 0.567753, 0.542825, 0.547851
0.567691, 0.567753, 0.542821, 0.547846
0.567691, 0.567753, 0.542829, 0.547856
0.567691, 0.567754, 0.542837, 0.547866
0.567691, 0.567755, 0.542847, 0.547881
0.567691, 0.567759, 0.542921, 0.547979
0.567691, 0.567759, 0.542925, 0.547986
0.567691, 0.567759, 0.542925, 0.547985
0.567691, 0.567759, 0.542921, 0.54798
0.567691, 0.567759, 0.542917, 0.547975
0.567691, 0.567759, 0.542923, 0.547983
0.567691, 0.567759, 0.542928, 0.547989
0.567691, 0.567759, 0.542928, 0.547989
0.567691, 0.567759, 0.542928, 0.547989
0.567691, 0.567768, 0.542938, 0.547974
0.567691, 0.567769, 0.542941, 0.547979
0.567691, 0.567769, 0.542941, 0.547979
0.567691, 0.567769, 0.542942, 0.54798
0.567691, 0.567769, 0.542942, 0.547981
0.567691, 0.567748, 0.542786, 0.5478
0.567691, 0.567759, 0.542918, 0.547976
0.567691, 0.567759, 0.542919, 0.547977
0.567691, 0.567759, 0.542919, 0.547977
0.567691, 0.567759, 0.542923, 0.547982
0.567691, 0.567759, 0.542924, 0.547983
0.567691, 0.567759, 0.54292, 0.547978
0.567691, 0.567759, 0.542918, 0.547975
0.567691, 0.567759, 0.542918, 0.547976
0.567691, 0.567759, 0.542917, 0.547974
0.567691, 0.567759, 0.542917, 0.547974
0.567691, 0.567759, 0.542912, 0.547968
0.567691, 0.567759, 0.54291, 0.547965
0.567691, 0.567759, 0.542906, 0.547959
0.567691, 0.567759, 0.542906, 0.547959
0.567691, 0.567759, 0.542904, 0.547956
0.567691, 0.567759, 0.542908, 0.547963
0.567691, 0.567759, 0.542908, 0.547963
0.567691, 0.567759, 0.542905, 0.547958
0.567691, 0.567759, 0.542905, 0.547958
0.567691, 0.567759, 0.542905, 0.547958
0.567691, 0.567759, 0.542905, 0.547958
0.567691, 0.567759, 0.542906, 0.547959
0.567691, 0.567759, 0.542906, 0.547959
0.567691, 0.567759, 0.542907, 0.547961
0.567691, 0.567759, 0.54291, 0.547965
0.567691, 0.567759, 0.54291, 0.547965
0.567691, 0.567759, 0.542908, 0.547961
0.567691, 0.567759, 0.542901, 0.547952
0.567691, 0.567758, 0.542896, 0.547946
0.567691, 0.567758, 0.542896, 0.547946
0.567691, 0.567758, 0.542893, 0.547942
0.567691, 0.567758, 0.542893, 0.547942
0.567691, 0.567758, 0.542894, 0.547943
0.567691, 0.567758, 0.542896, 0.547945
0.567691, 0.567759, 0.542901, 0.547952
0.567691, 0.567759, 0.542901, 0.547952
0.567691, 0.567759, 0.542904, 0.547957
0.567691, 0.567759, 0.542907, 0.54796
0.567691, 0.567759, 0.542907, 0.54796
0.567691, 0.567759, 0.542903, 0.547956
0.567691, 0.567759, 0.542902, 0.547954
0.567691, 0.567759, 0.542899, 0.54795
0.567691, 0.56774, 0.542877, 0.547941
0.567691, 0.56774, 0.542877, 0.54794
0.567691, 0.567741, 0.542879, 0.547942
0.567691, 0.567737, 0.542872, 0.547936
0.567691, 0.567737, 0.542871, 0.547935
0.567691, 0.567735, 0.542868, 0.547933
0.567691, 0.567733, 0.542864, 0.547929
0.567691, 0.567738, 0.542874, 0.547938
0.567691, 0.567738, 0.542874, 0.547938
0.567691, 0.567741, 0.542878, 0.547941
0.567691, 0.567742, 0.542881, 0.547943
0.567691, 0.567732, 0.542862, 0.547927
0.567691, 0.567759, 0.542903, 0.547956
0.567691, 0.567759, 0.542901, 0.547953
0.567691, 0.567759, 0.542903, 0.547955
0.567691, 0.567756, 0.54292, 0.547982
0.567691, 0.567766, 0.542911, 0.547955
0.567691, 0.567759, 0.542903, 0.547955
0.567691, 0.567756, 0.542857, 0.547893
0.567691, 0.567755, 0.542848, 0.547881
0.567691, 0.567759, 0.542907, 0.547961
0.567691, 0.567759, 0.542907, 0.547961
0.567691, 0.567759, 0.542905, 0.547958
0.567691, 0.567759, 0.542905, 0.547958
0.567691, 0.567759, 0.542907, 0.547961
0.567691, 0.567759, 0.542908, 0.547962
0.567691, 0.567759, 0.54291, 0.547965
0.567691, 0.567759, 0.542915, 0.547971
0.567691, 0.567759, 0.542915, 0.547971
0.567691, 0.56776, 0.54284, 0.547863
0.567691, 0.567757, 0.542828, 0.54785
0.567691, 0.567754, 0.542821, 0.547845
0.567691, 0.567753, 0.542821, 0.547846
0.567691, 0.567753, 0.542825, 0.547851
0.567691, 0.567753, 0.542825, 0.547851
0.567691, 0.567753, 0.542828, 0.547855
0.567691, 0.567753, 0.542828, 0.547855
0.567691, 0.567754, 0.542834, 0.547863
0.567691, 0.567722, 0.54296, 0.548048
0.567691, 0.567723, 0.542961, 0.54805
0.567691, 0.567723, 0.542961, 0.54805
0.567691, 0.567723, 0.542961, 0.54805
0.567691, 0.567724, 0.54296, 0.548049
0.567691, 0.567724, 0.542959, 0.548049
0.567691, 0.567725, 0.542959, 0.548049
0.567691, 0.567725, 0.542959, 0.548049
0.567691, 0.567725, 0.542959, 0.548049
0.567691, 0.567754, 0.542837, 0.547866
0.567691, 0.567754, 0.542832, 0.547861
0.567691, 0.567754, 0.542832, 0.547861
0.567691, 0.567753, 0.542823, 0.547848
0.567691, 0.567753, 0.542823, 0.547849
0.567691, 0.567754, 0.542832, 0.54786
0.567691, 0.567754, 0.54284, 0.547871
0.567691, 0.567759, 0.542915, 0.547972
0.567691, 0.567759, 0.542915, 0.547972
0.567691, 0.567759, 0.542919, 0.547977
0.567691, 0.567759, 0.542919, 0.547977
0.707764, 0.70903, 0.694609, 0.701531
0.69694, 0.697801, 0.682592, 0.68938
0.671395, 0.671837, 0.653568, 0.659297
0.625137, 0.62633, 0.602358, 0.606726
0.626504, 0.627027, 0.603118, 0.608387
0.651076, 0.651096, 0.629451, 0.63471
0.648872, 0.650297, 0.627887, 0.632289
0.62523, 0.62689, 0.602845, 0.60689
0.60863, 0.609952, 0.585679, 0.589986
0.60551, 0.606826, 0.582547, 0.586856
0.605253, 0.606569, 0.582289, 0.586599
0.605238, 0.607228, 0.582089, 0.585747
0.605237, 0.607175, 0.582113, 0.585824
0.605237, 0.607175, 0.582113, 0.585824
0.605237, 0.607175, 0.582113, 0.585824
0.605237, 0.607175, 0.582113, 0.585824
0.605237, 0.607175, 0.582113, 0.585824
0.605237, 0.607175, 0.582113, 0.585824
0.605237, 0.607175, 0.582113, 0.585824
0.605237, 0.607175, 0.582113, 0.585824
0.605237, 0.607175, 0.582113, 0.585824
0.605237, 0.607175, 0.582113, 0.585824
0.605237, 0.607175, 0.582113, 0.585824
0.605237, 0.607175, 0.582113, 0.585824
0.605237, 0.607175, 0.582113, 0.585824
0.605237, 0.607175, 0.582113, 0.585824
0.605237, 0.607175, 0.582113, 0.585824
0.605237, 0.607175, 0.582113, 0.585824
0.605237, 0.607175, 0.582113, 0.585824
0.605237, 0.607175, 0.582113, 0.585824
0.605237, 0.607175, 0.582113, 0.585824
0.605237, 0.607175, 0.582113, 0.585824
0.605237, 0.607175, 0.582113, 0.585824
0.605237, 0.607175, 0.582113, 0.585824
0.605237, 0.607175, 0.582113, 0.585824
0.605237, 0.607175, 0.582113, 0.585824
0.605237, 0.607175, 0.582113, 0.585824
0.605237, 0.607175, 0.582113, 0.585824
0.605237, 0.607175, 0.582113, 0.585824
0.605237, 0.607175, 0.582113, 0.585824
0.605237, 0.607175, 0.582113, 0.585824
0.605237, 0.607175, 0.582113, 0.585824
0.605237, 0.607175, 0.582113, 0.585824
0.605237, 0.607175, 0.582113, 0.585824
0.605237, 0.607175, 0.582113, 0.585824
0.605237, 0.607175, 0.582113, 0.585824
0.605237, 0.607175, 0.582113, 0.585824
0.605237, 0.607175, 0.582113, 0.585824
0.605237, 0.607175, 0.582113, 0.585824
0.605237, 0.607175, 0.582113, 0.585824
0.605237, 0.607175, 0.582113, 0.585824
0.605237, 0.607175, 0.582113, 0.585824
0.605237, 0.607175, 0.582113, 0.585824
0.605237, 0.607175, 0.582113, 0.585824
0.605237, 0.607175, 0.582113, 0.585824
0.605237, 0.607175, 0.582113, 0.585824
0.605237, 0.607175, 0.582113, 0.585824
0.605237, 0.607175, 0.582113, 0.585824
0.605237, 0.607175, 0.582113, 0.585824
0.605237, 0.607175, 0.582113, 0.585824
0.605237, 0.607175, 0.582113, 0.585824
0.605237, 0.607175, 0.582113, 0.585824
0.605237, 0.607175, 0.582113, 0.585824
0.605237, 0.607175, 0.582113, 0.585824
0.605237, 0.607175, 0.582113, 0.585824
0.605237, 0.607175, 0.582113, 0.585824
0.605237, 0.607175, 0.582113, 0.585824
0.605237, 0.607175, 0.582113, 0.585824
0.605237, 0.607175, 0.582113, 0.585824
0.605237, 0.607175, 0.582113, 0.585824
0.605237, 0.607175, 0.582113, 0.585824
0.605237, 0.607175, 0.582113, 0.585824
0.605237, 0.607175, 0.582113, 0.585824
0.605237, 0.607175, 0.582113, 0.585824
0.605237, 0.607175, 0.582113, 0.585824
0.605237, 0.607175, 0.582113, 0.585824
0.605237, 0.605431, 0.58408, 0.589648
0.605237, 0.605439, 0.583672, 0.589179
0.605237, 0.605928, 0.583948, 0.589027
0.605237, 0.605969, 0.583663, 0.588668
0.605237, 0.60597, 0.58366, 0.588664
0.605237, 0.605997, 0.583376, 0.588317
0.605237, 0.605432, 0.584528, 0.590165
0.605237, 0.605432, 0.584551, 0.590191
0.605237, 0.605432, 0.584551, 0.590191
0.605237, 0.605433, 0.584506, 0.590139
0.605237, 0.605433, 0.584499, 0.590131
0.605237, 0.605445, 0.58325, 0.588693
0.605237, 0.605445, 0.583265, 0.58871
0.605237, 0.605434, 0.58079, 0.585864
0.605237, 0.605446, 0.582633, 0.587983
0.605237, 0.605446, 0.582583, 0.587927
0.605237, 0.605446, 0.582578, 0.587921
0.605237, 0.605446, 0.582485, 0.587813
0.605237, 0.605446, 0.582649, 0.588002
0.605237, 0.605446, 0.582825, 0.588204
0.605237, 0.605446, 0.583061, 0.588476
0.605237, 0.60543, 0.584664, 0.590321
0.605237, 0.60543, 0.584663, 0.59032
0.605237, 0.605427, 0.584773, 0.590446
0.605237, 0.605428, 0.584769, 0.590442
0.605237, 0.605429, 0.584679, 0.590338
0.605237, 0.605431, 0.584576, 0.59022
0.605237, 0.605429, 0.584719, 0.590384
0.605237, 0.605429, 0.584719, 0.590385
0.605237, 0.605426, 0.584835, 0.590518
0.605237, 0.605426, 0.584823, 0.590505
0.605237, 0.605427, 0.584792, 0.590469
0.605237, 0.605427, 0.584792, 0.590468
0.605237, 0.606234, 0.58404, 0.588879
0.605237, 0.606225, 0.584057, 0.588906
0.605237, 0.606225, 0.584057, 0.588907
0.605237, 0.606219, 0.584069, 0.588925
0.605237, 0.605443, 0.581745, 0.586962
0.605237, 0.605443, 0.581744, 0.586961
0.605237, 0.605432, 0.584562, 0.590204
0.605237, 0.605431, 0.584588, 0.590233
0.605237, 0.605431, 0.584587, 0.590233
0.605237, 0.605429, 0.584676, 0.590335
0.605237, 0.605429, 0.584696, 0.590358
0.605237, 0.605431, 0.584605, 0.590253
0.605237, 0.605431, 0.584605, 0.590253
0.605237, 0.605432, 0.584563, 0.590204
0.605237, 0.605432, 0.584563, 0.590205
0.605237, 0.605432, 0.584522, 0.590158
0.605237, 0.605434, 0.584423, 0.590044
0.605237, 0.605434, 0.584424, 0.590044
0.605237, 0.605434, 0.584424, 0.590044
0.605237, 0.605435, 0.584386, 0.590001
0.605237, 0.605435, 0.584386, 0.590001
0.605237, 0.605436, 0.584286, 0.589886
0.605237, 0.605437, 0.584254, 0.589849
0.605237, 0.605437, 0.584254, 0.589849
0.605237, 0.605435, 0.584363, 0.589975
0.605237, 0.605436, 0.584297, 0.589898
0.605237, 0.605436, 0.584305, 0.589908
0.605237, 0.605435, 0.584346, 0.589955
0.605237, 0.605434, 0.584422, 0.590042
0.605237, 0.605434, 0.584422, 0.590043
0.605237, 0.605435, 0.584356, 0.589967
0.605237, 0.605437, 0.584206, 0.589794
0.605237, 0.605439, 0.584101, 0.589673
0.605237, 0.605439, 0.584101, 0.589673
0.605237, 0.605439, 0.584101, 0.589673
0.605237, 0.605439, 0.584041, 0.589604
0.605237, 0.605439, 0.584042, 0.589605
0.605237, 0.605439, 0.58406, 0.589626
0.605237, 0.605439, 0.584088, 0.589658
0.605237, 0.605439, 0.584088, 0.589659
0.605237, 0.605437, 0.584206, 0.589794
0.605237, 0.605436, 0.584287, 0.589887
0.605237, 0.605435, 0.584342, 0.58995
0.605237, 0.605435, 0.58434, 0.589948
0.605237, 0.605435, 0.58434, 0.589948
0.605237, 0.605437, 0.584259, 0.589855
0.605237, 0.605437, 0.584239, 0.589832
0.605237, 0.605438, 0.584171, 0.589753
0.605237, 0.606202, 0.584656, 0.59038
0.605237, 0.606204, 0.584656, 0.59038
0.605237, 0.606157, 0.584646, 0.590364
0.605237, 0.606325, 0.584676, 0.590414
0.605237, 0.606318, 0.584675, 0.590413
0.605237, 0.606378, 0.584682, 0.590425
0.605237, 0.606454, 0.584686, 0.590437
0.605237, 0.606452, 0.584686, 0.590436
0.605237, 0.606267, 0.584668, 0.590399
0.605237, 0.606175, 0.58465, 0.59037
0.605237, 0.606119, 0.584636, 0.59035
0.605237, 0.606499, 0.584686, 0.590441
0.605237, 0.605436, 0.584262, 0.589858
0.605237, 0.605436, 0.584262, 0.589858
0.605237, 0.605437, 0.584219, 0.589809
0.605237, 0.605437, 0.584256, 0.589851
0.605237, 0.605648, 0.583716, 0.588986
0.605237, 0.605437, 0.584245, 0.589839
0.605237, 0.605437, 0.584245, 0.589839
0.605237, 0.605437, 0.584236, 0.589829
0.605237, 0.605446, 0.58278, 0.588153
0.605237, 0.605436, 0.584308, 0.589911
0.605237, 0.605435, 0.584343, 0.589952
0.605237, 0.605435, 0.58435, 0.589959
0.605237, 0.605436, 0.584297, 0.589899
0.605237, 0.605435, 0.584349, 0.589959
0.605237, 0.605435, 0.58435, 0.58996
0.605237, 0.605435, 0.584352, 0.589962
0.605237, 0.605434, 0.584413, 0.590033
0.605237, 0.605433, 0.584508, 0.590142
0.605237, 0.605433, 0.584508, 0.590141
0.605237, 0.60531, 0.582489, 0.587791
0.605237, 0.605289, 0.582422, 0.587728
0.605237, 0.605435, 0.582445, 0.587766
0.605237, 0.605446, 0.582501, 0.587832
0.605237, 0.605446, 0.582586, 0.587929
0.605237, 0.605446, 0.582586, 0.58793
0.605237, 0.605446, 0.582556, 0.587895
0.605237, 0.605446, 0.582645, 0.587998
0.689071, 0.690081, 0.67369, 0.680053
0.671961, 0.672651, 0.653263, 0.659365
0.624823, 0.625191, 0.604095, 0.609295
0.594257, 0.594938, 0.569678, 0.574856
0.629112, 0.629165, 0.605694, 0.610784
0.626015, 0.626794, 0.603375, 0.607962
0.595835, 0.596552, 0.571998, 0.576611
0.589919, 0.59099, 0.565986, 0.570249
0.589473, 0.590543, 0.56554, 0.569803
0.589456, 0.590498, 0.565535, 0.569828
0.589456, 0.590498, 0.565535, 0.569828
0.589456, 0.590498, 0.565535, 0.569828
0.589456, 0.590498, 0.565535, 0.569828
0.589456, 0.590498, 0.565535, 0.569828
0.589456, 0.590498, 0.565535, 0.569828
0.589456, 0.590498, 0.565535, 0.569828
0.589456, 0.590498, 0.565535, 0.569828
0.589456, 0.590498, 0.565535, 0.569828
0.589456, 0.590498, 0.565535, 0.569828
0.589456, 0.590498, 0.565535, 0.569828
0.589456, 0.590498, 0.565535, 0.569828
0.589456, 0.590498, 0.565535, 0.569828
0.589456, 0.590498, 0.565535, 0.569828
0.589456, 0.590498, 0.565535, 0.569828
0.589456, 0.590498, 0.565535, 0.569828
0.589456, 0.590498, 0.565535, 0.569828
0.589456, 0.590498, 0.565535, 0.569828
0.589456, 0.590498, 0.565535, 0.569828
0.589456, 0.590498, 0.565535, 0.569828
0.589456, 0.590498, 0.565535, 0.569828
0.589456, 0.590498, 0.565535, 0.569828
0.589456, 0.590498, 0.565535, 0.569828
0.589456, 0.590498, 0.565535, 0.569828
0.589456, 0.590498, 0.565535, 0.569828
0.589456, 0.590498, 0.565535, 0.569828
0.589456, 0.590498, 0.565535, 0.569828
0.589456, 0.590498, 0.565535, 0.569828
0.589456, 0.590498, 0.565535, 0.569828
0.589456, 0.590498, 0.565535, 0.569828
0.589456, 0.590498, 0.565535, 0.569828
0.589456, 0.590498, 0.565535, 0.569828
0.589456, 0.590498, 0.565535, 0.569828
0.589456, 0.590498, 0.565535, 0.569828
0.589456, 0.590498, 0.565535, 0.569828
0.589456, 0.590498, 0.565535, 0.569828
0.589456, 0.590498, 0.565535, 0.569828
0.589456, 0.590498, 0.565535, 0.569828
0.589456, 0.590498, 0.565535, 0.569828
0.589456, 0.590498, 0.565535, 0.569828
0.589456, 0.590498, 0.565535, 0.569828
0.589456, 0.590498, 0.565535, 0.569828
0.589456, 0.590498, 0.565535, 0.569828
0.589456, 0.590498, 0.565535, 0.569828
0.589456, 0.590498, 0.565535, 0.569828
0.589456, 0.590498, 0.565535, 0.569828
0.589456, 0.590498, 0.565535, 0.569828
0.589456, 0.590498, 0.565535, 0.569828
0.589456, 0.590498, 0.565535, 0.569828
0.589456, 0.590498, 0.565535, 0.569828
0.589456, 0.590498, 0.565535, 0.569828
0.589456, 0.590498, 0.565535, 0.569828
0.589456, 0.590498, 0.565535, 0.569828
0.589456, 0.590498, 0.565535, 0.569828
0.589456, 0.590498, 0.565535, 0.569828
0.589456, 0.590498, 0.565535, 0.569828
0.589456, 0.590498, 0.565535, 0.569828
0.589456, 0.590498, 0.565535, 0.569828
0.589456, 0.58956, 0.566628, 0.571948
0.589456, 0.589567, 0.566425, 0.571707
0.589456, 0.589818, 0.56655, 0.571608
0.589456, 0.58984, 0.566402, 0.571415
0.589456, 0.589855, 0.566253, 0.571226
0.589456, 0.589552, 0.566827, 0.572182
0.589456, 0.589552, 0.566828, 0.572183
0.589456, 0.589551, 0.56684, 0.572197
0.589456, 0.589551, 0.56684, 0.572197
0.589456, 0.589552, 0.566817, 0.57217
0.589456, 0.589552, 0.566814, 0.572167
0.589456, 0.589552, 0.566814, 0.572167
0.589456, 0.589539, 0.565334, 0.570424
0.589456, 0.589591, 0.564966, 0.569999
0.589456, 0.589581, 0.565841, 0.571022
0.589456, 0.589581, 0.565834, 0.571014
0.589456, 0.589582, 0.565799, 0.570973
0.589456, 0.589583, 0.565749, 0.570915
0.589456, 0.589581, 0.565835, 0.571015
0.589456, 0.589581, 0.565837, 0.571017
0.589456, 0.589579, 0.56593, 0.571126
0.589456, 0.589577, 0.566055, 0.571273
0.589456, 0.589548, 0.566898, 0.572267
0.589456, 0.589546, 0.566954, 0.572333
0.589456, 0.589546, 0.566954, 0.572333
0.589456, 0.589546, 0.566952, 0.57233
0.589456, 0.589548, 0.566908, 0.572278
0.589456, 0.58955, 0.566857, 0.572217
0.589456, 0.58955, 0.566857, 0.572218
0.589456, 0.589547, 0.566929, 0.572303
0.589456, 0.589544, 0.566987, 0.572372
0.589456, 0.589544, 0.566982, 0.572366
0.589456, 0.590009, 0.56654, 0.571447
0.589456, 0.590009, 0.566541, 0.571448
0.589456, 0.589983, 0.566591, 0.571528
0.589456, 0.589983, 0.566592, 0.571529
0.589456, 0.589977, 0.566601, 0.571544
0.589456, 0.589974, 0.566608, 0.571554
0.589456, 0.589974, 0.566608, 0.571554
0.589456, 0.589588, 0.565357, 0.570455
0.589456, 0.58955, 0.566858, 0.572219
0.589456, 0.58955, 0.566858, 0.572219
0.589456, 0.58955, 0.566871, 0.572234
0.589456, 0.589548, 0.566916, 0.572288
0.589456, 0.589547, 0.566927, 0.5723
0.589456, 0.589549, 0.566882, 0.572247
0.589456, 0.589549, 0.566882, 0.572247
0.589456, 0.589551, 0.566852, 0.572212
0.589456, 0.58955, 0.566861, 0.572223
0.589456, 0.58955, 0.566861, 0.572223
0.589456, 0.589551, 0.56684, 0.572197
0.589456, 0.589553, 0.566788, 0.572137
0.589456, 0.589553, 0.566788, 0.572136
0.589456, 0.589554, 0.566767, 0.572112
0.589456, 0.589557, 0.566714, 0.572048
0.589456, 0.589557, 0.566714, 0.572048
0.589456, 0.589557, 0.566694, 0.572025
0.589456, 0.589555, 0.566749, 0.57209
0.589456, 0.589555, 0.566749, 0.57209
0.589456, 0.589557, 0.566714, 0.572049
0.589456, 0.589556, 0.566717, 0.572053
0.589456, 0.589556, 0.566738, 0.572077
0.589456, 0.589554, 0.566776, 0.572122
0.589456, 0.589554, 0.566776, 0.572122
0.681483, 0.682352, 0.665417, 0.67216
0.66268, 0.663505, 0.643256, 0.649294
0.62958, 0.629685, 0.608427, 0.613733
0.599525, 0.600156, 0.576152, 0.580919
0.602005, 0.602362, 0.577876, 0.582979
0.620974, 0.621304, 0.59778, 0.60292
0.615044, 0.615296, 0.59167, 0.596697
0.598619, 0.599393, 0.574948, 0.579455
0.585707, 0.58611, 0.561601, 0.566437
0.584414, 0.584816, 0.560306, 0.565142
0.58437, 0.585044, 0.560187, 0.564756
0.584369, 0.585021, 0.560196, 0.564788
0.584369, 0.58502, 0.560196, 0.564789
0.584369, 0.58502, 0.560196, 0.564789
0.584369, 0.58502, 0.560196, 0.564789
0.584369, 0.58502, 0.560196, 0.564789
0.584369, 0.58502, 0.560196, 0.564789
0.584369, 0.58502, 0.560196, 0.564789
0.584369, 0.58502, 0.560196, 0.564789
0.584369, 0.58502, 0.560196, 0.564789
0.584369, 0.58502, 0.560196, 0.564789
0.584369, 0.58502, 0.560196, 0.564789
0.584369, 0.58502, 0.560196, 0.564789
0.584369, 0.58502, 0.560196, 0.564789
0.584369, 0.58502, 0.560196, 0.564789
0.584369, 0.58502, 0.560196, 0.564789
0.584369, 0.58502, 0.560196, 0.564789
0.584369, 0.58502, 0.560196, 0.564789
0.584369, 0.58502, 0.560196, 0.564789
0.584369, 0.58502, 0.560196, 0.564789
0.584369, 0.58502, 0.560196, 0.564789
0.584369, 0.58502, 0.560196, 0.564789
0.584369, 0.58502, 0.560196, 0.564789
0.584369, 0.58502, 0.560196, 0.564789
0.584369, 0.58502, 0.560196, 0.564789
0.584369, 0.58502, 0.560196, 0.564789
0.584369, 0.58502, 0.560196, 0.564789
0.584369, 0.58502, 0.560196, 0.564789
0.584369, 0.58502, 0.560196, 0.564789
0.584369, 0.58502, 0.560196, 0.564789
0.584369, 0.58502, 0.560196, 0.564789
0.584369, 0.58502, 0.560196, 0.564789
0.584369, 0.58502, 0.560196, 0.564789
0.584369, 0.58502, 0.560196, 0.564789
0.584369, 0.58502, 0.560196, 0.564789
0.584369, 0.58502, 0.560196, 0.564789
0.584369, 0.58502, 0.560196, 0.564789
0.584369, 0.58502, 0.560196, 0.564789
0.584369, 0.58502, 0.560196, 0.564789
0.584369, 0.58502, 0.560196, 0.564789
0.584369, 0.58502, 0.560196, 0.564789
0.584369, 0.58502, 0.560196, 0.564789
0.584369, 0.58502, 0.560196, 0.564789
0.584369, 0.58502, 0.560196, 0.564789
0.584369, 0.58502, 0.560196, 0.564789
0.584369, 0.58502, 0.560196, 0.564789
0.584369, 0.58502, 0.560196, 0.564789
0.584369, 0.58502, 0.560196, 0.564789
0.584369, 0.58502, 0.560196, 0.564789
0.584369, 0.58502, 0.560196, 0.564789
0.584369, 0.58502, 0.560196, 0.564789
0.584369, 0.58502, 0.560196, 0.564789
0.584369, 0.58502, 0.560196, 0.564789
0.584369, 0.58502, 0.560196, 0.564789
0.584369, 0.58502, 0.560196, 0.564789
0.584369, 0.58502, 0.560196, 0.564789
0.584369, 0.58502, 0.560196, 0.564789
0.584369, 0.58502, 0.560196, 0.564789
0.584369, 0.58502, 0.560196, 0.564789
0.584369, 0.58502, 0.560196, 0.564789
0.584369, 0.58502, 0.560196, 0.564789
0.584369, 0.58502, 0.560196, 0.564789
0.584369, 0.58502, 0.560196, 0.564789
0.584369, 0.58502, 0.560196, 0.564789
0.584369, 0.58502, 0.560196, 0.564789
0.584369, 0.58502, 0.560196, 0.564789
0.584369, 0.58502, 0.560196, 0.564789
0.584369, 0.58502, 0.560196, 0.564789
0.584369, 0.58455, 0.561275, 0.566548
0.584369, 0.584555, 0.561124, 0.566374
0.584369, 0.584555, 0.561158, 0.566289
0.584369, 0.584571, 0.561049, 0.566151
0.584369, 0.584571, 0.561046, 0.566147
0.584369, 0.584544, 0.561417, 0.566712
0.584369, 0.584544, 0.561417, 0.566713
0.584369, 0.584543, 0.561426, 0.566723
0.584369, 0.584544, 0.56141, 0.566704
0.584369, 0.584544, 0.561408, 0.566701
0.584369, 0.584544, 0.561408, 0.566701
0.584369, 0.584526, 0.560297, 0.565419
0.584369, 0.584526, 0.560298, 0.56542
0.584369, 0.584557, 0.560015, 0.565099
0.584369, 0.584554, 0.559877, 0.564941
0.584369, 0.584562, 0.56064, 0.565818
0.584369, 0.584562, 0.560638, 0.565815
0.584369, 0.584562, 0.560599, 0.56577
0.584369, 0.584561, 0.560667, 0.565848
0.584369, 0.584561, 0.560737, 0.565929
0.584369, 0.58456, 0.560833, 0.566039
0.584369, 0.58456, 0.560834, 0.56604
0.584369, 0.584541, 0.561469, 0.566772
0.584369, 0.584538, 0.56151, 0.566819
0.584369, 0.584539, 0.561508, 0.566817
0.584369, 0.584539, 0.561508, 0.566817
0.584369, 0.58454, 0.561476, 0.56678
0.584369, 0.584543, 0.56144, 0.566738
0.584369, 0.58454, 0.561492, 0.566798
0.584369, 0.584537, 0.561534, 0.566847
0.584369, 0.584537, 0.561534, 0.566847
0.584369, 0.584537, 0.56153, 0.566843
0.584369, 0.584701, 0.561112, 0.566116
0.584369, 0.584702, 0.561111, 0.566115
0.584369, 0.584682, 0.561154, 0.56618
0.584369, 0.584681, 0.561155, 0.566182
0.584369, 0.584682, 0.561154, 0.566181
0.584369, 0.584682, 0.561154, 0.566181
0.584369, 0.584682, 0.561154, 0.566181
0.584369, 0.584678, 0.561163, 0.566194
0.584369, 0.584675, 0.561168, 0.566202
0.584369, 0.58456, 0.560293, 0.565418
0.584369, 0.58456, 0.560292, 0.565418
0.584369, 0.584542, 0.561441, 0.56674
0.584369, 0.584542, 0.561451, 0.566752
0.584369, 0.584542, 0.561451, 0.566752
0.584369, 0.58454, 0.561484, 0.56679
0.584369, 0.58454, 0.561492, 0.566798
0.584369, 0.58454, 0.561492, 0.566798
0.584369, 0.584541, 0.56146, 0.566761
0.584369, 0.584543, 0.561438, 0.566737
0.584369, 0.584542, 0.561445, 0.566744
0.584369, 0.584543, 0.561429, 0.566726
0.584369, 0.584543, 0.561429, 0.566726
0.584369, 0.584545, 0.561391, 0.566682
0.584369, 0.584546, 0.561376, 0.566664
0.584369, 0.584546, 0.561376, 0.566664
0.584369, 0.584548, 0.561336, 0.566618
0.584369, 0.584548, 0.561321, 0.566601
0.584369, 0.584548, 0.561321, 0.566601
0.584369, 0.584546, 0.561361, 0.566648
0.584369, 0.584548, 0.561335, 0.566617
0.584369, 0.584548, 0.561337, 0.56662
0.584369, 0.584547, 0.561352, 0.566637
0.584369, 0.584547, 0.561352, 0.566637
0.584369, 0.584546, 0.56138, 0.56667
0.584369, 0.584547, 0.561355, 0.566641
0.584369, 0.584549, 0.561298, 0.566575
0.584369, 0.584551, 0.561257, 0.566528
0.584369, 0.584551, 0.561257, 0.566527
0.584369, 0.584551, 0.561257, 0.566528
0.584369, 0.584552, 0.561233, 0.5665
0.584369, 0.584552, 0.561233, 0.5665
0.584369, 0.584552, 0.561233, 0.5665
0.584369, 0.584551, 0.56124, 0.566508
0.584369, 0.584551, 0.56124, 0.566508
0.584369, 0.584551, 0.561251, 0.566521
0.584369, 0.584549, 0.561296, 0.566572
0.584369, 0.584549, 0.561296, 0.566572
0.584369, 0.584548, 0.561327, 0.566609
0.584369, 0.584547, 0.561349, 0.566633
0.584369, 0.584547, 0.561348, 0.566633
0.584369, 0.584548, 0.561318, 0.566598
0.584369, 0.584549, 0.56131, 0.566589
0.584369, 0.58455, 0.561283, 0.566558
0.584369, 0.58455, 0.561283, 0.566558
0.584369, 0.584851, 0.56142, 0.566747
0.584369, 0.584849, 0.56142, 0.566747
0.584369, 0.584832, 0.561421, 0.566746
0.584369, 0.584887, 0.561417, 0.566747
0.584369, 0.584893, 0.561416, 0.566746
0.584369, 0.58489, 0.561416, 0.566746
0.584369, 0.58491, 0.561412, 0.566744
0.584369, 0.584911, 0.561412, 0.566744
0.584369, 0.584937, 0.561405, 0.566739
0.584369, 0.58487, 0.561419, 0.566747
0.584369, 0.584873, 0.561418, 0.566747
0.584369, 0.584839, 0.561421, 0.566746
0.584369, 0.584819, 0.561421, 0.566744
0.584369, 0.584954, 0.5614, 0.566735
0.584369, 0.584548, 0.561318, 0.566598
0.584369, 0.584548, 0.561318, 0.566598
0.584369, 0.584549, 0.561302, 0.566579
0.584369, 0.584548, 0.561316, 0.566595
0.584369, 0.584473, 0.561523, 0.566828
0.584369, 0.584473, 0.561047, 0.566229
0.584369, 0.584549, 0.561312, 0.566591
0.584369, 0.584559, 0.560921, 0.566141
0.584369, 0.58456, 0.560816, 0.56602
0.584369, 0.584548, 0.561336, 0.566619
0.584369, 0.584547, 0.56135, 0.566634
0.584369, 0.584547, 0.561353, 0.566638
0.584369, 0.584548, 0.561333, 0.566615
0.584369, 0.584547, 0.561353, 0.566639
0.584369, 0.584547, 0.561353, 0.566639
0.584369, 0.584547, 0.561355, 0.566641
0.584369, 0.584547, 0.561355, 0.566641
0.584369, 0.584546, 0.561379, 0.566669
0.584369, 0.584544, 0.561417, 0.566712
0.584369, 0.584427, 0.560617, 0.565778
0.584369, 0.584427, 0.560617, 0.565777
0.584369, 0.58449, 0.560579, 0.565741
0.584369, 0.584545, 0.560579, 0.565746
0.584369, 0.584545, 0.560579, 0.565746
0.584369, 0.584562, 0.560605, 0.565777
0.584369, 0.584562, 0.56064, 0.565817
0.584369, 0.584562, 0.56064, 0.565817
0.584369, 0.584562, 0.560627, 0.565802
0.584369, 0.584561, 0.560664, 0.565844
0.584369, 0.584561, 0.560664, 0.565844
0.584369, 0.584561, 0.560716, 0.565904
0.584369, 0.584561, 0.56079, 0.565989
0.584369, 0.584533, 0.561583, 0.566903
0.584369, 0.584533, 0.561581, 0.566901
0.584369, 0.584533, 0.561581, 0.566901
0.584369, 0.584534, 0.561575, 0.566894
0.584369, 0.584714, 0.562025, 0.567447
0.584369, 0.584714, 0.562025, 0.567447
0.584369, 0.584714, 0.562029, 0.567451
0.584369, 0.584719, 0.56203, 0.567452
0.584369, 0.584719, 0.56203, 0.567452
0.584369, 0.584561, 0.560738, 0.56593
0.584369, 0.584561, 0.560702, 0.565888
0.584369, 0.584561, 0.560702, 0.565888
0.584369, 0.584562, 0.56062, 0.565794
0.584369, 0.584562, 0.56062, 0.565794
0.584369, 0.584561, 0.560698, 0.565884
0.584369, 0.584561, 0.560767, 0.565964
0.584369, 0.584544, 0.561421, 0.566716
0.584369, 0.584544, 0.561421, 0.566717
0.584369, 0.584544, 0.561421, 0.566717
0.584369, 0.584542, 0.561456, 0.566757
0.584369, 0.584528, 0.561459, 0.56676
0.584369, 0.584528, 0.561459, 0.56676
0.584369, 0.584521, 0.561519, 0.566828
0.584369, 0.584382, 0.560996, 0.566211
0.584369, 0.584383, 0.561008, 0.566224
0.584369, 0.584383, 0.561008, 0.566225
0.584369, 0.584411, 0.561067, 0.566295
0.584369, 0.584429, 0.561081, 0.566313
0.584369, 0.584447, 0.561088, 0.566323
0.584369, 0.584447, 0.561088, 0.566323
0.584369, 0.584453, 0.561075, 0.566309
0.584369, 0.584466, 0.561085, 0.56632
0.584369, 0.584481, 0.561077, 0.566313
0.584369, 0.584481, 0.561077, 0.566313
0.584369, 0.584492, 0.561039, 0.56627
0.584369, 0.584509, 0.561061, 0.566297
0.584369, 0.584509, 0.561061, 0.566297
0.584369, 0.584538, 0.561108, 0.566355
0.584369, 0.584557, 0.561038, 0.566275
0.584369, 0.584557, 0.561038, 0.566275
0.584369, 0.584558, 0.560986, 0.566216
0.584369, 0.584559, 0.560929, 0.56615
0.584369, 0.584561, 0.560728, 0.565918
0.584369, 0.584561, 0.56075, 0.565943
0.584369, 0.584561, 0.56075, 0.565944
0.584369, 0.584561, 0.560748, 0.565941
0.584369, 0.584562, 0.560643, 0.565821
0.584369, 0.58456, 0.560862, 0.566072
0.584369, 0.58456, 0.560861, 0.566072
0.584369, 0.584561, 0.560761, 0.565956
0.584369, 0.58455, 0.56108, 0.566204
0.584369, 0.58455, 0.561081, 0.566204
0.584369, 0.584533, 0.561062, 0.566197
0.584369, 0.584533, 0.561063, 0.566197
0.584369, 0.584559, 0.560909, 0.566126
0.584369, 0.584559, 0.560929, 0.56615
0.584369, 0.584561, 0.560765, 0.565962
0.584369, 0.584561, 0.560765, 0.565961
0.584369, 0.584561, 0.560735, 0.565927
0.584369, 0.584561, 0.560735, 0.565927
0.584369, 0.584561, 0.560735, 0.565927
0.584369, 0.584453, 0.561436, 0.566692
0.584369, 0.584561, 0.560685, 0.565869
0.584369, 0.584561, 0.560685, 0.565869
0.584369, 0.584561, 0.56069, 0.565875
0.584369, 0.584505, 0.561071, 0.56623
0.584369, 0.584513, 0.561101, 0.566257
0.584369, 0.584514, 0.561102, 0.566258
0.584369, 0.584519, 0.561138, 0.566295
0.584369, 0.584523, 0.561157, 0.566314
0.584369, 0.584524, 0.561166, 0.566324
0.584369, 0.584533, 0.561144, 0.566291
0.584369, 0.584533, 0.561144, 0.566291
0.584369, 0.584557, 0.561019, 0.566253
0.584369, 0.584557, 0.561037, 0.566275
0.584369, 0.584557, 0.561037, 0.566275
0.584369, 0.584558, 0.561006, 0.566239
0.584369, 0.584556, 0.561061, 0.566302
0.584369, 0.584556, 0.56108, 0.566324
0.584369, 0.584556, 0.561081, 0.566324
0.584369, 0.584552, 0.561235, 0.566502
0.584369, 0.58455, 0.561267, 0.566539
0.584369, 0.58455, 0.561267, 0.566539
0.584369, 0.584546, 0.561366, 0.566653
0.584369, 0.584546, 0.561366, 0.566654
0.566886, 0.566898, 0.541964, 0.546983
0.566188, 0.566201, 0.541221, 0.546236
0.569274, 0.569294, 0.544331, 0.549352
0.572056, 0.572096, 0.547156, 0.552179
0.576874, 0.576892, 0.552041, 0.5571
0.577778, 0.577851, 0.552857, 0.557899
0.568574, 0.568616, 0.5436, 0.548599
0.566641, 0.566679, 0.541743, 0.546781
0.567641, 0.567664, 0.542661, 0.547677
0.565974, 0.565979, 0.540986, 0.545985
0.566007, 0.56602, 0.54107, 0.546084
0.566007, 0.56602, 0.54107, 0.546084
0.566007, 0.566023, 0.541056, 0.546066
0.566007, 0.566021, 0.54107, 0.546084
0.566007, 0.566021, 0.54107, 0.546084
0.566007, 0.566021, 0.54107, 0.546084
0.566007, 0.566023, 0.541058, 0.54607
0.566007, 0.566023, 0.541059, 0.54607
0.566007, 0.566023, 0.54106, 0.546071
0.566007, 0.566023, 0.54106, 0.546071
0.566007, 0.566023, 0.54106, 0.546071
0.566007, 0.566023, 0.54106, 0.546071
0.566007, 0.566023, 0.54106, 0.546071
0.566007, 0.566023, 0.541059, 0.546071
0.566007, 0.566023, 0.541059, 0.546071
0.566007, 0.566023, 0.541056, 0.546066
0.566007, 0.566023, 0.541058, 0.546069
0.566007, 0.566023, 0.541058, 0.546069
0.566007, 0.566023, 0.54106, 0.546071
0.566007, 0.566023, 0.54106, 0.546071
0.566007, 0.566023, 0.541058, 0.546069
0.566007, 0.566023, 0.541059, 0.54607
0.566007, 0.566023, 0.541059, 0.54607
0.566007, 0.566023, 0.541059, 0.546071
0.566007, 0.566023, 0.541058, 0.546069
0.566007, 0.566023, 0.541057, 0.546068
0.566007, 0.566023, 0.54106, 0.546072
0.566007, 0.566023, 0.54106, 0.546072
0.566007, 0.566023, 0.54106, 0.546071
0.566007, 0.566023, 0.541057, 0.546068
0.566007, 0.566023, 0.541057, 0.546068
0.566007, 0.566023, 0.541059, 0.546071
0.566007, 0.566023, 0.541062, 0.546074
0.566007, 0.566023, 0.541063, 0.546075
0.566007, 0.566023, 0.541063, 0.546075
0.566007, 0.566023, 0.541063, 0.546075
0.566007, 0.566022, 0.541065, 0.546078
0.566007, 0.566022, 0.541065, 0.546078
0.566007, 0.566022, 0.541066, 0.546078
0.566007, 0.566022, 0.541067, 0.54608
0.566007, 0.566022, 0.541067, 0.54608
0.566007, 0.566022, 0.541068, 0.546081
0.566007, 0.566022, 0.541068, 0.546081
0.566007, 0.566021, 0.541069, 0.546082
0.566007, 0.566021, 0.541069, 0.546082
0.566007, 0.566021, 0.541069, 0.546083
0.566007, 0.566021, 0.541069, 0.546082
0.566007, 0.566021, 0.541069, 0.546082
0.566007, 0.56602, 0.54107, 0.546083
0.566007, 0.56602, 0.541071, 0.546085
0.566007, 0.56602, 0.541071, 0.546085
0.566007, 0.56602, 0.541071, 0.546085
0.566007, 0.56602, 0.541071, 0.546085
0.566007, 0.56602, 0.541071, 0.546085
0.566007, 0.56602, 0.541071, 0.546085
0.566007, 0.56602, 0.541071, 0.546085
0.566007, 0.56602, 0.541071, 0.546085
0.566007, 0.566019, 0.541071, 0.546085
0.566007, 0.566019, 0.541071, 0.546085
0.566007, 0.566019, 0.541071, 0.546085
0.566007, 0.566019, 0.541071, 0.546085
0.566007, 0.566019, 0.541071, 0.546085
0.566007, 0.566019, 0.541071, 0.546085
0.566007, 0.566019, 0.541071, 0.546085
0.566007, 0.566019, 0.541071, 0.546085
0.566007, 0.566019, 0.541071, 0.546085
0.566007, 0.566019, 0.541071, 0.546085
0.566007, 0.566019, 0.541071, 0.546085
0.566007, 0.566019, 0.541071, 0.546085
0.566007, 0.566019, 0.541071, 0.546086
0.566007, 0.566018, 0.541071, 0.546086
0.566007, 0.566018, 0.541071, 0.546086
0.566007, 0.56602, 0.541072, 0.546086
0.566007, 0.56602, 0.541072, 0.546086
0.566007, 0.56602, 0.541072, 0.546086
0.566007, 0.566019, 0.541072, 0.546087
0.566007, 0.566019, 0.541071, 0.546085
0.566007, 0.566018, 0.54107, 0.546083
0.566007, 0.566019, 0.541068, 0.546081
0.566007, 0.566019, 0.541068, 0.546081
0.566007, 0.566018, 0.541067, 0.54608
0.566007, 0.566019, 0.541068, 0.546081
0.566007, 0.566019, 0.541068, 0.546081
0.566187, 0.566188, 0.541219, 0.546232
0.566873, 0.566891, 0.541886, 0.546913
0.56801, 0.568017, 0.543016, 0.548096
0.569255, 0.569308, 0.544292, 0.549326
0.570192, 0.5702, 0.54523, 0.550241
0.572593, 0.572656, 0.547667, 0.55271
0.575268, 0.575353, 0.550434, 0.555527
0.579172, 0.579316, 0.554476, 0.559532
0.577836, 0.57795, 0.553032, 0.558115
0.578825, 0.578979, 0.554123, 0.559202
0.578674, 0.578814, 0.553941, 0.559036
0.57842, 0.578558, 0.553714, 0.558856
0.574328, 0.57446, 0.54962, 0.554697
0.570902, 0.570959, 0.546015, 0.551086
0.570831, 0.570877, 0.545998, 0.551046
0.567197, 0.567203, 0.542202, 0.547221
0.566004, 0.566006, 0.541034, 0.546039
0.567391, 0.567405, 0.542472, 0.547466
0.567391, 0.567404, 0.542471, 0.547466
0.567391, 0.567404, 0.542471, 0.547466
0.567391, 0.567404, 0.542471, 0.547466
0.567486, 0.56749, 0.542618, 0.547653
0.566699, 0.566722, 0.541717, 0.546745
0.566653, 0.566668, 0.541749, 0.546753
0.567542, 0.567718, 0.542668, 0.547577
0.568361, 0.568493, 0.543427, 0.548466
0.56756, 0.567641, 0.542614, 0.547622
0.566782, 0.566836, 0.541813, 0.54682
0.567059, 0.567096, 0.542133, 0.547135
0.565467, 0.565486, 0.540481, 0.54548
0.565719, 0.565723, 0.540741, 0.545754
0.565719, 0.565724, 0.540741, 0.545754
0.565719, 0.565728, 0.540737, 0.545747
0.565719, 0.565728, 0.540736, 0.545746
0.565719, 0.565729, 0.540735, 0.545743
0.565719, 0.565725, 0.540741, 0.545753
0.565719, 0.565725, 0.54074, 0.545752
0.565719, 0.565733, 0.540729, 0.545733
0.565719, 0.565733, 0.540729, 0.545734
0.565719, 0.565733, 0.540729, 0.545734
0.565719, 0.565733, 0.540729, 0.545734
0.565719, 0.565733, 0.540729, 0.545734
0.565719, 0.565733, 0.540728, 0.545732
0.565719, 0.565734, 0.540728, 0.545731
0.565719, 0.565734, 0.540728, 0.545731
0.565719, 0.565734, 0.540728, 0.545731
0.565719, 0.565734, 0.540728, 0.545731
0.565719, 0.565734, 0.540728, 0.545731
0.565719, 0.565734, 0.540728, 0.545731
0.565719, 0.565734, 0.540728, 0.545731
0.565719, 0.565734, 0.540728, 0.545731
0.565719, 0.565734, 0.540728, 0.545731
0.565719, 0.565734, 0.540728, 0.545731
0.565719, 0.565734, 0.540728, 0.545731
0.565719, 0.565734, 0.540728, 0.545731
0.565719, 0.565734, 0.540728, 0.545731
0.565719, 0.565734, 0.540728, 0.545731
0.565719, 0.565734, 0.540728, 0.545731
0.565719, 0.565734, 0.540728, 0.545731
0.565719, 0.565734, 0.540728, 0.545731
0.565719, 0.565734, 0.540728, 0.545731
0.565719, 0.565734, 0.540728, 0.545731
0.565719, 0.565734, 0.540728, 0.545731
0.565719, 0.565734, 0.540728, 0.545731
0.565719, 0.565734, 0.540728, 0.545731
0.565719, 0.565734, 0.540728, 0.545731
0.565719, 0.565734, 0.540728, 0.545731
0.565719, 0.565734, 0.540728, 0.545731
0.565719, 0.565734, 0.540728, 0.545731
0.565719, 0.565734, 0.540728, 0.545731
0.565719, 0.565734, 0.540728, 0.545731
0.565719, 0.565734, 0.540728, 0.545731
0.565719, 0.565734, 0.540728, 0.545731
0.565719, 0.565734, 0.540728, 0.545731
0.565719, 0.565734, 0.540728, 0.545731
0.565719, 0.565734, 0.540728, 0.545731
0.565719, 0.565734, 0.540728, 0.545731
0.565719, 0.565734, 0.540728, 0.545731
0.565719, 0.565734, 0.540728, 0.545731
0.565719, 0.565734, 0.540728, 0.545731
0.565719, 0.565734, 0.540728, 0.545731
0.565719, 0.565734, 0.540728, 0.545731
0.565719, 0.565734, 0.540728, 0.545731
0.565719, 0.565734, 0.540728, 0.545731
0.565719, 0.565734, 0.540728, 0.545731
0.565719, 0.565734, 0.540728, 0.545731
0.565719, 0.565734, 0.540728, 0.545731
0.565719, 0.565734, 0.540728, 0.545731
0.565719, 0.565734, 0.540728, 0.545731
0.565719, 0.565734, 0.540728, 0.545731
0.565719, 0.565734, 0.540728, 0.545731
0.565719, 0.565734, 0.540728, 0.545731
0.565719, 0.565734, 0.540728, 0.545731
0.565719, 0.565734, 0.540728, 0.545731
0.565719, 0.565734, 0.540728, 0.545731
0.565719, 0.565734, 0.540728, 0.545731
0.565719, 0.565734, 0.540728, 0.545731
0.565719, 0.565734, 0.540728, 0.545731
0.565719, 0.565734, 0.540728, 0.545731
0.565719, 0.565734, 0.540728, 0.545731
0.565719, 0.565734, 0.540728, 0.545731
0.565719, 0.565734, 0.540728, 0.545731
0.565719, 0.565734, 0.540728, 0.545731
0.565719, 0.565734, 0.540728, 0.545731
0.565719, 0.565734, 0.540728, 0.545731
0.565719, 0.565734, 0.540728, 0.545731
0.565719, 0.565734, 0.540728, 0.545731
0.565719, 0.565734, 0.540728, 0.545731
0.565719, 0.565734, 0.540728, 0.545731
0.565719, 0.565734, 0.540728, 0.545731
0.565719, 0.565734, 0.540728, 0.545731
0.565719, 0.565734, 0.540728, 0.545731
0.565719, 0.565734, 0.540728, 0.545731
0.565719, 0.565734, 0.540728, 0.545731
0.565719, 0.565734, 0.540728, 0.545731
0.565719, 0.565734, 0.540728, 0.545731
0.565719, 0.565734, 0.540728, 0.545731
0.565719, 0.565734, 0.540728, 0.545731
0.565719, 0.565734, 0.540728, 0.545731
0.565719, 0.565734, 0.540728, 0.545731
0.565719, 0.565734, 0.540728, 0.545731
0.565719, 0.565734, 0.540728, 0.545731
0.565719, 0.565734, 0.540728, 0.545731
0.565719, 0.565734, 0.540728, 0.545731
0.565719, 0.565734, 0.540728, 0.545731
0.565719, 0.565734, 0.540728, 0.545731
0.565719, 0.565734, 0.540728, 0.545731
0.565719, 0.565734, 0.540728, 0.545731
0.565719, 0.565734, 0.540728, 0.545731
0.565719, 0.565734, 0.540728, 0.545731
0.565719, 0.565734, 0.540728, 0.545731
0.565719, 0.565734, 0.540728, 0.545731
0.565719, 0.565734, 0.540728, 0.545731
0.565719, 0.565734, 0.540728, 0.545731
0.565719, 0.565734, 0.540728, 0.545731
0.565719, 0.565734, 0.540728, 0.545731
0.565719, 0.565734, 0.540728, 0.545731
0.565719, 0.565734, 0.540728, 0.545731
0.565719, 0.565734, 0.540728, 0.545731
0.565719, 0.565734, 0.540728, 0.545731
0.565719, 0.565734, 0.540728, 0.545731
0.565719, 0.565734, 0.540728, 0.545731
0.565719, 0.565734, 0.540728, 0.545731
0.565719, 0.565734, 0.540728, 0.545731
0.565719, 0.565734, 0.540728, 0.545731
0.565719, 0.565734, 0.540728, 0.545731
0.565719, 0.565734, 0.540728, 0.545731
0.565719, 0.565734, 0.540728, 0.545731
0.565719, 0.565734, 0.540728, 0.545731
0.565719, 0.565734, 0.540728, 0.545731
0.565719, 0.565734, 0.540728, 0.545731
0.565719, 0.565734, 0.540728, 0.545731
0.565719, 0.565734, 0.540728, 0.545731
0.565719, 0.565734, 0.540728, 0.545731
0.565719, 0.565734, 0.540728, 0.545731
0.565719, 0.565734, 0.540728, 0.545731
0.565719, 0.565734, 0.540728, 0.545731
0.565719, 0.565734, 0.540728, 0.545731
0.565719, 0.565734, 0.540728, 0.545731
0.565719, 0.565734, 0.540728, 0.545731
0.565719, 0.565734, 0.540728, 0.545731
0.565719, 0.565734, 0.540728, 0.545731
0.565719, 0.565734, 0.540728, 0.545731
0.565719, 0.565734, 0.540728, 0.545731
0.565719, 0.565734, 0.540728, 0.545731
0.565719, 0.565734, 0.540728, 0.545731
0.565719, 0.565734, 0.540728, 0.545731
0.565719, 0.565734, 0.540728, 0.545731
0.565719, 0.565734, 0.540728, 0.545731
0.565719, 0.565734, 0.540728, 0.545731
0.565719, 0.565734, 0.540728, 0.545731
0.565719, 0.565734, 0.540728, 0.545731
0.565719, 0.565734, 0.540728, 0.545731
0.565719, 0.565734, 0.540728, 0.545731
0.565719, 0.565734, 0.540728, 0.545731
0.565719, 0.565734, 0.540728, 0.545731
0.565719, 0.565734, 0.540728, 0.545731
0.565719, 0.565734, 0.540728, 0.545731
0.565719, 0.565734, 0.540728, 0.545731
0.565719, 0.565734, 0.540728, 0.545731
0.565719, 0.565734, 0.540728, 0.545731
0.565719, 0.565734, 0.540728, 0.545731
0.565719, 0.565734, 0.540728, 0.545731
0.565719, 0.565734, 0.540728, 0.545731
0.565719, 0.565734, 0.540728, 0.545731
0.565719, 0.565734, 0.540728, 0.545731
0.565719, 0.565734, 0.540728, 0.545731
0.565719, 0.565734, 0.540728, 0.545731
0.565719, 0.565734, 0.540728, 0.545731
0.565719, 0.565734, 0.540728, 0.545731
0.565719, 0.565734, 0.540728, 0.545731
0.565719, 0.565734, 0.540728, 0.545731
0.565719, 0.565734, 0.540728, 0.545731
0.565719, 0.565734, 0.540728, 0.545731
0.565719, 0.565734, 0.540728, 0.545731
0.565719, 0.565734, 0.540728, 0.545731
0.565719, 0.565734, 0.540728, 0.545731
0.565719, 0.565734, 0.540728, 0.545731
0.565719, 0.565734, 0.540728, 0.545731
0.565719, 0.565734, 0.540728, 0.545731
0.565719, 0.565734, 0.540728, 0.545731
0.565719, 0.565734, 0.540728, 0.545731
0.565719, 0.565734, 0.540728, 0.545731
0.565719, 0.565734, 0.540728, 0.545731
0.565719, 0.565734, 0.540728, 0.545731
0.565719, 0.565734, 0.540728, 0.545731
0.565719, 0.565734, 0.540728, 0.545731
0.565719, 0.565734, 0.540728, 0.545731
0.565719, 0.565734, 0.540728, 0.545731
0.565719, 0.565734, 0.540728, 0.545731
0.565719, 0.565734, 0.540728, 0.545731
0.565719, 0.565734, 0.540728, 0.545731
0.565719, 0.565734, 0.540728, 0.545731
0.565719, 0.565734, 0.540728, 0.545731
0.565719, 0.565734, 0.540728, 0.545731
0.565719, 0.565734, 0.540728, 0.545731
0.565719, 0.565734, 0.540728, 0.545731
0.565719, 0.565734, 0.540728, 0.545731
0.565719, 0.565734, 0.540728, 0.545731
0.565719, 0.565734, 0.540728, 0.545731
0.565719, 0.565734, 0.540728, 0.545731
0.565719, 0.565734, 0.540728, 0.545731
0.565719, 0.565734, 0.540728, 0.545731
0.565719, 0.565734, 0.540728, 0.545731
0.565719, 0.565734, 0.540728, 0.545731
0.565719, 0.565734, 0.540728, 0.545731
0.565719, 0.565734, 0.540728, 0.545731
0.565719, 0.565734, 0.540728, 0.545731
0.565719, 0.565734, 0.540728, 0.545731
0.565719, 0.565734, 0.540728, 0.545731
0.565719, 0.565734, 0.540728, 0.545731
0.565719, 0.565734, 0.540728, 0.545731
0.565719, 0.565734, 0.540728, 0.545731
0.565719, 0.565734, 0.540728, 0.545731
0.565719, 0.565734, 0.540728, 0.545731
0.565719, 0.565734, 0.540728, 0.545731
0.565719, 0.565734, 0.540728, 0.545731
0.565719, 0.565734, 0.540728, 0.545731
0.565719, 0.565734, 0.540728, 0.545731
0.565719, 0.565734, 0.540728, 0.545731
0.565719, 0.565734, 0.540728, 0.545731
0.565719, 0.565734, 0.540728, 0.545731
0.565719, 0.565734, 0.540728, 0.545731
0.565719, 0.565734, 0.540728, 0.545731
0.565719, 0.565734, 0.540728, 0.545731
0.565719, 0.565734, 0.540728, 0.545731
0.565719, 0.565734, 0.540728, 0.545731
0.565719, 0.565734, 0.540728, 0.545731
0.565719, 0.565734, 0.540728, 0.545731
0.565719, 0.565734, 0.540728, 0.545731
0.565719, 0.565734, 0.540728, 0.545731
0.565719, 0.565734, 0.540728, 0.545731
0.565719, 0.565734, 0.540728, 0.545731
0.565719, 0.565734, 0.540728, 0.545731
0.565719, 0.565734, 0.540728, 0.545731
0.565719, 0.565734, 0.540728, 0.545731
0.565719, 0.565734, 0.540728, 0.545731
0.565719, 0.565734, 0.540728, 0.545731
0.565719, 0.565734, 0.540728, 0.545731
0.565719, 0.565734, 0.540728, 0.545731
0.565719, 0.565734, 0.540728, 0.545731
0.565719, 0.565734, 0.540728, 0.545731
0.565719, 0.565734, 0.540728, 0.545731
0.565719, 0.565734, 0.540728, 0.545731
0.565719, 0.565734, 0.540728, 0.545731
0.565719, 0.565734, 0.540728, 0.545731
0.565719, 0.565734, 0.540728, 0.545731
0.565719, 0.565734, 0.540728, 0.545731
0.565719, 0.565734, 0.540728, 0.545731
0.565719, 0.565734, 0.540728, 0.545731
0.565719, 0.565734, 0.540728, 0.545731
0.565719, 0.565734, 0.540728, 0.545731
0.565719, 0.565734, 0.540728, 0.545731
0.565719, 0.565734, 0.540728, 0.545731
0.565719, 0.565734, 0.540728, 0.545731
0.565719, 0.565734, 0.540728, 0.545731
0.565719, 0.565734, 0.540728, 0.545731
0.565719, 0.565734, 0.540728, 0.545731
0.565719, 0.565734, 0.540728, 0.545731
0.565719, 0.565734, 0.540728, 0.545731
0.565719, 0.565734, 0.540728, 0.545731
0.565719, 0.565734, 0.540728, 0.545731
0.565719, 0.565734, 0.540728, 0.545731
0.565719, 0.565734, 0.540728, 0.545731
0.565719, 0.565734, 0.540728, 0.545731
0.565719, 0.565734, 0.540728, 0.545731
0.565719, 0.565734, 0.540728, 0.545731
0.565719, 0.565734, 0.540728, 0.545731
0.565719, 0.565734, 0.540728, 0.545731
0.565719, 0.565734, 0.540728, 0.545731
0.565719, 0.565734, 0.540728, 0.545731
0.565719, 0.565734, 0.540728, 0.545731
0.565719, 0.565734, 0.540728, 0.545731
0.565719, 0.565734, 0.540728, 0.545731
0.565719, 0.565734, 0.540728, 0.545731
0.565719, 0.565734, 0.540728, 0.545731
0.565719, 0.565734, 0.540728, 0.545731
0.565719, 0.565734, 0.540728, 0.545731
0.565719, 0.565734, 0.540728, 0.545731
0.565719, 0.565734, 0.540728, 0.545731
0.565719, 0.565734, 0.540728, 0.545731
0.565719, 0.565734, 0.540728, 0.545731
0.565719, 0.565734, 0.540728, 0.545731
0.565719, 0.565734, 0.540728, 0.545731
0.565719, 0.565734, 0.540728, 0.545731
0.565719, 0.565734, 0.540728, 0.545731
0.565719, 0.565734, 0.540728, 0.545731
0.565719, 0.565734, 0.540728, 0.545731
0.565719, 0.565734, 0.540728, 0.545731
0.565719, 0.565734, 0.540728, 0.545731
0.565719, 0.565734, 0.540728, 0.545731
0.565719, 0.565734, 0.540728, 0.545731
0.565719, 0.565734, 0.540728, 0.545731
0.565719, 0.565734, 0.540728, 0.545731
0.565719, 0.565734, 0.540728, 0.545731
0.565719, 0.565734, 0.540728, 0.545731
0.565719, 0.565734, 0.540728, 0.545731
0.565719, 0.565734, 0.540728, 0.545731
0.565719, 0.565734, 0.540728, 0.545731
0.565719, 0.565734, 0.540728, 0.545731
0.565719, 0.565734, 0.540728, 0.545731
0.565719, 0.565734, 0.540728, 0.545731
0.565719, 0.565734, 0.540728, 0.545731
0.565719, 0.565734, 0.540728, 0.545731
0.565719, 0.565734, 0.540728, 0.545731
0.565719, 0.565734, 0.540728, 0.545731
0.565719, 0.565734, 0.540728, 0.545731
0.565719, 0.565734, 0.540728, 0.545731
0.565719, 0.565734, 0.540728, 0.545731
0.565719, 0.565734, 0.540728, 0.545731
0.565719, 0.565734, 0.540728, 0.545731
0.565719, 0.565734, 0.540728, 0.545731
0.565719, 0.565734, 0.540728, 0.545731
0.565719, 0.565734, 0.540728, 0.545731
0.565719, 0.565734, 0.540728, 0.545731
0.565719, 0.565734, 0.540728, 0.545731
0.565719, 0.565734, 0.540728, 0.545731
0.565719, 0.565734, 0.540728, 0.545731
0.565719, 0.565734, 0.540728, 0.545731
0.565719, 0.565734, 0.540728, 0.545731
0.565719, 0.565734, 0.540728, 0.545731
0.565719, 0.565734, 0.540728, 0.545731
0.565719, 0.565734, 0.540728, 0.545731
0.565719, 0.565734, 0.540728, 0.545731
0.565719, 0.565734, 0.540728, 0.545731
0.565719, 0.565734, 0.540728, 0.545731
0.565719, 0.565734, 0.540728, 0.545731
0.565719, 0.565734, 0.540728, 0.545731
0.565719, 0.565734, 0.540728, 0.545731
0.565719, 0.565734, 0.540728, 0.545731
0.565719, 0.565734, 0.540728, 0.545731
0.565719, 0.565734, 0.540728, 0.545731
0.565719, 0.565734, 0.540728, 0.545731
0.565719, 0.565734, 0.540728, 0.545731
0.565719, 0.565734, 0.540728, 0.545731
0.565719, 0.565734, 0.540728, 0.545731
0.565719, 0.565734, 0.540728, 0.545731
0.565719, 0.565734, 0.540728, 0.545731
0.565719, 0.565734, 0.540728, 0.545731
0.565719, 0.565734, 0.540728, 0.545731
0.565719, 0.565734, 0.540728, 0.545731
0.565719, 0.565734, 0.540728, 0.545731
0.565719, 0.565734, 0.540728, 0.545731
0.565719, 0.565734, 0.540728, 0.545731
0.565719, 0.565734, 0.540728, 0.545731
0.565719, 0.565734, 0.540728, 0.545731
0.565719, 0.565734, 0.540728, 0.545731
0.565719, 0.565734, 0.540728, 0.545731
0.565719, 0.565734, 0.540728, 0.545731
0.565719, 0.565734, 0.540728, 0.545731
0.565719, 0.565734, 0.540728, 0.545731
0.565719, 0.565734, 0.540728, 0.545731
0.565719, 0.565734, 0.540728, 0.545731
0.565719, 0.565734, 0.540728, 0.545731
0.565719, 0.565734, 0.540728, 0.545731
0.565719, 0.565734, 0.540728, 0.545731
0.565719, 0.565734, 0.540728, 0.545731
0.565719, 0.565734, 0.540728, 0.545731
0.565719, 0.565734, 0.540728, 0.545731
0.565719, 0.565734, 0.540728, 0.545731
0.565719, 0.565734, 0.540728, 0.545731
0.565719, 0.565734, 0.540728, 0.545731
0.565719, 0.565734, 0.540728, 0.545731
0.565719, 0.565734, 0.540728, 0.545731
0.565719, 0.565734, 0.540728, 0.545731
0.565719, 0.565734, 0.540728, 0.545731
0.565719, 0.565734, 0.540728, 0.545731
0.565719, 0.565734, 0.540728, 0.545731
0.565719, 0.565734, 0.540728, 0.545731
0.565719, 0.565734, 0.540728, 0.545731
0.565719, 0.565734, 0.540728, 0.545731
0.565719, 0.565734, 0.540728, 0.545731
0.565719, 0.565734, 0.540728, 0.545731
0.565719, 0.565734, 0.540728, 0.545731
0.565719, 0.565734, 0.540728, 0.545731
0.565719, 0.565734, 0.540728, 0.545731
0.565719, 0.565734, 0.540728, 0.545731
0.565719, 0.565734, 0.540728, 0.545731
0.565719, 0.565734, 0.540728, 0.545731
0.565719, 0.565734, 0.540728, 0.545731
0.565719, 0.565734, 0.540728, 0.545731
0.565719, 0.565734, 0.540728, 0.545731
0.565719, 0.565734, 0.540728, 0.545731
0.565719, 0.565734, 0.540728, 0.545731
0.565719, 0.565734, 0.540728, 0.545731
0.565719, 0.565734, 0.540728, 0.545731
0.565719, 0.565734, 0.540728, 0.545731
0.565719, 0.565734, 0.540728, 0.545731
0.565719, 0.565734, 0.540728, 0.545731
0.565719, 0.565734, 0.540728, 0.545731
0.565719, 0.565734, 0.540728, 0.545731
0.565719, 0.565734, 0.540728, 0.545731
0.565719, 0.565734, 0.540728, 0.545731
0.565719, 0.565734, 0.540728, 0.545731
0.565719, 0.565734, 0.540728, 0.545731
0.565719, 0.565734, 0.540728, 0.545731
0.565719, 0.565734, 0.540728, 0.545731
0.565719, 0.565734, 0.540728, 0.545731
0.565719, 0.565734, 0.540728, 0.545731
0.565719, 0.565734, 0.540728, 0.545731
0.565719, 0.565734, 0.540728, 0.545731
0.565719, 0.565734, 0.540728, 0.545731
0.565719, 0.565734, 0.540728, 0.545731
0.565719, 0.565734, 0.540728, 0.545731
0.565719, 0.565734, 0.540728, 0.545731
0.565719, 0.565734, 0.540728, 0.545731
0.565719, 0.565734, 0.540728, 0.545731
0.565719, 0.565734, 0.540728, 0.545731
0.565719, 0.565734, 0.540728, 0.545731
0.565719, 0.565734, 0.540728, 0.545731
0.565719, 0.565734, 0.540728, 0.545731
0.565719, 0.565734, 0.540728, 0.545731
0.565719, 0.565734, 0.540728, 0.545731
0.565719, 0.565734, 0.540728, 0.545731
0.565719, 0.565734, 0.540728, 0.545731
0.565719, 0.565734, 0.540728, 0.545731
0.565719, 0.565734, 0.540728, 0.545731
0.565719, 0.565734, 0.540728, 0.545731
0.565719, 0.565734, 0.540728, 0.545731
0.565719, 0.565734, 0.540728, 0.545731
0.565719, 0.565734, 0.540728, 0.545731
0.565719, 0.565734, 0.540728, 0.545731
0.565719, 0.565734, 0.540728, 0.545731
0.565719, 0.565734, 0.540728, 0.545731
0.565719, 0.565734, 0.540728, 0.545731
0.565719, 0.565734, 0.540728, 0.545731
0.565719, 0.565734, 0.540728, 0.545731
0.565719, 0.565734, 0.540728, 0.545731
0.565719, 0.565734, 0.540728, 0.545731
0.565719, 0.565734, 0.540728, 0.545731
0.565719, 0.565734, 0.540728, 0.545731
0.565719, 0.565734, 0.540728, 0.545731
0.565719, 0.565734, 0.540728, 0.545731
0.565719, 0.565734, 0.540728, 0.545731
0.565719, 0.565734, 0.540728, 0.545731
0.565719, 0.565734, 0.540728, 0.545731
0.565719, 0.565734, 0.540728, 0.545731
0.565719, 0.565734, 0.540728, 0.545731
0.565719, 0.565734, 0.540728, 0.545731
0.565719, 0.565734, 0.540728, 0.545731
0.565719, 0.565734, 0.540728, 0.545731
0.565719, 0.565734, 0.540728, 0.545731
0.565719, 0.565734, 0.540728, 0.545731
0.565719, 0.565734, 0.540728, 0.545731
0.565719, 0.565734, 0.540728, 0.545731
0.565719, 0.565734, 0.540728, 0.545731
0.565719, 0.565734, 0.540728, 0.545731
0.565719, 0.565734, 0.540728, 0.545731
0.565719, 0.565734, 0.540728, 0.545731
0.565719, 0.565734, 0.540728, 0.545731
0.565719, 0.565734, 0.540728, 0.545731
0.565719, 0.565734, 0.540728, 0.545731
0.565719, 0.565734, 0.540728, 0.545731
0.565719, 0.565734, 0.540728, 0.545731
0.565719, 0.565734, 0.540728, 0.545731
0.565719, 0.565734, 0.540728, 0.545731
0.565719, 0.565734, 0.540728, 0.545731
0.565719, 0.565734, 0.540728, 0.545731
0.565719, 0.565734, 0.540728, 0.545731
0.565719, 0.565734, 0.540728, 0.545731
0.565719, 0.565734, 0.540728, 0.545731
0.565719, 0.565734, 0.540728, 0.545731
0.565719, 0.565734, 0.540728, 0.545731
0.565719, 0.565734, 0.540728, 0.545731
0.565719, 0.565734, 0.540728, 0.545731
0.565719, 0.565734, 0.540728, 0.545731
0.565719, 0.565734, 0.540728, 0.545731
0.565719, 0.565734, 0.540728, 0.545731
0.565719, 0.565734, 0.540728, 0.545731
0.565719, 0.565734, 0.540728, 0.545731
0.565719, 0.565734, 0.540728, 0.545731
0.565719, 0.565734, 0.540728, 0.545731
0.565719, 0.565734, 0.540728, 0.545731
0.565719, 0.565734, 0.540728, 0.545731
0.565719, 0.565734, 0.540728, 0.545731
0.565719, 0.565734, 0.540728, 0.545731
0.565719, 0.565734, 0.540728, 0.545731
0.565719, 0.565734, 0.540728, 0.545731
0.565719, 0.565734, 0.540728, 0.545731
0.565719, 0.565734, 0.540728, 0.545731
0.565719, 0.565734, 0.540728, 0.545731
0.565719, 0.565734, 0.540728, 0.545731
0.565719, 0.565734, 0.540728, 0.545731
0.565719, 0.565734, 0.540728, 0.545731
0.565719, 0.565734, 0.540728, 0.545731
0.565719, 0.565734, 0.540728, 0.545731
0.565719, 0.565734, 0.540728, 0.545731
0.565719, 0.565734, 0.540728, 0.545731
0.565719, 0.565734, 0.540728, 0.545731
0.565719, 0.565734, 0.540728, 0.545731
0.565719, 0.565734, 0.540728, 0.545731
0.565719, 0.565734, 0.540728, 0.545731
0.565719, 0.565734, 0.540728, 0.545731
0.565719, 0.565734, 0.540728, 0.545731
0.565719, 0.565734, 0.540728, 0.545731
0.565719, 0.565734, 0.540728, 0.545731
0.565719, 0.565734, 0.540728, 0.545731
0.565719, 0.565734, 0.540728, 0.545731
0.565719, 0.565734, 0.540728, 0.545731
0.565719, 0.565734, 0.540728, 0.545731
0.565719, 0.565734, 0.540728, 0.545731
0.565719, 0.565734, 0.540728, 0.545731
0.565719, 0.565734, 0.540728, 0.545731
0.565719, 0.565734, 0.540728, 0.545731
0.565719, 0.565734, 0.540728, 0.545731
0.565719, 0.565734, 0.540728, 0.545731
0.565719, 0.565734, 0.540728, 0.545731
0.565719, 0.565734, 0.540728, 0.545731
0.565719, 0.565734, 0.540728, 0.545731
0.565719, 0.565734, 0.540728, 0.545731
0.565719, 0.565734, 0.540728, 0.545731
0.565719, 0.565734, 0.540728, 0.545731
0.565719, 0.565734, 0.540728, 0.545731
0.565719, 0.565734, 0.540728, 0.545731
0.565719, 0.565734, 0.540728, 0.545731
0.565719, 0.565734, 0.540728, 0.545731
0.565719, 0.565734, 0.540728, 0.545731
0.565719, 0.565734, 0.540728, 0.545731
0.565719, 0.565734, 0.540728, 0.545731
0.565719, 0.565734, 0.540728, 0.545731
0.565719, 0.565734, 0.540728, 0.545731
0.565719, 0.565734, 0.540728, 0.545731
0.565719, 0.565734, 0.540728, 0.545731
0.565719, 0.565734, 0.540728, 0.545731
0.565719, 0.565734, 0.540728, 0.545731
0.565719, 0.565734, 0.540728, 0.545731
0.565719, 0.565734, 0.540728, 0.545731
0.565719, 0.565734, 0.540728, 0.545731
0.565719, 0.565734, 0.540728, 0.545731
0.565719, 0.565734, 0.540728, 0.545731
0.565719, 0.565734, 0.540728, 0.545731
0.565719, 0.565734, 0.540728, 0.545731
0.565719, 0.565734, 0.540728, 0.545731
0.565719, 0.565734, 0.540728, 0.545731
0.565719, 0.565734, 0.540728, 0.545731
0.565719, 0.565734, 0.540728, 0.545731
0.565719, 0.565734, 0.540728, 0.545731
0.565719, 0.565734, 0.540728, 0.545731
0.565719, 0.565734, 0.540728, 0.545731
0.565719, 0.565734, 0.540728, 0.545731
0.565719, 0.565734, 0.540728, 0.545731
0.565719, 0.565734, 0.540728, 0.545731
0.565719, 0.565734, 0.540728, 0.545731
0.565719, 0.565734, 0.540728, 0.545731
0.565719, 0.565734, 0.540728, 0.545731
0.565719, 0.565734, 0.540728, 0.545731
0.565719, 0.565734, 0.540728, 0.545731
0.565719, 0.565734, 0.540728, 0.545731
0.565719, 0.565734, 0.540728, 0.545731
0.565719, 0.565734, 0.540728, 0.545731
0.565719, 0.565734, 0.540728, 0.545731
0.565719, 0.565734, 0.540728, 0.545731
0.565719, 0.565734, 0.540728, 0.545731
0.565719, 0.565734, 0.540728, 0.545731
0.565719, 0.565734, 0.540728, 0.545731
0.565719, 0.565734, 0.540728, 0.545731
0.565719, 0.565734, 0.540728, 0.545731
0.565719, 0.565734, 0.540728, 0.545731
0.565719, 0.565734, 0.540728, 0.545731
0.565719, 0.565734, 0.540728, 0.545731
0.565719, 0.565734, 0.540728, 0.545731
0.565719, 0.565734, 0.540728, 0.545731
0.565719, 0.565734, 0.540728, 0.545731
0.565719, 0.565734, 0.540728, 0.545731
0.565719, 0.565734, 0.540728, 0.545731
0.565719, 0.565734, 0.540728, 0.545731
0.565719, 0.565734, 0.540728, 0.545731
0.565719, 0.565734, 0.540728, 0.545731
0.565719, 0.565734, 0.540728, 0.545731
0.565719, 0.565734, 0.540728, 0.545731
0.565719, 0.565734, 0.540728, 0.545731
0.565719, 0.565734, 0.540728, 0.545731
0.565719, 0.565734, 0.540728, 0.545731
0.565719, 0.565734, 0.540728, 0.545731
0.565719, 0.565734, 0.540728, 0.545731
0.565719, 0.565734, 0.540728, 0.545731
0.565719, 0.565734, 0.540728, 0.545731
0.565719, 0.565734, 0.540728, 0.545731
0.565719, 0.565734, 0.540728, 0.545731
0.565719, 0.565734, 0.540728, 0.545731
0.565719, 0.565734, 0.540728, 0.545731
0.565719, 0.565734, 0.540728, 0.545731
0.565719, 0.565734, 0.540728, 0.545731
0.565719, 0.565734, 0.540728, 0.545731
0.565719, 0.565734, 0.540728, 0.545731
0.565719, 0.565734, 0.540728, 0.545731
0.565719, 0.565734, 0.540728, 0.545731
0.565719, 0.565734, 0.540728, 0.545731
0.565719, 0.565734, 0.540728, 0.545731
0.565719, 0.565734, 0.540728, 0.545731
0.565719, 0.565734, 0.540728, 0.545731
0.565719, 0.565734, 0.540728, 0.545731
0.565719, 0.565734, 0.540728, 0.545731
0.565719, 0.565734, 0.540728, 0.545731
0.565719, 0.565734, 0.540728, 0.545731
0.565719, 0.565734, 0.540728, 0.545731
0.565719, 0.565734, 0.540728, 0.545731
0.565719, 0.565734, 0.540728, 0.545731
0.565719, 0.565734, 0.540728, 0.545731
0.565719, 0.565734, 0.540728, 0.545731
0.565719, 0.565734, 0.540728, 0.545731
0.565719, 0.565734, 0.540728, 0.545731
0.565719, 0.565734, 0.540728, 0.545731
0.565719, 0.565734, 0.540728, 0.545731
0.565719, 0.565734, 0.540728, 0.545731
0.565719, 0.565734, 0.540728, 0.545731
0.565719, 0.565734, 0.540728, 0.545731
0.565719, 0.565734, 0.540728, 0.545731
0.565719, 0.565734, 0.540728, 0.545731
0.565719, 0.565734, 0.540728, 0.545731
0.565719, 0.565734, 0.540728, 0.545731
0.565719, 0.565734, 0.540728, 0.545731
0.565719, 0.565734, 0.540728, 0.545731
0.565719, 0.565734, 0.540728, 0.545731
0.565719, 0.565734, 0.540728, 0.545731
0.565719, 0.565734, 0.540728, 0.545731
0.565719, 0.565734, 0.540728, 0.545731
0.565719, 0.565734, 0.540728, 0.545731
0.565719, 0.565734, 0.540728, 0.545731
0.565719, 0.565734, 0.540728, 0.545731
0.565719, 0.565734, 0.540728, 0.545731
0.565719, 0.565734, 0.540728, 0.545731
0.565719, 0.565734, 0.540728, 0.545731
0.565719, 0.565734, 0.540728, 0.545731
0.565719, 0.565734, 0.540728, 0.545731
0.565719, 0.565734, 0.540728, 0.545731
0.565719, 0.565734, 0.540728, 0.545731
0.565719, 0.565734, 0.540728, 0.545731
0.565719, 0.565734, 0.540728, 0.545731
0.565719, 0.565734, 0.540728, 0.545731
0.565719, 0.565734, 0.540728, 0.545731
0.565719, 0.565734, 0.540728, 0.545731
0.565719, 0.565734, 0.540728, 0.545731
0.565719, 0.565734, 0.540728, 0.545731
0.565719, 0.565734, 0.540728, 0.545731
0.565719, 0.565734, 0.540728, 0.545731
0.565719, 0.565734, 0.540728, 0.545731
0.565719, 0.565734, 0.540728, 0.545731
0.565719, 0.565734, 0.540728, 0.545731
0.565719, 0.565734, 0.540728, 0.545731
0.565719, 0.565734, 0.540728, 0.545731
0.565719, 0.565734, 0.540728, 0.545731
0.565719, 0.565734, 0.540728, 0.545731
0.565719, 0.565734, 0.540728, 0.545731
0.565719, 0.565734, 0.540728, 0.545731
0.565719, 0.565734, 0.540728, 0.545731
0.565719, 0.565734, 0.540728, 0.545731
0.565719, 0.565734, 0.540728, 0.545731
0.565719, 0.565734, 0.540728, 0.545731
0.565719, 0.565734, 0.540728, 0.545731
0.565719, 0.565734, 0.540728, 0.545731
0.565719, 0.565734, 0.540728, 0.545731
0.565719, 0.565734, 0.540728, 0.545731
0.565719, 0.565734, 0.540728, 0.545731
0.565719, 0.565734, 0.540728, 0.545731
0.565719, 0.565734, 0.540728, 0.545731
0.565719, 0.565734, 0.540728, 0.545731
0.565719, 0.565734, 0.540728, 0.545731
0.565719, 0.565734, 0.540728, 0.545731
0.565719, 0.565734, 0.540728, 0.545731
0.565719, 0.565734, 0.540728, 0.545731
0.565719, 0.565734, 0.540728, 0.545731
0.565719, 0.565734, 0.540728, 0.545731
0.565719, 0.565734, 0.540728, 0.545731
0.565719, 0.565734, 0.540728, 0.545731
0.565719, 0.565734, 0.540728, 0.545731
0.565719, 0.565734, 0.540728, 0.545731
0.565719, 0.565734, 0.540728, 0.545731
0.565719, 0.565734, 0.540728, 0.545731
0.565719, 0.565734, 0.540728, 0.545731
0.565719, 0.565734, 0.540728, 0.545731
0.565719, 0.565734, 0.540728, 0.545731
0.565719, 0.565734, 0.540728, 0.545731
0.565719, 0.565734, 0.540728, 0.545731
0.565719, 0.565734, 0.540728, 0.545731
0.565719, 0.565734, 0.540728, 0.545731
0.565719, 0.565734, 0.540728, 0.545731
0.565719, 0.565734, 0.540728, 0.545731
0.565719, 0.565734, 0.540728, 0.545731
0.565719, 0.565734, 0.540728, 0.545731
0.565719, 0.565734, 0.540728, 0.545731
0.565719, 0.565734, 0.540728, 0.545731
0.565719, 0.565734, 0.540728, 0.545731
0.565719, 0.565734, 0.540728, 0.545731
0.565719, 0.565734, 0.540728, 0.545731
0.565719, 0.565734, 0.540728, 0.545731
0.565719, 0.565734, 0.540728, 0.545731
0.565719, 0.565734, 0.540728, 0.545731
0.565719, 0.565734, 0.540728, 0.545731
0.565719, 0.565734, 0.540728, 0.545731
0.565719, 0.565734, 0.540728, 0.545731
0.565719, 0.565734, 0.540728, 0.545731
0.565719, 0.565734, 0.540728, 0.545731
0.565719, 0.565734, 0.540728, 0.545731
0.565719, 0.565734, 0.540728, 0.545731
0.565719, 0.565734, 0.540728, 0.545731
0.565719, 0.565734, 0.540728, 0.545731
0.565719, 0.565734, 0.540728, 0.545731
0.565719, 0.565734, 0.540728, 0.545731
0.565719, 0.565734, 0.540728, 0.545731
0.565719, 0.565734, 0.540728, 0.545731
0.565719, 0.565734, 0.540728, 0.545731
0.565719, 0.565734, 0.540728, 0.545731
0.565719, 0.565734, 0.540728, 0.545731
0.565719, 0.565734, 0.540728, 0.545731
0.565719, 0.565734, 0.540728, 0.545731
0.565719, 0.565734, 0.540728, 0.545731
0.565719, 0.565734, 0.540728, 0.545731
0.565719, 0.565734, 0.540728, 0.545731
0.565719, 0.565734, 0.540728, 0.545731
0.565719, 0.565734, 0.540728, 0.545731
0.565719, 0.565734, 0.540728, 0.545731
0.565719, 0.565734, 0.540728, 0.545731
0.565719, 0.565734, 0.540728, 0.545731
0.565719, 0.565734, 0.540728, 0.545731
0.565719, 0.565734, 0.540728, 0.545731
0.565719, 0.565734, 0.540728, 0.545731
0.565719, 0.565734, 0.540728, 0.545731
0.565719, 0.565734, 0.540728, 0.545731
0.565719, 0.565734, 0.540728, 0.545731
0.565719, 0.565734, 0.540728, 0.545731
0.565719, 0.565734, 0.540728, 0.545731
0.565719, 0.565734, 0.540728, 0.545731
0.565719, 0.565734, 0.540728, 0.545731
0.565719, 0.565734, 0.540728, 0.545731
0.565719, 0.565734, 0.540728, 0.545731
0.565719, 0.565734, 0.540728, 0.545731
0.565719, 0.565734, 0.540728, 0.545731
0.565719, 0.565734, 0.540728, 0.545731
0.565719, 0.565734, 0.540728, 0.545731
0.565719, 0.565734, 0.540728, 0.545731
0.565719, 0.565734, 0.540728, 0.545731
0.565719, 0.565734, 0.540728, 0.545731
0.565719, 0.565734, 0.540728, 0.545731
0.565719, 0.565734, 0.540728, 0.545731
0.565719, 0.565734, 0.540728, 0.545731
0.565719, 0.565734, 0.540728, 0.545731
0.565719, 0.565734, 0.540728, 0.545731
0.565719, 0.565734, 0.540728, 0.545731
0.565719, 0.565734, 0.540728, 0.545731
0.565719, 0.565734, 0.540728, 0.545731
0.565719, 0.565734, 0.540728, 0.545731
0.565719, 0.565734, 0.540728, 0.545731
0.565719, 0.565734, 0.540728, 0.545731
0.565719, 0.565734, 0.540728, 0.545731
0.565719, 0.565734, 0.540728, 0.545731
0.565719, 0.565734, 0.540728, 0.545731
0.565719, 0.565734, 0.540728, 0.545731
0.565719, 0.565734, 0.540728, 0.545731
0.565719, 0.565734, 0.540728, 0.545731
0.565719, 0.565734, 0.540728, 0.545731
0.565719, 0.565734, 0.540728, 0.545731
0.565719, 0.565734, 0.540728, 0.545731
0.565719, 0.565734, 0.540728, 0.545731
0.565719, 0.565734, 0.540728, 0.545731
0.565719, 0.565734, 0.540728, 0.545731
0.565719, 0.565734, 0.540728, 0.545731
0.565719, 0.565734, 0.540728, 0.545731
0.565719, 0.565734, 0.540728, 0.545731
0.565719, 0.565734, 0.540728, 0.545731
0.565719, 0.565734, 0.540728, 0.545731
0.565719, 0.565734, 0.540728, 0.545731
0.565719, 0.565734, 0.540728, 0.545731
0.565719, 0.565734, 0.540728, 0.545731
0.565719, 0.565734, 0.540728, 0.545731
0.565719, 0.565734, 0.540728, 0.545731
0.565719, 0.565734, 0.540728, 0.545731
0.565719, 0.565734, 0.540728, 0.545731
0.565719, 0.565734, 0.540728, 0.545731
0.565719, 0.565734, 0.540728, 0.545731
0.565719, 0.565734, 0.540728, 0.545731
0.565719, 0.565734, 0.540728, 0.545731
0.565719, 0.565734, 0.540728, 0.545731
0.565719, 0.565734, 0.540728, 0.545731
0.565719, 0.565734, 0.540728, 0.545731
0.565719, 0.565734, 0.540728, 0.545731
0.565719, 0.565734, 0.540728, 0.545731
0.565719, 0.565734, 0.540728, 0.545731
0.565719, 0.565734, 0.540728, 0.545731
0.565719, 0.565734, 0.540728, 0.545731
0.565719, 0.565734, 0.540728, 0.545731
0.565719, 0.565734, 0.540728, 0.545731
0.565719, 0.565734, 0.540728, 0.545731
0.565719, 0.565734, 0.540728, 0.545731
0.565719, 0.565734, 0.540728, 0.545731
0.565719, 0.565734, 0.540728, 0.545731
0.565719, 0.565734, 0.540728, 0.545731
0.565719, 0.565734, 0.540728, 0.545731
0.565719, 0.565734, 0.540728, 0.545731
0.565719, 0.565734, 0.540728, 0.545731
0.565719, 0.565734, 0.540728, 0.545731
0.565719, 0.565734, 0.540728, 0.545731
0.565719, 0.565734, 0.540728, 0.545731
0.565719, 0.565734, 0.540728, 0.545731
0.565719, 0.565734, 0.540728, 0.545731
0.565719, 0.565734, 0.540728, 0.545731
0.565719, 0.565734, 0.540728, 0.545731
0.565719, 0.565734, 0.540728, 0.545731
0.565719, 0.565734, 0.540728, 0.545731
0.565719, 0.565734, 0.540728, 0.545731
0.565719, 0.565734, 0.540728, 0.545731
0.565719, 0.565734, 0.540728, 0.545731
0.565719, 0.565734, 0.540728, 0.545731
0.565719, 0.565734, 0.540728, 0.545731
0.565719, 0.565734, 0.540728, 0.545731
0.565719, 0.565734, 0.540728, 0.545731
0.565719, 0.565734, 0.540728, 0.545731
0.565719, 0.565734, 0.540728, 0.545731
0.565719, 0.565734, 0.540728, 0.545731
0.565719, 0.565734, 0.540728, 0.545731
0.565719, 0.565734, 0.540728, 0.545731
0.565719, 0.565734, 0.540728, 0.545731
0.565719, 0.565734, 0.540728, 0.545731
0.565719, 0.565734, 0.540728, 0.545731
0.565719, 0.565734, 0.540728, 0.545731
0.565719, 0.565734, 0.540728, 0.545731
0.565719, 0.565734, 0.540728, 0.545731
0.565719, 0.565734, 0.540728, 0.545731
0.565719, 0.565734, 0.540728, 0.545731
0.565719, 0.565734, 0.540728, 0.545731
0.565719, 0.565734, 0.540728, 0.545731
0.565719, 0.565734, 0.540728, 0.545731
0.565719, 0.565734, 0.540728, 0.545731
0.565719, 0.565734, 0.540728, 0.545731
0.565719, 0.565734, 0.540728, 0.545731
0.565719, 0.565734, 0.540728, 0.545731
0.565719, 0.565734, 0.540728, 0.545731
0.565719, 0.565734, 0.540728, 0.545731
0.565719, 0.565734, 0.540728, 0.545731
0.565719, 0.565734, 0.540728, 0.545731
0.593949, 0.595369, 0.570706, 0.575633
0.590429, 0.591777, 0.5664, 0.571181
0.568004, 0.568065, 0.543061, 0.548058
0.571787, 0.572151, 0.547015, 0.552014
0.58055, 0.581104, 0.556038, 0.561059
0.572035, 0.572332, 0.547233, 0.552243
0.572072, 0.572318, 0.547309, 0.552348
0.572072, 0.572318, 0.547309, 0.552348
0.572072, 0.572318, 0.547309, 0.552348
0.572072, 0.572318, 0.547309, 0.552348
0.572072, 0.572318, 0.547309, 0.552348
0.572072, 0.572318, 0.547309, 0.552348
0.572072, 0.572318, 0.547309, 0.552348
0.572072, 0.572318, 0.547309, 0.552348
0.572072, 0.572318, 0.547309, 0.552348
0.572072, 0.572318, 0.547309, 0.552348
0.572072, 0.572318, 0.547309, 0.552348
0.572072, 0.572318, 0.547309, 0.552348
0.572072, 0.572318, 0.547309, 0.552348
0.572072, 0.572317, 0.547284, 0.552319
0.572072, 0.572317, 0.547284, 0.552319
0.572072, 0.572317, 0.547284, 0.552319
0.572072, 0.572317, 0.547284, 0.552319
0.572072, 0.572317, 0.547284, 0.552319
0.572072, 0.572317, 0.547284, 0.552319
0.572072, 0.572314, 0.547227, 0.552252
0.572072, 0.572314, 0.547228, 0.552253
0.572072, 0.572314, 0.547228, 0.552253
0.572072, 0.572314, 0.547228, 0.552253
0.572072, 0.572314, 0.547228, 0.552253
0.572072, 0.572314, 0.547228, 0.552253
0.572072, 0.572314, 0.547228, 0.552253
0.572072, 0.572314, 0.547228, 0.552253
0.572072, 0.572314, 0.547228, 0.552253
0.572072, 0.572314, 0.547228, 0.552253
0.572072, 0.572314, 0.547228, 0.552253
0.572072, 0.572314, 0.547228, 0.552253
0.572072, 0.572314, 0.547228, 0.552253
0.572072, 0.572314, 0.547228, 0.552253
0.572072, 0.572314, 0.547228, 0.552253
0.572072, 0.572314, 0.547228, 0.552253
0.572072, 0.572314, 0.547228, 0.552253
0.572072, 0.572314, 0.547228, 0.552253
0.572072, 0.572314, 0.547228, 0.552253
0.572072, 0.572314, 0.547228, 0.552253
0.572072, 0.572303, 0.547213, 0.552236
0.572072, 0.572303, 0.547213, 0.552236
0.572072, 0.572303, 0.547213, 0.552236
0.572072, 0.572303, 0.547213, 0.552236
0.572072, 0.572303, 0.547213, 0.552236
0.572072, 0.572303, 0.547213, 0.552236
0.572072, 0.572303, 0.547213, 0.552236
0.572072, 0.572303, 0.547213, 0.552236
0.572072, 0.572303, 0.547213, 0.552236
0.572072, 0.572303, 0.547213, 0.552236
0.572072, 0.572303, 0.547213, 0.552236
0.572072, 0.572303, 0.547213, 0.552236
0.572072, 0.572303, 0.547213, 0.552236
0.572072, 0.572303, 0.547213, 0.552236
0.572072, 0.572303, 0.547213, 0.552236
0.572072, 0.572303, 0.547213, 0.552236
0.572072, 0.572303, 0.547213, 0.552236
0.572072, 0.572303, 0.547213, 0.552236
0.572072, 0.572303, 0.547213, 0.552236
0.572072, 0.572303, 0.547213, 0.552236
0.572072, 0.572303, 0.547213, 0.552236
0.572072, 0.572303, 0.547213, 0.552236
0.572072, 0.572303, 0.547213, 0.552236
0.572072, 0.572303, 0.547213, 0.552236
0.572072, 0.572303, 0.547213, 0.552236
0.572072, 0.572303, 0.547213, 0.552236
0.572072, 0.572303, 0.547213, 0.552236
0.572072, 0.572303, 0.547213, 0.552236
0.572072, 0.572303, 0.547213, 0.552236
0.572072, 0.572303, 0.547213, 0.552236
0.572072, 0.572303, 0.547213, 0.552236
0.572072, 0.572303, 0.547213, 0.552236
0.572072, 0.572303, 0.547213, 0.552236
0.572072, 0.572303, 0.547213, 0.552236
0.572072, 0.572303, 0.547213, 0.552236
0.572072, 0.572303, 0.547213, 0.552236
0.572072, 0.572303, 0.547213, 0.552236
0.572072, 0.572303, 0.547213, 0.552236
0.572072, 0.572303, 0.547213, 0.552236
0.572072, 0.572303, 0.547213, 0.552236
0.572072, 0.572303, 0.547213, 0.552236
0.572072, 0.572303, 0.547213, 0.552236
0.572072, 0.572303, 0.547213, 0.552236
0.572072, 0.572303, 0.547213, 0.552236
0.572072, 0.572303, 0.547213, 0.552236
0.572072, 0.572303, 0.547213, 0.552236
0.572072, 0.572303, 0.547213, 0.552236
0.572072, 0.572303, 0.547213, 0.552236
0.572072, 0.572303, 0.547213, 0.552236
0.572072, 0.572303, 0.547213, 0.552236
0.572072, 0.572303, 0.547213, 0.552236
0.572072, 0.572303, 0.547213, 0.552236
0.572072, 0.572303, 0.547213, 0.552236
0.572072, 0.572303, 0.547213, 0.552236
0.572072, 0.572313, 0.547206, 0.552228
0.572072, 0.572313, 0.547206, 0.552228
0.572072, 0.572313, 0.547206, 0.552228
0.572072, 0.572313, 0.547206, 0.552228
0.572072, 0.572313, 0.547206, 0.552228
0.572072, 0.572313, 0.547206, 0.552228
0.572072, 0.572313, 0.547206, 0.552228
0.572072, 0.572313, 0.547206, 0.552228
0.572072, 0.572313, 0.547206, 0.552228
0.572072, 0.572313, 0.547206, 0.552228
0.572072, 0.572313, 0.547206, 0.552228
0.572072, 0.572313, 0.547206, 0.552228
0.572072, 0.572313, 0.547206, 0.552228
0.572072, 0.572313, 0.547206, 0.552228
0.572072, 0.572313, 0.547206, 0.552228
0.572072, 0.572313, 0.547206, 0.552228
0.572072, 0.572313, 0.547206, 0.552228
0.572072, 0.572313, 0.547206, 0.552228
0.572072, 0.572313, 0.547206, 0.552228
0.572072, 0.572313, 0.547206, 0.552228
0.572072, 0.572313, 0.547206, 0.552228
0.572072, 0.572313, 0.547206, 0.552228
0.572072, 0.572313, 0.547206, 0.552228
0.572072, 0.572313, 0.547206, 0.552228
0.572072, 0.572313, 0.547206, 0.552228
0.572072, 0.572313, 0.547206, 0.552228
0.572072, 0.572313, 0.547206, 0.552228
0.572072, 0.572313, 0.547206, 0.552228
0.572072, 0.572313, 0.547206, 0.552228
0.572072, 0.572313, 0.547206, 0.552228
0.572072, 0.572313, 0.547206, 0.552228
0.572072, 0.572313, 0.547206, 0.552228
0.572072, 0.572313, 0.547206, 0.552228
0.572072, 0.572313, 0.547206, 0.552228
0.572072, 0.572313, 0.547206, 0.552228
0.572072, 0.572313, 0.547206, 0.552228
0.572072, 0.572313, 0.547206, 0.552228
0.572072, 0.572313, 0.547206, 0.552228
0.572072, 0.572313, 0.547206, 0.552228
0.572072, 0.572313, 0.547206, 0.552228
0.572072, 0.572313, 0.547206, 0.552228
0.572072, 0.572313, 0.547206, 0.552228
0.572072, 0.572313, 0.547206, 0.552228
0.572072, 0.572313, 0.547206, 0.552228
0.572072, 0.572313, 0.547206, 0.552228
0.572072, 0.572313, 0.547206, 0.552228
0.572072, 0.572313, 0.547206, 0.552228
0.572072, 0.572313, 0.547206, 0.552228
0.572072, 0.572313, 0.547206, 0.552228
0.572072, 0.572313, 0.547206, 0.552228
0.572072, 0.572313, 0.547206, 0.552228
0.572072, 0.572313, 0.547206, 0.552228
0.572072, 0.572313, 0.547206, 0.552228
0.572072, 0.572313, 0.547206, 0.552228
0.572072, 0.572313, 0.547206, 0.552228
0.572072, 0.572313, 0.547206, 0.552228
0.572072, 0.572313, 0.547206, 0.552228
0.572072, 0.572313, 0.547206, 0.552228
0.572072, 0.572313, 0.547206, 0.552228
0.572072, 0.572313, 0.547206, 0.552228
0.572072, 0.572313, 0.547206, 0.552228
0.572072, 0.572313, 0.547206, 0.552228
0.572072, 0.572313, 0.547206, 0.552228
0.572072, 0.572313, 0.547206, 0.552228
0.572072, 0.572313, 0.547206, 0.552228
0.572072, 0.572313, 0.547206, 0.552228
0.572072, 0.572313, 0.547206, 0.552228
0.572072, 0.572313, 0.547206, 0.552228
0.572072, 0.572313, 0.547206, 0.552228
0.572072, 0.572313, 0.547206, 0.552228
0.572072, 0.572313, 0.547206, 0.552228
0.572072, 0.572313, 0.547206, 0.552228
0.572072, 0.572313, 0.547206, 0.552228
0.572072, 0.572313, 0.547206, 0.552228
0.572072, 0.572313, 0.547206, 0.552228
0.572072, 0.572313, 0.547206, 0.552228
0.572072, 0.572313, 0.547206, 0.552228
0.572072, 0.572313, 0.547206, 0.552228
0.572072, 0.572313, 0.547206, 0.552228
0.572072, 0.572313, 0.547206, 0.552228
0.572072, 0.572313, 0.547206, 0.552228
0.572072, 0.572313, 0.547206, 0.552228
0.572072, 0.572313, 0.547206, 0.552228
0.572072, 0.572313, 0.547206, 0.552228
0.572072, 0.572313, 0.547206, 0.552228
0.572072, 0.572313, 0.547206, 0.552228
0.572072, 0.572313, 0.547206, 0.552228
0.572072, 0.572313, 0.547206, 0.552228
0.572072, 0.572313, 0.547206, 0.552228
0.572072, 0.572313, 0.547206, 0.552228
0.572072, 0.572313, 0.547206, 0.552228
0.572072, 0.572313, 0.547206, 0.552228
0.572072, 0.572313, 0.547206, 0.552228
0.572072, 0.572313, 0.547206, 0.552228
0.572072, 0.572313, 0.547206, 0.552228
0.572072, 0.572313, 0.547206, 0.552228
0.572072, 0.572313, 0.547206, 0.552228
0.572072, 0.572313, 0.547206, 0.552228
0.572072, 0.572313, 0.547206, 0.552228
0.572072, 0.572107, 0.547234, 0.552263
0.572072, 0.572104, 0.547231, 0.55226
0.572072, 0.572103, 0.54723, 0.552259
0.572072, 0.57208, 0.547188, 0.5522
0.572072, 0.572113, 0.547143, 0.552128
0.572072, 0.572113, 0.547142, 0.552127
0.572072, 0.572115, 0.54714, 0.552124
0.572072, 0.572108, 0.54715, 0.552139
0.572072, 0.572107, 0.547151, 0.55214
0.572072, 0.572123, 0.547129, 0.552105
0.572072, 0.572123, 0.547128, 0.552104
0.572072, 0.572119, 0.547135, 0.552114
0.572072, 0.572119, 0.547135, 0.552114
0.572072, 0.572118, 0.547137, 0.552117
0.572072, 0.572106, 0.547233, 0.552262
0.572072, 0.572229, 0.547367, 0.552418
0.572072, 0.572229, 0.547367, 0.552418
0.572072, 0.572266, 0.547405, 0.552462
0.572072, 0.572373, 0.547503, 0.552575
0.572072, 0.572374, 0.547504, 0.552576
0.572072, 0.572411, 0.54753, 0.552607
0.572072, 0.572411, 0.54753, 0.552607
0.572072, 0.572427, 0.54754, 0.552617
0.572072, 0.572413, 0.547532, 0.552608
0.572072, 0.572413, 0.547532, 0.552608
0.572072, 0.572421, 0.547537, 0.552614
0.572072, 0.572388, 0.547515, 0.552589
0.572072, 0.572388, 0.547515, 0.552589
0.572072, 0.572373, 0.547503, 0.552575
0.572072, 0.572354, 0.547488, 0.552557
0.572072, 0.572354, 0.547488, 0.552557
0.572072, 0.572337, 0.547473, 0.55254
0.572072, 0.572322, 0.547459, 0.552525
0.572072, 0.572322, 0.547459, 0.552525
0.572072, 0.572298, 0.547437, 0.552499
0.572072, 0.572233, 0.547742, 0.552857
0.572072, 0.572266, 0.547879, 0.553016
0.572072, 0.572266, 0.547881, 0.553019
0.572072, 0.572266, 0.547881, 0.553019
0.572072, 0.572413, 0.547853, 0.552983
0.572072, 0.572419, 0.547836, 0.552964
0.572072, 0.572425, 0.547689, 0.55279
0.572072, 0.572447, 0.547628, 0.552719
0.572072, 0.572448, 0.547556, 0.552634
0.572072, 0.572442, 0.547455, 0.552516
0.572072, 0.572442, 0.547454, 0.552515
0.572072, 0.572433, 0.547381, 0.552429
0.572072, 0.5721, 0.547469, 0.552536
0.572072, 0.5721, 0.547468, 0.552535
0.572072, 0.57242, 0.54731, 0.552317
0.572072, 0.572418, 0.547309, 0.552311
0.572072, 0.572418, 0.547309, 0.552311
0.572072, 0.572418, 0.547309, 0.552346
0.572072, 0.572418, 0.54731, 0.552346
0.572072, 0.572423, 0.547379, 0.552427
0.572072, 0.572423, 0.547379, 0.552427
0.572072, 0.572425, 0.54745, 0.55251
0.572072, 0.572268, 0.54786, 0.552995
0.572072, 0.572268, 0.547861, 0.552995
0.572072, 0.572414, 0.547627, 0.552718
0.572072, 0.572414, 0.547627, 0.552718
0.572072, 0.572369, 0.547868, 0.553001
0.572072, 0.572279, 0.547979, 0.553133
0.572072, 0.572278, 0.547979, 0.553133
0.572072, 0.572315, 0.547667, 0.552768
0.572072, 0.572301, 0.547619, 0.552712
0.572072, 0.5723, 0.547618, 0.552711
0.572072, 0.572277, 0.547764, 0.552882
0.572072, 0.57227, 0.547335, 0.552381
0.572072, 0.57227, 0.547334, 0.552379
0.572072, 0.57227, 0.547334, 0.552379
0.572072, 0.572251, 0.547341, 0.552388
0.572072, 0.572251, 0.547341, 0.552388
0.572072, 0.572205, 0.547288, 0.552326
0.572072, 0.572157, 0.54729, 0.552329
0.572072, 0.572157, 0.54729, 0.552329
0.572072, 0.572089, 0.547214, 0.55224
0.572072, 0.572091, 0.547173, 0.552175
0.572072, 0.572097, 0.547165, 0.552162
0.572072, 0.572076, 0.547193, 0.552207
0.572072, 0.572075, 0.547195, 0.55221
0.572072, 0.572222, 0.547361, 0.552411
0.572072, 0.572231, 0.54737, 0.552421
0.572072, 0.572231, 0.54737, 0.552421
0.572072, 0.572229, 0.547368, 0.55242
0.572072, 0.572317, 0.547455, 0.55252
0.572072, 0.57231, 0.547448, 0.552512
0.572072, 0.57231, 0.547448, 0.552512
0.572072, 0.572297, 0.547331, 0.552376
0.572072, 0.572205, 0.547288, 0.552326
0.572072, 0.5722, 0.547285, 0.552323
0.572072, 0.572207, 0.547289, 0.552327
0.572072, 0.572207, 0.547289, 0.552327
0.572072, 0.572209, 0.54729, 0.552328
0.572072, 0.572233, 0.547302, 0.552342
0.572072, 0.572233, 0.547302, 0.552342
0.572072, 0.572234, 0.547303, 0.552343
0.572072, 0.572302, 0.547333, 0.552378
0.572072, 0.572303, 0.547334, 0.552378
0.572072, 0.572356, 0.547351, 0.552398
0.572072, 0.572356, 0.547351, 0.552398
0.572072, 0.572384, 0.547357, 0.552404
0.572072, 0.572397, 0.547358, 0.552405
0.572072, 0.572411, 0.547358, 0.552405
0.572072, 0.572411, 0.547358, 0.552405
0.572072, 0.572235, 0.5476, 0.552691
0.572072, 0.572235, 0.547595, 0.552685
0.572072, 0.572235, 0.547603, 0.552695
0.572072, 0.572235, 0.547592, 0.552682
0.572072, 0.572235, 0.547592, 0.552681
0.572072, 0.572233, 0.547522, 0.5526
0.572072, 0.572232, 0.547497, 0.552571
0.572072, 0.572269, 0.547675, 0.552778
0.572072, 0.572266, 0.547671, 0.552774
0.572072, 0.57246, 0.547595, 0.552681
0.572072, 0.57246, 0.547595, 0.552681
0.572072, 0.572439, 0.547322, 0.55233
0.572072, 0.572439, 0.547322, 0.552333
0.572072, 0.572406, 0.547523, 0.552598
0.572072, 0.572412, 0.54759, 0.552676
0.572072, 0.572414, 0.547641, 0.552737
0.572072, 0.572414, 0.547641, 0.552737
0.572072, 0.572417, 0.547669, 0.552769
0.572072, 0.572422, 0.547752, 0.552866
0.572072, 0.572422, 0.547753, 0.552866
0.572072, 0.572422, 0.547753, 0.552866
0.572072, 0.572426, 0.547775, 0.552893
0.572072, 0.572426, 0.547776, 0.552893
0.572072, 0.572426, 0.547776, 0.552893
0.572072, 0.572426, 0.547776, 0.552893
0.572072, 0.572426, 0.547776, 0.552893
0.572072, 0.572426, 0.547776, 0.552893
0.572072, 0.572426, 0.547776, 0.552893
0.572072, 0.572426, 0.547776, 0.552893
0.572072, 0.572426, 0.547776, 0.552893
0.572072, 0.572426, 0.547776, 0.552893
0.572072, 0.572426, 0.547776, 0.552893
0.572072, 0.572426, 0.547776, 0.552893
0.572072, 0.572426, 0.547776, 0.552893
0.572072, 0.572426, 0.547776, 0.552893
0.572072, 0.572426, 0.547776, 0.552893
0.572072, 0.572426, 0.547776, 0.552893
0.572072, 0.572426, 0.547776, 0.552893
0.572072, 0.572426, 0.547776, 0.552893
0.572072, 0.572426, 0.547776, 0.552893
0.572072, 0.572426, 0.547776, 0.552893
0.572072, 0.572426, 0.547776, 0.552893
0.572072, 0.572426, 0.547776, 0.552893
0.572072, 0.572426, 0.547776, 0.552893
0.572072, 0.572426, 0.547776, 0.552893
0.572072, 0.572426, 0.547776, 0.552893
0.572072, 0.572426, 0.547776, 0.552893
0.572072, 0.572426, 0.547776, 0.552893
0.572072, 0.572426, 0.547776, 0.552893
0.572072, 0.572426, 0.547776, 0.552893
0.572072, 0.572426, 0.547776, 0.552893
0.572072, 0.572426, 0.547776, 0.552893
0.572072, 0.572426, 0.547776, 0.552893
0.572072, 0.572426, 0.547776, 0.552893
0.572072, 0.572426, 0.547776, 0.552893
0.572072, 0.572426, 0.547776, 0.552893
0.572072, 0.572426, 0.547776, 0.552893
0.572072, 0.572426, 0.547776, 0.552893
0.572072, 0.572426, 0.547776, 0.552893
0.572072, 0.572426, 0.547776, 0.552893
0.572072, 0.572426, 0.547776, 0.552893
0.572072, 0.572426, 0.547776, 0.552893
0.572072, 0.572426, 0.547776, 0.552893
0.572072, 0.572426, 0.547776, 0.552893
0.572072, 0.572426, 0.547776, 0.552893
0.572072, 0.572426, 0.547776, 0.552893
0.572072, 0.572426, 0.547776, 0.552893
0.572072, 0.572426, 0.547776, 0.552893
0.572072, 0.572426, 0.547776, 0.552893
0.572072, 0.572426, 0.547776, 0.552893
0.572072, 0.572426, 0.547776, 0.552893
0.572072, 0.572426, 0.547776, 0.552893
0.572072, 0.572426, 0.547776, 0.552893
0.572072, 0.572426, 0.547776, 0.552893
0.572072, 0.572426, 0.547776, 0.552893
0.572072, 0.572426, 0.547776, 0.552893
0.572072, 0.572426, 0.547776, 0.552893
0.572072, 0.572426, 0.547776, 0.552893
0.572072, 0.572426, 0.547776, 0.552893
0.572072, 0.572426, 0.547776, 0.552893
0.572072, 0.572426, 0.547776, 0.552893
0.572072, 0.572426, 0.547776, 0.552893
0.572072, 0.572426, 0.547776, 0.552893
0.572072, 0.572426, 0.547776, 0.552893
0.572072, 0.572426, 0.547776, 0.552893
0.572072, 0.572426, 0.547776, 0.552893
0.572072, 0.572426, 0.547776, 0.552893
0.572072, 0.572426, 0.547776, 0.552893
0.572072, 0.572426, 0.547776, 0.552893
0.572072, 0.572426, 0.547776, 0.552893
0.572072, 0.572426, 0.547776, 0.552893
0.572072, 0.572426, 0.547776, 0.552893
0.572072, 0.572426, 0.547776, 0.552893
0.572072, 0.572426, 0.547776, 0.552893
0.572072, 0.572426, 0.547776, 0.552893
0.572072, 0.572426, 0.547776, 0.552893
0.572072, 0.572426, 0.547776, 0.552893
0.572072, 0.572426, 0.547776, 0.552893
0.572072, 0.572426, 0.547776, 0.552893
0.572072, 0.572426, 0.547776, 0.552893
0.572072, 0.572426, 0.547776, 0.552893
0.572072, 0.572426, 0.547776, 0.552893
0.572072, 0.572426, 0.547776, 0.552893
0.572072, 0.572426, 0.547776, 0.552893
0.572072, 0.572426, 0.547776, 0.552893
0.572072, 0.572426, 0.547776, 0.552893
0.572072, 0.572426, 0.547776, 0.552893
0.572072, 0.572426, 0.547776, 0.552893
0.572072, 0.572426, 0.547776, 0.552893
0.572072, 0.572426, 0.547776, 0.552893
0.572072, 0.572426, 0.547776, 0.552893
0.572072, 0.572426, 0.547776, 0.552893
0.572072, 0.572426, 0.547776, 0.552893
0.572072, 0.572426, 0.547776, 0.552893
0.572072, 0.572426, 0.547776, 0.552893
0.572072, 0.572426, 0.547776, 0.552893
0.572072, 0.572426, 0.547776, 0.552893
0.572072, 0.572426, 0.547776, 0.552893
0.572072, 0.572426, 0.547776, 0.552893
0.572072, 0.572426, 0.547776, 0.552893
0.572072, 0.572426, 0.547776, 0.552893
0.572072, 0.572426, 0.547776, 0.552893
0.572072, 0.572426, 0.547776, 0.552893
0.572072, 0.572426, 0.547776, 0.552893
0.572072, 0.572426, 0.547776, 0.552893
0.572072, 0.572426, 0.547776, 0.552893
0.572072, 0.572426, 0.547776, 0.552893
0.572072, 0.572426, 0.547776, 0.552893
0.572072, 0.572426, 0.547776, 0.552893
0.572072, 0.572426, 0.547776, 0.552893
0.572072, 0.572426, 0.547776, 0.552893
0.572072, 0.572426, 0.547776, 0.552893
0.572072, 0.572426, 0.547776, 0.552893
0.572072, 0.572426, 0.547776, 0.552893
0.572072, 0.572426, 0.547776, 0.552893
0.572072, 0.572426, 0.547776, 0.552893
0.572072, 0.572426, 0.547776, 0.552893
0.572072, 0.572426, 0.547776, 0.552893
0.572072, 0.572426, 0.547776, 0.552893
0.572072, 0.572426, 0.547776, 0.552893
0.572072, 0.572426, 0.547776, 0.552893
0.572072, 0.572426, 0.547776, 0.552893
0.572072, 0.572426, 0.547776, 0.552893
0.572072, 0.572426, 0.547776, 0.552893
0.572072, 0.572426, 0.547776, 0.552893
0.572072, 0.572426, 0.547776, 0.552893
0.572072, 0.572426, 0.547776, 0.552893
0.572072, 0.572426, 0.547776, 0.552893
0.572072, 0.572426, 0.547776, 0.552893
0.572072, 0.572426, 0.547776, 0.552893
0.572072, 0.572426, 0.547776, 0.552893
0.572072, 0.572426, 0.547776, 0.552893
0.572072, 0.572426, 0.547776, 0.552893
0.572072, 0.572426, 0.547776, 0.552893
0.572072, 0.572426, 0.547776, 0.552893
0.572072, 0.572426, 0.547776, 0.552893
0.572072, 0.572426, 0.547776, 0.552893
0.572072, 0.572426, 0.547776, 0.552893
0.572072, 0.572426, 0.547776, 0.552893
0.572072, 0.572426, 0.547776, 0.552893
0.572072, 0.572426, 0.547776, 0.552893
0.572072, 0.572426, 0.547776, 0.552893
0.572072, 0.572426, 0.547776, 0.552893
0.572072, 0.572426, 0.547776, 0.552893
0.572072, 0.572426, 0.547776, 0.552893
0.572072, 0.572426, 0.547776, 0.552893
0.572072, 0.572426, 0.547776, 0.552893
0.572072, 0.572426, 0.547776, 0.552893
0.572072, 0.572426, 0.547776, 0.552893
0.572072, 0.572426, 0.547776, 0.552893
0.572072, 0.572426, 0.547776, 0.552893
0.572072, 0.572426, 0.547776, 0.552893
0.572072, 0.572426, 0.547776, 0.552893
0.572072, 0.572426, 0.547776, 0.552893
0.572072, 0.572426, 0.547776, 0.552893
0.572072, 0.572426, 0.547776, 0.552893
0.572072, 0.572426, 0.547776, 0.552893
0.572072, 0.572426, 0.547776, 0.552893
0.572072, 0.572426, 0.547776, 0.552893
0.572072, 0.572426, 0.547776, 0.552893
0.572072, 0.572426, 0.547776, 0.552893
0.572072, 0.572426, 0.547776, 0.552893
0.572072, 0.572426, 0.547776, 0.552893
0.572072, 0.572426, 0.547776, 0.552893
0.572072, 0.572426, 0.547776, 0.552893
0.572072, 0.572426, 0.547776, 0.552893
0.572072, 0.572426, 0.547776, 0.552893
0.572072, 0.572426, 0.547776, 0.552893
0.572072, 0.572426, 0.547776, 0.552893
0.572072, 0.572426, 0.547776, 0.552893
0.572072, 0.572426, 0.547776, 0.552893
0.572072, 0.572426, 0.547776, 0.552893
0.572072, 0.572426, 0.547776, 0.552893
0.572072, 0.572426, 0.547776, 0.552893
0.572072, 0.572426, 0.547776, 0.552893
0.572072, 0.572426, 0.547776, 0.552893
0.572072, 0.572426, 0.547776, 0.552893
0.572072, 0.572426, 0.547776, 0.552893
0.572072, 0.572426, 0.547776, 0.552893
0.572072, 0.572426, 0.547776, 0.552893
0.572072, 0.572426, 0.547776, 0.552893
0.572072, 0.572426, 0.547776, 0.552893
0.572072, 0.572426, 0.547776, 0.552893
0.572072, 0.572426, 0.547776, 0.552893
0.572072, 0.572426, 0.547776, 0.552893
0.572072, 0.572426, 0.547776, 0.552893
0.572072, 0.572426, 0.547776, 0.552893
0.572072, 0.572426, 0.547776, 0.552893
0.572072, 0.572426, 0.547776, 0.552893
0.572072, 0.572426, 0.547776, 0.552893
0.572072, 0.572426, 0.547776, 0.552893
0.572072, 0.572426, 0.547776, 0.552893
0.572072, 0.572426, 0.547776, 0.552893
0.572072, 0.572426, 0.547776, 0.552893
0.572072, 0.572426, 0.547776, 0.552893
0.572072, 0.572426, 0.547776, 0.552893
0.572072, 0.572426, 0.547776, 0.552893
0.572072, 0.572426, 0.547776, 0.552893
0.572072, 0.572426, 0.547776, 0.552893
0.572072, 0.572426, 0.547776, 0.552893
0.572072, 0.572426, 0.547776, 0.552893
0.572072, 0.572426, 0.547776, 0.552893
0.572072, 0.572426, 0.547776, 0.552893
0.572072, 0.572426, 0.547776, 0.552893
0.572072, 0.572426, 0.547776, 0.552893
0.572072, 0.572426, 0.547776, 0.552893
0.572072, 0.572426, 0.547776, 0.552893
0.572072, 0.572426, 0.547776, 0.552893
0.572072, 0.572426, 0.547776, 0.552893
0.572072, 0.572426, 0.547776, 0.552893
0.572072, 0.572426, 0.547776, 0.552893
0.572072, 0.572426, 0.547776, 0.552893
0.572072, 0.572426, 0.547776, 0.552893
0.572072, 0.572426, 0.547776, 0.552893
0.572072, 0.572426, 0.547776, 0.552893
0.572072, 0.572426, 0.547776, 0.552893
0.572072, 0.572426, 0.547776, 0.552893
0.572072, 0.572426, 0.547776, 0.552893
0.572072, 0.572426, 0.547776, 0.552893
0.572072, 0.572426, 0.547776, 0.552893
0.572072, 0.572426, 0.547776, 0.552893
0.572072, 0.572426, 0.547776, 0.552893
0.572072, 0.572426, 0.547776, 0.552893
0.572072, 0.572426, 0.547776, 0.552893
0.572072, 0.572426, 0.547776, 0.552893
0.572072, 0.572426, 0.547776, 0.552893
0.572072, 0.572426, 0.547776, 0.552893
0.572072, 0.572426, 0.547776, 0.552893
0.572072, 0.572426, 0.547776, 0.552893
0.572072, 0.572426, 0.547776, 0.552893
0.572072, 0.572426, 0.547776, 0.552893
0.572072, 0.572426, 0.547776, 0.552893
0.572072, 0.572426, 0.547776, 0.552893
0.572072, 0.572426, 0.547776, 0.552893
0.572072, 0.572426, 0.547776, 0.552893
0.572072, 0.572426, 0.547776, 0.552893
0.572072, 0.572426, 0.547776, 0.552893
0.572072, 0.572426, 0.547776, 0.552893
0.572072, 0.572426, 0.547776, 0.552893
0.572072, 0.572426, 0.547776, 0.552893
0.572072, 0.572426, 0.547776, 0.552893
0.572072, 0.572426, 0.547776, 0.552893
0.572072, 0.572426, 0.547776, 0.552893
0.572072, 0.572426, 0.547776, 0.552893
0.572072, 0.572426, 0.547776, 0.552893
0.572072, 0.572426, 0.547776, 0.552893
0.572072, 0.572426, 0.547776, 0.552893
0.572072, 0.572426, 0.547776, 0.552893
0.572072, 0.572426, 0.547776, 0.552893
0.572072, 0.572426, 0.547776, 0.552893
0.572072, 0.572426, 0.547776, 0.552893
0.572072, 0.572426, 0.547776, 0.552893
0.572072, 0.572426, 0.547776, 0.552893
0.572072, 0.572426, 0.547776, 0.552893
0.572072, 0.572426, 0.547776, 0.552893
0.572072, 0.572426, 0.547776, 0.552893
0.572072, 0.572426, 0.547776, 0.552893
0.572072, 0.572426, 0.547776, 0.552893
0.572072, 0.572426, 0.547776, 0.552893
0.572072, 0.572426, 0.547776, 0.552893
0.572072, 0.572426, 0.547776, 0.552893
0.572072, 0.572426, 0.547776, 0.552893
0.572072, 0.572426, 0.547776, 0.552893
0.572072, 0.572426, 0.547776, 0.552893
0.572072, 0.572426, 0.547776, 0.552893
0.572072, 0.572426, 0.547776, 0.552893
0.572072, 0.572426, 0.547776, 0.552893
0.572072, 0.572426, 0.547776, 0.552893
0.572072, 0.572426, 0.547776, 0.552893
0.572072, 0.572426, 0.547776, 0.552893
0.572072, 0.572426, 0.547776, 0.552893
0.572072, 0.572426, 0.547776, 0.552893
0.572072, 0.572426, 0.547776, 0.552893
0.572072, 0.572426, 0.547776, 0.552893
0.572072, 0.572426, 0.547776, 0.552893
0.572072, 0.572426, 0.547776, 0.552893
0.572072, 0.572426, 0.547776, 0.552893
0.572072, 0.572426, 0.547776, 0.552893
0.572072, 0.572426, 0.547776, 0.552893
0.572072, 0.572426, 0.547776, 0.552893
0.572072, 0.572426, 0.547776, 0.552893
0.572072, 0.572426, 0.547776, 0.552893
0.572072, 0.572426, 0.547776, 0.552893
0.572072, 0.572426, 0.547776, 0.552893
0.572072, 0.572426, 0.547776, 0.552893
0.572072, 0.572426, 0.547776, 0.552893
0.572072, 0.572426, 0.547776, 0.552893
0.572072, 0.572426, 0.547776, 0.552893
0.572072, 0.572426, 0.547776, 0.552893
0.572072, 0.572426, 0.547776, 0.552893
0.572072, 0.572426, 0.547776, 0.552893
0.572072, 0.572426, 0.547776, 0.552893
0.572072, 0.572426, 0.547776, 0.552893
0.572072, 0.572426, 0.547776, 0.552893
0.572072, 0.572426, 0.547776, 0.552893
0.572072, 0.572426, 0.547776, 0.552893
0.572072, 0.572426, 0.547776, 0.552893
0.572072, 0.572426, 0.547776, 0.552893
0.572072, 0.572426, 0.547776, 0.552893
0.572072, 0.572426, 0.547776, 0.552893
0.572072, 0.572426, 0.547776, 0.552893
0.572072, 0.572426, 0.547776, 0.552893
0.572072, 0.572426, 0.547776, 0.552893
0.572072, 0.572426, 0.547776, 0.552893
0.572072, 0.572426, 0.547776, 0.552893
0.572072, 0.572426, 0.547776, 0.552893
0.572072, 0.572426, 0.547776, 0.552893
0.572072, 0.572426, 0.547776, 0.552893
0.572072, 0.572426, 0.547776, 0.552893
0.572072, 0.572426, 0.547776, 0.552893
0.572072, 0.572426, 0.547776, 0.552893
0.572072, 0.572426, 0.547776, 0.552893
0.572072, 0.572426, 0.547776, 0.552893
0.572072, 0.572426, 0.547776, 0.552893
0.572072, 0.572426, 0.547776, 0.552893
0.572072, 0.572426, 0.547776, 0.552893
0.572072, 0.572426, 0.547776, 0.552893
0.572072, 0.572426, 0.547776, 0.552893
0.572072, 0.572426, 0.547776, 0.552893
0.572072, 0.572426, 0.547776, 0.552893
0.572072, 0.572426, 0.547776, 0.552893
0.572072, 0.572426, 0.547776, 0.552893
0.572072, 0.572426, 0.547776, 0.552893
0.572072, 0.572426, 0.547776, 0.552893
0.572072, 0.572426, 0.547776, 0.552893
0.572072, 0.572426, 0.547776, 0.552893
0.572072, 0.572426, 0.547776, 0.552893
0.572072, 0.572426, 0.547776, 0.552893
0.572072, 0.572426, 0.547776, 0.552893
0.572072, 0.572426, 0.547776, 0.552893
0.572072, 0.572426, 0.547776, 0.552893
0.572072, 0.572426, 0.547776, 0.552893
0.572072, 0.572426, 0.547776, 0.552893
0.572072, 0.572426, 0.547776, 0.552893
0.572072, 0.572426, 0.547776, 0.552893
0.572072, 0.572426, 0.547776, 0.552893
0.572072, 0.572426, 0.547776, 0.552893
0.572072, 0.572426, 0.547776, 0.552893
0.572072, 0.572426, 0.547776, 0.552893
0.572072, 0.572426, 0.547776, 0.552893
0.572072, 0.572426, 0.547776, 0.552893
0.572072, 0.572426, 0.547776, 0.552893
0.572072, 0.572426, 0.547776, 0.552893
0.572072, 0.572426, 0.547776, 0.552893
0.572072, 0.572426, 0.547776, 0.552893
0.572072, 0.572426, 0.547776, 0.552893
0.572072, 0.572426, 0.547776, 0.552893
0.572072, 0.572426, 0.547776, 0.552893
0.572072, 0.572426, 0.547776, 0.552893
0.572072, 0.572426, 0.547776, 0.552893
0.572072, 0.572426, 0.547776, 0.552893
0.572072, 0.572426, 0.547776, 0.552893
0.572072, 0.572426, 0.547776, 0.552893
0.572072, 0.572426, 0.547776, 0.552893
0.572072, 0.572426, 0.547776, 0.552893
0.572072, 0.572426, 0.547776, 0.552893
0.572072, 0.572426, 0.547776, 0.552893
0.572072, 0.572426, 0.547776, 0.552893
0.572072, 0.572426, 0.547776, 0.552893
0.572072, 0.572426, 0.547776, 0.552893
0.572072, 0.572426, 0.547776, 0.552893
0.572072, 0.572426, 0.547776, 0.552893
0.572072, 0.572426, 0.547776, 0.552893
0.572072, 0.572426, 0.547776, 0.552893
0.572072, 0.572426, 0.547776, 0.552893
0.572072, 0.572426, 0.547776, 0.552893
0.572072, 0.572426, 0.547776, 0.552893
0.572072, 0.572426, 0.547776, 0.552893
0.572072, 0.572426, 0.547776, 0.552893
0.572072, 0.572426, 0.547776, 0.552893
0.572072, 0.572426, 0.547776, 0.552893
0.572072, 0.572426, 0.547776, 0.552893
0.572072, 0.572426, 0.547776, 0.552893
0.572072, 0.572426, 0.547776, 0.552893
0.572072, 0.572426, 0.547776, 0.552893
0.572072, 0.572426, 0.547776, 0.552893
0.572072, 0.572426, 0.547776, 0.552893
0.572072, 0.572426, 0.547776, 0.552893
0.572072, 0.572426, 0.547776, 0.552893
0.572072, 0.572426, 0.547776, 0.552893
0.572072, 0.572426, 0.547776, 0.552893
0.572072, 0.572426, 0.547776, 0.552893
0.572072, 0.572426, 0.547776, 0.552893
0.572072, 0.572426, 0.547776, 0.552893
0.572072, 0.572431, 0.547581, 0.552664
0.572072, 0.572435, 0.547774, 0.552891
0.572072, 0.572435, 0.547774, 0.552891
0.572072, 0.572415, 0.547528, 0.552602
0.572072, 0.572411, 0.547511, 0.552581
0.572072, 0.572411, 0.547511, 0.552581
0.572072, 0.57241, 0.547505, 0.552574
0.572072, 0.572401, 0.54751, 0.552581
0.572072, 0.572401, 0.54751, 0.552581
0.572072, 0.572402, 0.547519, 0.55259
0.572072, 0.572402, 0.547518, 0.55259
0.572072, 0.572378, 0.547917, 0.553059
0.572072, 0.572333, 0.54796, 0.55311
0.572072, 0.572331, 0.547962, 0.553112
0.572072, 0.572332, 0.547961, 0.553111
0.572072, 0.572388, 0.547901, 0.55304
0.572072, 0.572385, 0.547907, 0.553046
0.572072, 0.572434, 0.547455, 0.552516
0.572072, 0.572434, 0.547454, 0.552515
0.572072, 0.572442, 0.547417, 0.552472
0.572072, 0.572455, 0.547492, 0.55256
0.572072, 0.572455, 0.547492, 0.55256
0.572072, 0.572461, 0.547513, 0.552585
0.572072, 0.572427, 0.547498, 0.552569
0.572072, 0.572427, 0.547498, 0.552569
0.572072, 0.572427, 0.547498, 0.552569
0.572072, 0.572427, 0.547498, 0.552569
0.572072, 0.572427, 0.547498, 0.552569
0.572072, 0.572234, 0.547343, 0.55239
0.572072, 0.57228, 0.547487, 0.552558
0.572072, 0.57228, 0.547487, 0.552558
0.572072, 0.57228, 0.547487, 0.552558
0.572072, 0.572242, 0.547411, 0.55247
0.572072, 0.572223, 0.547357, 0.552407
0.572072, 0.572223, 0.547357, 0.552406
0.572072, 0.572221, 0.547328, 0.552372
0.572072, 0.57222, 0.547317, 0.55236
0.572072, 0.57222, 0.547316, 0.552359
0.572072, 0.57222, 0.547317, 0.552359
0.572072, 0.57222, 0.547316, 0.552358
0.572072, 0.572223, 0.54735, 0.552398
0.572072, 0.572223, 0.54735, 0.552398
0.572072, 0.572231, 0.547483, 0.552554
0.572072, 0.572231, 0.547484, 0.552555
0.572072, 0.572232, 0.547501, 0.552574
0.572072, 0.572228, 0.547433, 0.552496
0.572072, 0.572228, 0.547423, 0.552484
0.572072, 0.572226, 0.5474, 0.552457
0.572072, 0.572209, 0.547276, 0.552312
0.572072, 0.572226, 0.547272, 0.552307
0.572072, 0.572226, 0.547268, 0.552302
0.572072, 0.572219, 0.547254, 0.552286
0.572072, 0.5722, 0.54721, 0.552234
0.572072, 0.5722, 0.54721, 0.552234
0.572072, 0.572196, 0.547207, 0.552231
0.572072, 0.572196, 0.547207, 0.552231
0.572072, 0.572196, 0.547207, 0.552231
0.572072, 0.5722, 0.547211, 0.552235
0.572072, 0.5722, 0.547211, 0.552235
0.572072, 0.572196, 0.547317, 0.55236
0.572072, 0.572198, 0.547329, 0.552374
0.572072, 0.572198, 0.547335, 0.552381
0.572072, 0.572202, 0.547338, 0.552384
0.572072, 0.572203, 0.547326, 0.55237
0.572072, 0.572207, 0.547344, 0.552392
0.566149, 0.566154, 0.54117, 0.546174
0.566642, 0.566651, 0.541727, 0.546739
0.565964, 0.565976, 0.54105, 0.546061
0.565643, 0.565656, 0.540654, 0.545663
0.565709, 0.56571, 0.540726, 0.545764
0.567439, 0.567447, 0.542566, 0.547576
0.566067, 0.56608, 0.541079, 0.546097
0.566449, 0.566459, 0.541529, 0.546542
0.566008, 0.566017, 0.541041, 0.546064
0.566293, 0.566294, 0.541326, 0.546357
0.565874, 0.565881, 0.540899, 0.545929
0.566326, 0.566334, 0.541337, 0.546338
0.565711, 0.565713, 0.540742, 0.545767
0.566866, 0.566875, 0.541899, 0.546906
0.566299, 0.56631, 0.541316, 0.546363
0.566941, 0.566945, 0.541953, 0.546972
0.566593, 0.566599, 0.541597, 0.54663
0.567186, 0.567195, 0.542207, 0.547214
0.569498, 0.5695, 0.544657, 0.54967
0.566729, 0.566735, 0.541765, 0.546762
0.569738, 0.569743, 0.544841, 0.549854
0.567069, 0.56707, 0.542105, 0.547122
0.569967, 0.569972, 0.545095, 0.550113
0.567804, 0.567805, 0.542825, 0.547846
0.566484, 0.566491, 0.541568, 0.546578
0.56825, 0.568252, 0.543258, 0.548305
0.570435, 0.570443, 0.545454, 0.550511
0.569742, 0.569752, 0.544821, 0.549833
0.569428, 0.569434, 0.54444, 0.549452
0.56934, 0.569345, 0.544352, 0.549364
0.56996, 0.569972, 0.545117, 0.550141
0.57175, 0.571768, 0.546764, 0.551777
0.56981, 0.569816, 0.544903, 0.549937
0.572551, 0.572564, 0.547674, 0.552692
0.568195, 0.568197, 0.543292, 0.548342
0.568628, 0.568637, 0.543684, 0.548688
0.56947, 0.569479, 0.544551, 0.549557
0.569173, 0.569179, 0.544222, 0.54923
0.569863, 0.569878, 0.544927, 0.54994
0.569491, 0.569497, 0.544611, 0.549644
0.568494, 0.568503, 0.543527, 0.548546
0.567537, 0.567551, 0.542635, 0.547675
0.569309, 0.569318, 0.544341, 0.549347
0.566185, 0.566186, 0.541214, 0.546219
0.567797, 0.5678, 0.542826, 0.547831
0.566987, 0.566988, 0.541991, 0.547083
0.5665, 0.566506, 0.541543, 0.546553
0.566297, 0.566297, 0.541333, 0.546354
0.565802, 0.565802, 0.540879, 0.545899
0.56669, 0.566692, 0.541727, 0.546734
0.567517, 0.567517, 0.542565, 0.547587
0.566751, 0.566758, 0.541797, 0.546802
0.565977, 0.565986, 0.541064, 0.546075
0.565976, 0.565985, 0.541064, 0.546074
0.565976, 0.565985, 0.541064, 0.546074
0.565976, 0.565985, 0.541063, 0.546073
0.567541, 0.567548, 0.54265, 0.547672
0.568567, 0.568609, 0.543591, 0.548569
0.570218, 0.570332, 0.545554, 0.550571
0.56945, 0.569558, 0.545065, 0.550097
0.574064, 0.574296, 0.550287, 0.555346
0.580261, 0.580584, 0.557311, 0.56278
0.587258, 0.587763, 0.56556, 0.570928
0.595538, 0.596162, 0.57504, 0.580443
0.601191, 0.60194, 0.581771, 0.587087
0.608135, 0.609071, 0.59008, 0.595529
0.612388, 0.613602, 0.59598, 0.60152
0.625696, 0.627085, 0.611668, 0.617467
0.627128, 0.628764, 0.614339, 0.620403
0.634553, 0.63629, 0.623229, 0.629007
0.638684, 0.640912, 0.629699, 0.63591
0.643799, 0.646209, 0.635962, 0.642331
0.651956, 0.654642, 0.646808, 0.653253
0.654147, 0.657015, 0.650064, 0.656358
0.65825, 0.661392, 0.656183, 0.662652
0.662189, 0.665627, 0.662027, 0.668695
0.665963, 0.669832, 0.668593, 0.675518
0.668185, 0.672263, 0.672595, 0.680098
0.671198, 0.675634, 0.676864, 0.684142
0.676481, 0.681257, 0.684031, 0.690969
0.676479, 0.681382, 0.68563, 0.693477
0.678277, 0.683467, 0.688311, 0.695862
0.680647, 0.686059, 0.691565, 0.69903
0.680431, 0.686045, 0.691443, 0.698871
0.682152, 0.687982, 0.694554, 0.70229
0.681888, 0.687557, 0.69394, 0.701634
0.682353, 0.688271, 0.694828, 0.702793
0.683476, 0.689345, 0.695633, 0.702888
0.684386, 0.690474, 0.698184, 0.705906
0.681972, 0.687963, 0.694191, 0.702026
0.683784, 0.690003, 0.69585, 0.703203
0.680635, 0.686749, 0.691942, 0.699827
0.679872, 0.685893, 0.690426, 0.697713
0.676036, 0.681788, 0.684728, 0.692352
0.676033, 0.681684, 0.684109, 0.691177
0.672811, 0.678334, 0.679781, 0.687344
0.671674, 0.677172, 0.677307, 0.684493
0.668912, 0.674037, 0.672586, 0.679257
0.664455, 0.669041, 0.665457, 0.671886
0.65987, 0.664196, 0.659639, 0.666327
0.656661, 0.6608, 0.6547, 0.661304
0.651905, 0.655672, 0.647531, 0.653804
0.649613, 0.653397, 0.644627, 0.650751
0.640152, 0.643397, 0.632247, 0.638283
0.637248, 0.640328, 0.628407, 0.63467
0.629342, 0.631802, 0.617555, 0.623246
0.611132, 0.612629, 0.595006, 0.601185
0.576655, 0.576737, 0.55184, 0.556939
0.603649, 0.604395, 0.581782, 0.587112
0.601746, 0.602356, 0.580073, 0.585571
0.593265, 0.593853, 0.571271, 0.576727
0.592309, 0.592886, 0.570259, 0.575707
0.592261, 0.592793, 0.56999, 0.575405
0.592259, 0.592794, 0.569998, 0.575414
0.592259, 0.5928, 0.57003, 0.575451
0.592259, 0.592822, 0.570142, 0.57558
0.592259, 0.59282, 0.570131, 0.575567
0.592259, 0.592841, 0.570235, 0.575687
0.592259, 0.592848, 0.570268, 0.575724
0.592259, 0.59285, 0.570278, 0.575737
0.592259, 0.59285, 0.570278, 0.575736
0.592259, 0.592849, 0.570273, 0.575731
0.592259, 0.592856, 0.570305, 0.575767
0.592259, 0.592857, 0.570306, 0.575767
0.592259, 0.592857, 0.570305, 0.575767
0.592259, 0.592855, 0.570293, 0.575752
0.592259, 0.592855, 0.570292, 0.575752
0.592259, 0.592856, 0.570301, 0.575762
0.592259, 0.592856, 0.570301, 0.575762
0.592259, 0.592857, 0.570309, 0.575771
0.592259, 0.592857, 0.570308, 0.575771
0.592259, 0.592857, 0.570307, 0.575769
0.592259, 0.592857, 0.570306, 0.575768
0.592259, 0.592857, 0.570306, 0.575768
0.592259, 0.592856, 0.570305, 0.575767
0.592259, 0.592856, 0.570305, 0.575767
0.592259, 0.592849, 0.57028, 0.575736
0.592259, 0.592849, 0.570279, 0.575736
0.592259, 0.592854, 0.5703, 0.57576
0.592259, 0.592853, 0.570298, 0.575757
0.592259, 0.592853, 0.570298, 0.575757
0.567421, 0.567464, 0.54265, 0.547704
0.568895, 0.56899, 0.544406, 0.549473
0.568243, 0.568325, 0.543666, 0.548732
0.565917, 0.56592, 0.540945, 0.545951
0.567143, 0.567165, 0.542283, 0.547319
0.565634, 0.565643, 0.540658, 0.545661
0.567359, 0.567458, 0.542783, 0.547835
0.567489, 0.567566, 0.542893, 0.547949
0.567002, 0.567054, 0.542301, 0.547356
0.568433, 0.568546, 0.54396, 0.549047
0.569517, 0.569595, 0.545134, 0.550208
0.56869, 0.568824, 0.54411, 0.549138
0.568561, 0.568679, 0.54397, 0.548989
0.570303, 0.57041, 0.546034, 0.551109
0.570922, 0.5711, 0.546772, 0.551839
0.569916, 0.569989, 0.545566, 0.550612
0.571215, 0.571386, 0.547131, 0.552223
0.569283, 0.569424, 0.544925, 0.549981
0.575579, 0.575977, 0.552058, 0.557259
0.571147, 0.571376, 0.547211, 0.552354
0.574122, 0.574293, 0.55022, 0.555318
0.571442, 0.571652, 0.547514, 0.552621
0.575942, 0.576275, 0.552474, 0.557645
0.573388, 0.573627, 0.549661, 0.554831
0.57402, 0.574229, 0.550421, 0.555598
0.574645, 0.574912, 0.551139, 0.556347
0.576144, 0.576415, 0.55279, 0.557902
0.576483, 0.576709, 0.55271, 0.557788
0.579413, 0.579822, 0.556352, 0.561485
0.58227, 0.582674, 0.559587, 0.564701
0.581086, 0.581532, 0.558103, 0.563252
0.580031, 0.580439, 0.557206, 0.562367
0.57909, 0.579387, 0.555891, 0.561027
0.577556, 0.577925, 0.554315, 0.559468
0.579027, 0.579364, 0.555822, 0.560921
0.579929, 0.580289, 0.556745, 0.561957
0.577007, 0.577409, 0.553695, 0.558898
0.578652, 0.579033, 0.555253, 0.560416
0.578736, 0.579074, 0.555494, 0.560659
0.58052, 0.580941, 0.557437, 0.56263
0.577132, 0.577465, 0.553834, 0.558943
0.579853, 0.580078, 0.556314, 0.561642
0.576721, 0.57703, 0.552988, 0.558252
0.577438, 0.577755, 0.553765, 0.559035
0.577009, 0.577316, 0.553398, 0.55868
0.576048, 0.576344, 0.552507, 0.557613
0.573531, 0.573746, 0.549702, 0.554832
0.571799, 0.571974, 0.547721, 0.552793
0.573186, 0.573506, 0.54938, 0.554499
0.574295, 0.574643, 0.550476, 0.55555
0.570596, 0.570799, 0.546557, 0.55162
0.573289, 0.573408, 0.54931, 0.554424
0.571526, 0.57163, 0.547283, 0.552396
0.568023, 0.568221, 0.543884, 0.548956
0.571163, 0.571302, 0.54683, 0.551869
0.570564, 0.570644, 0.546078, 0.55113
0.568941, 0.56898, 0.544238, 0.549259
0.567595, 0.567606, 0.542733, 0.547769
0.566989, 0.567012, 0.54206, 0.547074
0.568401, 0.568505, 0.543696, 0.54874
0.565801, 0.565802, 0.540808, 0.545892
0.567604, 0.567682, 0.542852, 0.547885
0.56654, 0.566543, 0.541642, 0.546659
0.567022, 0.567047, 0.542209, 0.547229
0.566302, 0.566345, 0.54133, 0.546321
0.566247, 0.566283, 0.541316, 0.546326
0.56592, 0.56593, 0.540976, 0.545992
0.565915, 0.565932, 0.540937, 0.545952
0.565915, 0.565932, 0.540937, 0.545952
0.565915, 0.565932, 0.540937, 0.545952
0.565915, 0.565932, 0.540937, 0.545952
0.568697, 0.56874, 0.543768, 0.548839
0.566679, 0.566694, 0.541837, 0.546872
0.568186, 0.568238, 0.543443, 0.548473
0.573792, 0.573939, 0.549242, 0.554247
0.586589, 0.587019, 0.562581, 0.567519
0.599221, 0.600064, 0.576118, 0.581086
0.616598, 0.618088, 0.594658, 0.599573
0.623702, 0.625202, 0.60199, 0.606857
0.631335, 0.633238, 0.610171, 0.615238
0.643088, 0.645454, 0.622678, 0.627631
0.647749, 0.650382, 0.627642, 0.6325
0.65559, 0.658566, 0.63586, 0.640783
0.659786, 0.663164, 0.640258, 0.645222
0.660419, 0.663621, 0.640272, 0.645193
0.664607, 0.668067, 0.644562, 0.649638
0.666598, 0.670174, 0.645971, 0.651016
0.665832, 0.669489, 0.645276, 0.650566
0.664472, 0.667811, 0.643042, 0.648257
0.661152, 0.664415, 0.639544, 0.644725
0.658143, 0.661325, 0.635743, 0.640971
0.652724, 0.655457, 0.629952, 0.63526
0.649448, 0.652155, 0.626476, 0.631979
0.642132, 0.644463, 0.618628, 0.623471
0.628566, 0.630472, 0.605235, 0.610396
0.625283, 0.626873, 0.601676, 0.606826
0.613558, 0.61488, 0.589569, 0.594775
0.603591, 0.603864, 0.579478, 0.584558
0.591252, 0.591275, 0.566414, 0.571441
0.579113, 0.579136, 0.554154, 0.559148
0.570015, 0.570034, 0.545102, 0.550121
0.566551, 0.566571, 0.541684, 0.546689
0.566805, 0.566808, 0.541813, 0.546822
0.566708, 0.566727, 0.541772, 0.546781
0.565968, 0.565971, 0.540981, 0.545998
0.565967, 0.56597, 0.54098, 0.545997
0.565967, 0.56597, 0.540975, 0.545993
0.565967, 0.56597, 0.540974, 0.545992
0.565967, 0.56597, 0.540975, 0.545993
0.565967, 0.56597, 0.540975, 0.545993
0.565967, 0.56597, 0.540973, 0.545991
0.565967, 0.56597, 0.540973, 0.545991
0.565967, 0.56597, 0.540976, 0.545994
0.565967, 0.56597, 0.540973, 0.545991
0.565967, 0.56597, 0.540973, 0.545991
0.565967, 0.56597, 0.540973, 0.545991
0.565967, 0.56597, 0.540974, 0.545992
0.565967, 0.56597, 0.540974, 0.545992
0.565967, 0.56597, 0.540973, 0.545991
0.565967, 0.56597, 0.540973, 0.545991
0.565967, 0.56597, 0.540973, 0.545991
0.565967, 0.56597, 0.540974, 0.54599
0.565967, 0.56597, 0.540979, 0.545996
0.565967, 0.56597, 0.540979, 0.545996
0.565967, 0.56597, 0.540979, 0.545996
0.565967, 0.56597, 0.54098, 0.545997
0.565967, 0.56597, 0.54098, 0.545997
0.565967, 0.56597, 0.54098, 0.545997
0.565967, 0.56597, 0.540985, 0.546
0.565967, 0.56597, 0.540979, 0.545996
0.565967, 0.56597, 0.540979, 0.545996
0.565967, 0.56597, 0.540979, 0.545996
0.565967, 0.56597, 0.540978, 0.545995
0.565967, 0.56597, 0.540978, 0.545995
0.565967, 0.56597, 0.540978, 0.545995
0.565967, 0.56597, 0.540978, 0.545995
0.565967, 0.56597, 0.540978, 0.545995
0.565967, 0.56597, 0.540986, 0.546001
0.565967, 0.56597, 0.540986, 0.546001
0.565967, 0.56597, 0.540986, 0.546001
0.565967, 0.56597, 0.540986, 0.546001
0.565967, 0.56597, 0.540986, 0.546001
0.565967, 0.56597, 0.541, 0.546011
0.565967, 0.56597, 0.540985, 0.546
0.565967, 0.56597, 0.540985, 0.546
0.565967, 0.56597, 0.540974, 0.545992
0.565967, 0.565977, 0.540978, 0.545994
0.565967, 0.565977, 0.540978, 0.545994
0.565967, 0.565981, 0.540981, 0.545996
0.565967, 0.565981, 0.540981, 0.545996
0.565967, 0.565981, 0.540981, 0.545996
0.565967, 0.565989, 0.540995, 0.546011
0.565967, 0.56599, 0.540997, 0.546013
0.565967, 0.565991, 0.541001, 0.546016
0.566892, 0.566911, 0.541995, 0.547012
0.566297, 0.5663, 0.541379, 0.546389
0.567478, 0.567551, 0.542661, 0.547671
0.566365, 0.566402, 0.541406, 0.546417
0.567572, 0.567619, 0.542628, 0.547612
0.566123, 0.56613, 0.541193, 0.546201
0.566109, 0.56613, 0.541159, 0.546175
0.566008, 0.566028, 0.541019, 0.546031
0.565913, 0.565922, 0.540929, 0.545941
0.566028, 0.566063, 0.541059, 0.546064
0.565916, 0.56593, 0.540939, 0.545965
0.565877, 0.565917, 0.54093, 0.545945
0.566067, 0.56609, 0.541116, 0.546123
0.56764, 0.56764, 0.542912, 0.547949
0.565873, 0.565885, 0.540895, 0.545904
0.566218, 0.566228, 0.541274, 0.546277
0.566749, 0.566765, 0.541789, 0.546819
0.566343, 0.56637, 0.541369, 0.546413
0.56574, 0.565758, 0.540751, 0.545748
0.565701, 0.565713, 0.540707, 0.545705
0.567403, 0.567429, 0.542633, 0.547668
0.565652, 0.565672, 0.540663, 0.545667
0.565774, 0.565804, 0.540799, 0.5458
0.566612, 0.566616, 0.541642, 0.546639
0.565831, 0.565838, 0.540919, 0.545928
0.565851, 0.565859, 0.540878, 0.545882
0.566087, 0.566096, 0.541104, 0.546132
0.566824, 0.566885, 0.541924, 0.546957
0.566034, 0.566044, 0.541051, 0.546052
0.565462, 0.565483, 0.540477, 0.545478
0.566557, 0.566573, 0.541621, 0.54663
0.566635, 0.566651, 0.541723, 0.546732
0.565972, 0.565996, 0.541025, 0.54603
0.566371, 0.566372, 0.541413, 0.546428
0.566023, 0.566041, 0.541055, 0.546049
0.566023, 0.566041, 0.541055, 0.546048
0.566023, 0.56604, 0.541055, 0.546049
0.566023, 0.566039, 0.541055, 0.546049
0.566747, 0.566777, 0.541761, 0.546904
0.56552, 0.56552, 0.540528, 0.545525
0.565149, 0.565227, 0.540202, 0.545215
0.576032, 0.576094, 0.551134, 0.55613
0.583664, 0.583836, 0.558779, 0.563671
0.599147, 0.599741, 0.574494, 0.5793
0.606799, 0.607614, 0.582263, 0.58698
0.621672, 0.622852, 0.597325, 0.60203
0.629747, 0.631539, 0.605736, 0.610435
0.639235, 0.641422, 0.615452, 0.620197
0.643636, 0.645919, 0.619869, 0.624906
0.648738, 0.651354, 0.625302, 0.630481
0.654853, 0.657641, 0.631586, 0.63677
0.658091, 0.661088, 0.635251, 0.640503
0.661218, 0.664544, 0.638824, 0.643935
0.663771, 0.667046, 0.64165, 0.646696
0.661333, 0.664449, 0.639258, 0.644327
0.662584, 0.665812, 0.640855, 0.645823
0.661404, 0.66435, 0.639519, 0.644499
0.656615, 0.659327, 0.634643, 0.63957
0.654631, 0.657143, 0.632882, 0.637826
0.649989, 0.652479, 0.628178, 0.633095
0.649279, 0.651861, 0.627764, 0.632647
0.649228, 0.65181, 0.627713, 0.632596
0.649225, 0.651644, 0.627222, 0.632151
0.658701, 0.659618, 0.636179, 0.641632
0.723785, 0.72562, 0.702173, 0.707765
0.70966, 0.712497, 0.687566, 0.69352
0.717455, 0.720761, 0.695468, 0.699284
0.719109, 0.72262, 0.699461, 0.700078
0.714977, 0.718506, 0.697244, 0.697524
0.704653, 0.708214, 0.688049, 0.688257
0.674693, 0.677207, 0.656632, 0.657936
0.65949, 0.660611, 0.639345, 0.642108
0.630595, 0.631388, 0.608237, 0.61194
0.594975, 0.595007, 0.57058, 0.575372
0.570055, 0.570209, 0.545147, 0.550116
0.566941, 0.566968, 0.541975, 0.546976
0.566942, 0.566969, 0.541976, 0.546977
0.566942, 0.566969, 0.541976, 0.546977
0.566942, 0.566969, 0.541976, 0.546977
0.565942, 0.565982, 0.540973, 0.545945
0.56827, 0.56833, 0.543306, 0.548301
0.567534, 0.567604, 0.542669, 0.547604
0.569061, 0.569222, 0.544165, 0.549071
0.573099, 0.573276, 0.548603, 0.553408
0.584312, 0.584606, 0.560147, 0.564825
0.582149, 0.582641, 0.557918, 0.562487
0.585509, 0.586067, 0.561718, 0.566173
0.594196, 0.595004, 0.570909, 0.575128
0.598263, 0.599195, 0.575181, 0.579299
0.606407, 0.607743, 0.583761, 0.587573
0.608716, 0.610161, 0.5862, 0.589903
0.613726, 0.615362, 0.591387, 0.594958
0.621007, 0.621426, 0.596414, 0.601554
0.623071, 0.623483, 0.598438, 0.603521
0.598423, 0.599513, 0.574076, 0.578623
0.578527, 0.578803, 0.553815, 0.558626
0.600607, 0.602646, 0.577366, 0.58071
0.592028, 0.593675, 0.568236, 0.572426
0.57901, 0.579819, 0.554634, 0.559031
0.57838, 0.579188, 0.554001, 0.558404
0.578372, 0.579178, 0.554026, 0.558399
0.578372, 0.579233, 0.554387, 0.559642
0.578372, 0.579233, 0.554387, 0.559642
0.578372, 0.579235, 0.554401, 0.559658
0.578372, 0.579321, 0.554058, 0.558984
0.578372, 0.579328, 0.554062, 0.559089
0.578372, 0.579328, 0.554062, 0.559084
0.578372, 0.579061, 0.553985, 0.558457
0.578372, 0.579183, 0.554005, 0.558382
0.578372, 0.579186, 0.554026, 0.558392
0.578372, 0.579183, 0.554025, 0.558393
0.578372, 0.579014, 0.553909, 0.558412
0.578372, 0.579209, 0.55421, 0.559438
0.578372, 0.578988, 0.553956, 0.55912
0.578372, 0.578986, 0.553945, 0.559107
0.578372, 0.578999, 0.55395, 0.559114
0.578372, 0.579, 0.553949, 0.559113
0.578372, 0.579276, 0.554208, 0.558517
0.578372, 0.579213, 0.554038, 0.558386
0.578372, 0.57919, 0.554026, 0.55839
0.578372, 0.579239, 0.554031, 0.559238
0.578372, 0.579223, 0.554126, 0.559345
0.578372, 0.579251, 0.554006, 0.559007
0.578372, 0.579161, 0.55397, 0.558433
0.578372, 0.579164, 0.553972, 0.558434
0.578372, 0.578957, 0.55384, 0.558404
0.578372, 0.578944, 0.553831, 0.558405
0.578372, 0.5787, 0.55364, 0.558402
0.578372, 0.578699, 0.55364, 0.558403
0.578372, 0.579075, 0.553884, 0.558567
0.578372, 0.579126, 0.553921, 0.558568
0.578372, 0.578647, 0.554233, 0.559388
0.578372, 0.578653, 0.554184, 0.559333
0.578372, 0.578691, 0.553607, 0.558452
0.578372, 0.578679, 0.553853, 0.55896
0.578372, 0.578679, 0.553853, 0.55896
0.578372, 0.578587, 0.553535, 0.558407
0.578372, 0.578487, 0.553493, 0.558524
0.578372, 0.578455, 0.553436, 0.558431
0.578372, 0.578467, 0.553444, 0.55845
0.566081, 0.566097, 0.541121, 0.546127
0.566072, 0.566087, 0.541153, 0.546156
0.565514, 0.565529, 0.540585, 0.545592
0.567555, 0.567557, 0.54259, 0.5476
0.568042, 0.568078, 0.543064, 0.548077
0.571899, 0.571909, 0.547014, 0.552089
0.579081, 0.579121, 0.55412, 0.559129
0.581951, 0.581957, 0.557015, 0.562005
0.589595, 0.589613, 0.56475, 0.569846
0.594755, 0.594767, 0.569883, 0.574836
0.601233, 0.60129, 0.576553, 0.581569
0.606331, 0.606385, 0.581449, 0.586604
0.608632, 0.608841, 0.584401, 0.589607
0.611966, 0.612086, 0.587709, 0.592915
0.615908, 0.616011, 0.591194, 0.59637
0.617737, 0.617821, 0.593559, 0.598654
0.623676, 0.623693, 0.599098, 0.604085
0.626641, 0.626818, 0.601778, 0.606927
0.629086, 0.629198, 0.604361, 0.60919
0.632133, 0.632203, 0.607793, 0.612959
0.633649, 0.633847, 0.609068, 0.613841
0.632865, 0.63308, 0.608261, 0.613047
0.634564, 0.634927, 0.610596, 0.615438
0.635658, 0.635917, 0.611506, 0.616314
0.638627, 0.638814, 0.614, 0.619027
0.635494, 0.635654, 0.610856, 0.615981
0.635537, 0.635847, 0.611389, 0.616222
0.63286, 0.633229, 0.608798, 0.61363
0.632573, 0.632903, 0.609589, 0.614408
0.629179, 0.629491, 0.605969, 0.610937
0.625275, 0.625653, 0.60102, 0.605976
0.626896, 0.627264, 0.602569, 0.607462
0.620143, 0.620478, 0.595882, 0.600833
0.622397, 0.622817, 0.598274, 0.603247
0.611411, 0.61177, 0.586814, 0.591599
0.611188, 0.611468, 0.586534, 0.591243
0.604474, 0.604714, 0.579762, 0.584638
0.598171, 0.598394, 0.573605, 0.57845
0.594182, 0.594327, 0.569526, 0.574484
0.590862, 0.591036, 0.566048, 0.570898
0.584452, 0.584536, 0.559636, 0.564617
0.579292, 0.579318, 0.554487, 0.559482
0.577796, 0.577845, 0.552875, 0.557896
0.574136, 0.574158, 0.549165, 0.554161
0.573028, 0.573052, 0.548117, 0.553115
0.571132, 0.571132, 0.546281, 0.551415
0.567845, 0.567847, 0.542954, 0.547962
0.565751, 0.565765, 0.540779, 0.545782
0.565562, 0.565572, 0.540566, 0.54559
0.565561, 0.565572, 0.540566, 0.545589
0.565561, 0.565572, 0.540566, 0.545589
0.565561, 0.565572, 0.540566, 0.545589
0.566219, 0.566225, 0.541277, 0.546309
0.569122, 0.569134, 0.544341, 0.549378
0.568584, 0.568689, 0.544117, 0.549158
0.554055, 0.554201, 0.529919, 0.534996
0.576166, 0.576439, 0.552717, 0.557853
0.581568, 0.581885, 0.559028, 0.564403
0.588069, 0.588605, 0.566632, 0.572094
0.5957, 0.596335, 0.575691, 0.580979
0.599468, 0.600279, 0.580453, 0.585819
0.611302, 0.612372, 0.594303, 0.599942
0.615622, 0.616929, 0.600372, 0.606072
0.624827, 0.626436, 0.611625, 0.61726
0.629288, 0.631216, 0.617494, 0.623618
0.636496, 0.638487, 0.626226, 0.632068
0.642725, 0.645265, 0.635294, 0.641468
0.644027, 0.646636, 0.637672, 0.644104
0.650404, 0.6532, 0.646743, 0.653642
0.654842, 0.6582, 0.652995, 0.659918
0.658029, 0.661387, 0.657554, 0.664521
0.661803, 0.665522, 0.663387, 0.67059
0.665303, 0.669366, 0.668353, 0.675685
0.668753, 0.673085, 0.673103, 0.680298
0.674405, 0.679142, 0.680554, 0.687626
0.675535, 0.680665, 0.683271, 0.691037
0.677323, 0.682379, 0.685963, 0.693173
0.679426, 0.684705, 0.689789, 0.697448
0.681077, 0.686723, 0.691333, 0.699105
0.682073, 0.687868, 0.692742, 0.700369
0.683581, 0.689333, 0.693998, 0.701271
0.68166, 0.687327, 0.691041, 0.698764
0.686205, 0.69231, 0.697106, 0.704503
0.684211, 0.690133, 0.696732, 0.704561
0.682814, 0.688844, 0.694488, 0.702104
0.683433, 0.689066, 0.693074, 0.700132
0.680858, 0.686266, 0.687184, 0.694626
0.681243, 0.687219, 0.691986, 0.699208
0.678439, 0.684182, 0.687944, 0.695666
0.678461, 0.68406, 0.686705, 0.69384
0.673216, 0.678572, 0.679131, 0.686521
0.671939, 0.67712, 0.675998, 0.682764
0.667937, 0.67278, 0.669588, 0.676232
0.647081, 0.65003, 0.640648, 0.647689
0.598893, 0.599061, 0.574362, 0.579794
0.6325, 0.634117, 0.616119, 0.621885
0.6337, 0.635314, 0.617911, 0.624078
0.615505, 0.616388, 0.595925, 0.601758
0.611391, 0.612276, 0.591807, 0.597639
0.610961, 0.611852, 0.591404, 0.597241
0.610931, 0.611821, 0.591374, 0.597211
0.610929, 0.611819, 0.591372, 0.597208
0.610929, 0.611829, 0.591422, 0.597266
0.610929, 0.611834, 0.591443, 0.597291
0.610929, 0.611837, 0.59146, 0.597311
0.610929, 0.611841, 0.591476, 0.59733
0.610929, 0.611841, 0.591476, 0.59733
0.610929, 0.611844, 0.591492, 0.597348
0.610929, 0.611845, 0.591492, 0.597349
0.610929, 0.611845, 0.591492, 0.597349
0.610929, 0.611845, 0.591494, 0.597351
0.610929, 0.611846, 0.591498, 0.597356
0.610929, 0.611847, 0.591502, 0.59736
0.610929, 0.611847, 0.591502, 0.59736
0.610929, 0.611847, 0.591502, 0.59736
0.610929, 0.611847, 0.591502, 0.59736
0.610929, 0.611847, 0.591502, 0.597359
0.610929, 0.611847, 0.591502, 0.597359
0.610929, 0.611847, 0.591502, 0.59736
0.610929, 0.611847, 0.591502, 0.597361
0.610929, 0.611848, 0.591503, 0.597362
0.610929, 0.611791, 0.591044, 0.596839
0.610929, 0.611791, 0.591044, 0.596839
0.610929, 0.611783, 0.591007, 0.596796
0.610929, 0.611783, 0.591006, 0.596796
0.610929, 0.611779, 0.590994, 0.596781
0.610929, 0.611779, 0.590994, 0.596781
0.610929, 0.611775, 0.590979, 0.596764
0.610929, 0.611775, 0.590979, 0.596764
0.610929, 0.611773, 0.590969, 0.596752
0.610929, 0.611768, 0.590944, 0.596723
0.610929, 0.611768, 0.590944, 0.596723
0.610929, 0.611763, 0.590927, 0.596702
0.610929, 0.611763, 0.590931, 0.596707
0.610929, 0.611763, 0.590929, 0.596705
0.610929, 0.611761, 0.590923, 0.596697
0.610929, 0.611762, 0.590929, 0.596704
0.610929, 0.611762, 0.590929, 0.596704
0.610929, 0.611767, 0.590959, 0.596739
0.610929, 0.611767, 0.590959, 0.596739
0.610929, 0.611777, 0.59101, 0.596798
0.610929, 0.611785, 0.59105, 0.596845
0.610929, 0.61179, 0.591071, 0.59687
0.610929, 0.611791, 0.591073, 0.596871
0.610929, 0.611791, 0.591073, 0.596871
0.610929, 0.611793, 0.591082, 0.596883
0.610929, 0.611793, 0.591082, 0.596883
0.610929, 0.611799, 0.591108, 0.596912
0.610929, 0.611808, 0.591324, 0.597152
0.610929, 0.611806, 0.591313, 0.597139
0.610929, 0.61181, 0.591329, 0.597159
0.610929, 0.611812, 0.591338, 0.597169
0.610929, 0.611812, 0.591338, 0.597169
0.610929, 0.611814, 0.591348, 0.597181
0.610929, 0.611815, 0.591354, 0.597188
0.610929, 0.611816, 0.591357, 0.597191
0.610929, 0.611816, 0.591357, 0.597192
0.610929, 0.611816, 0.591359, 0.597193
0.610929, 0.611817, 0.591362, 0.597197
0.610929, 0.611817, 0.591362, 0.597197
0.610929, 0.611818, 0.591365, 0.597201
0.610929, 0.611818, 0.591365, 0.597201
0.610929, 0.611819, 0.591372, 0.597209
0.610929, 0.611819, 0.591372, 0.597209
0.610929, 0.611823, 0.591388, 0.597228
0.610929, 0.611823, 0.591388, 0.597228
0.610929, 0.611831, 0.591431, 0.597277
0.610929, 0.611834, 0.591445, 0.597294
0.610929, 0.611834, 0.591446, 0.597294
0.610929, 0.611836, 0.591456, 0.597306
0.610929, 0.611838, 0.591465, 0.597317
0.610929, 0.61184, 0.591476, 0.597329
0.610929, 0.61184, 0.591476, 0.597329
0.610929, 0.611846, 0.591502, 0.59736
0.610929, 0.611846, 0.591502, 0.59736
0.610929, 0.611852, 0.591528, 0.59739
0.610929, 0.611858, 0.591553, 0.597419
0.610929, 0.611858, 0.591553, 0.597419
0.610929, 0.611862, 0.591572, 0.597442
0.610929, 0.611866, 0.591589, 0.597461
0.610929, 0.611867, 0.591597, 0.59747
0.610929, 0.611867, 0.591597, 0.59747
0.610929, 0.611839, 0.59133, 0.597168
0.610929, 0.611839, 0.591329, 0.597168
0.610929, 0.611839, 0.591327, 0.597166
0.610929, 0.611839, 0.591327, 0.597166
0.610929, 0.611837, 0.59132, 0.597157
0.610929, 0.611833, 0.591294, 0.597127
0.610929, 0.611833, 0.591294, 0.597127
0.610929, 0.611836, 0.591309, 0.597144
0.610929, 0.611836, 0.591309, 0.597144
0.610929, 0.611836, 0.591309, 0.597144
0.610929, 0.61182, 0.591276, 0.597104
0.610929, 0.611793, 0.591182, 0.596993
0.610929, 0.611793, 0.591181, 0.596992
0.610929, 0.611889, 0.591684, 0.597572
0.610929, 0.611763, 0.590966, 0.596738
0.610929, 0.611851, 0.591519, 0.59738
0.610929, 0.611851, 0.591518, 0.597379
0.610929, 0.611839, 0.591464, 0.597316
0.610929, 0.611828, 0.591412, 0.597256
0.610929, 0.611828, 0.591412, 0.597256
0.610929, 0.611818, 0.591369, 0.597204
0.610929, 0.611812, 0.591341, 0.597172
0.610929, 0.611756, 0.591058, 0.596843
0.610929, 0.611753, 0.591046, 0.596829
0.610929, 0.611753, 0.591046, 0.596829
0.610929, 0.611751, 0.591037, 0.596819
0.610929, 0.611751, 0.591037, 0.596818
0.610929, 0.611769, 0.591122, 0.596917
0.610929, 0.61172, 0.590877, 0.596632
0.610929, 0.611569, 0.589964, 0.595575
0.610929, 0.611653, 0.590416, 0.596099
0.610929, 0.611654, 0.590424, 0.596109
0.610929, 0.611654, 0.590424, 0.596108
0.610929, 0.611654, 0.590424, 0.596108
0.610929, 0.611654, 0.590424, 0.596108
0.610929, 0.611654, 0.590424, 0.596108
0.610929, 0.611654, 0.590424, 0.596108
0.610929, 0.611654, 0.590424, 0.596108
0.610929, 0.611654, 0.590424, 0.596108
0.610929, 0.611654, 0.590424, 0.596108
0.610929, 0.611654, 0.590424, 0.596108
0.610929, 0.611654, 0.590424, 0.596108
0.610929, 0.611654, 0.590424, 0.596108
0.610929, 0.611654, 0.590424, 0.596108
0.610929, 0.611654, 0.590424, 0.596108
0.610929, 0.611654, 0.590424, 0.596108
0.610929, 0.611654, 0.590424, 0.596108
0.610929, 0.611654, 0.590424, 0.596108
0.610929, 0.611654, 0.590424, 0.596108
0.610929, 0.611654, 0.590424, 0.596108
0.610929, 0.611654, 0.590424, 0.596108
0.610929, 0.611654, 0.590424, 0.596108
0.610929, 0.611654, 0.590424, 0.596108
0.610929, 0.611654, 0.590424, 0.596108
0.610929, 0.611654, 0.590424, 0.596108
0.610929, 0.611654, 0.590424, 0.596108
0.610929, 0.611654, 0.590424, 0.596108
0.610929, 0.611654, 0.590424, 0.596108
0.610929, 0.611654, 0.590424, 0.596108
0.610929, 0.611654, 0.590424, 0.596108
0.610929, 0.611654, 0.590424, 0.596108
0.610929, 0.611654, 0.590424, 0.596108
0.610929, 0.611654, 0.590424, 0.596108
0.610929, 0.611654, 0.590424, 0.596108
0.610929, 0.611654, 0.590424, 0.596108
0.610929, 0.611654, 0.590424, 0.596108
0.610929, 0.611654, 0.590424, 0.596108
0.610929, 0.611654, 0.590424, 0.596108
0.610929, 0.611654, 0.590424, 0.596108
0.610929, 0.611654, 0.590424, 0.596108
0.610929, 0.611654, 0.590424, 0.596108
0.610929, 0.611654, 0.590424, 0.596108
0.610929, 0.611654, 0.590424, 0.596108
0.610929, 0.611654, 0.590424, 0.596108
0.610929, 0.611654, 0.590424, 0.596108
0.610929, 0.611654, 0.590424, 0.596108
0.610929, 0.611654, 0.590424, 0.596108
0.610929, 0.611654, 0.590424, 0.596108
0.610929, 0.611654, 0.590424, 0.596108
0.610929, 0.611654, 0.590424, 0.596108
0.610929, 0.611654, 0.590424, 0.596108
0.610929, 0.611654, 0.590424, 0.596108
0.610929, 0.611654, 0.590424, 0.596108
0.610929, 0.611654, 0.590424, 0.596108
0.610929, 0.611654, 0.590424, 0.596108
0.610929, 0.611654, 0.590424, 0.596108
0.610929, 0.611654, 0.590424, 0.596108
0.610929, 0.611654, 0.590424, 0.596108
0.610929, 0.611654, 0.590424, 0.596108
0.610929, 0.611654, 0.590424, 0.596108
0.610929, 0.611654, 0.590424, 0.596108
0.610929, 0.611654, 0.590424, 0.596108
0.610929, 0.611654, 0.590424, 0.596108
0.610929, 0.611654, 0.590424, 0.596108
0.610929, 0.611654, 0.590424, 0.596108
0.610929, 0.611654, 0.590424, 0.596108
0.610929, 0.611654, 0.590424, 0.596108
0.610929, 0.611654, 0.590424, 0.596108
0.610929, 0.611654, 0.590424, 0.596108
0.610929, 0.611654, 0.590424, 0.596108
0.610929, 0.611654, 0.590424, 0.596108
0.610929, 0.611654, 0.590424, 0.596108
0.610929, 0.611654, 0.590424, 0.596108
0.610929, 0.611654, 0.590424, 0.596108
0.610929, 0.611654, 0.590424, 0.596108
0.610929, 0.611654, 0.590424, 0.596108
0.610929, 0.611654, 0.590424, 0.596108
0.610929, 0.611654, 0.590424, 0.596108
0.610929, 0.611654, 0.590424, 0.596108
0.610929, 0.611654, 0.590424, 0.596108
0.610929, 0.611654, 0.590424, 0.596108
0.610929, 0.611654, 0.590424, 0.596108
0.610929, 0.611654, 0.590424, 0.596108
0.610929, 0.611654, 0.590424, 0.596108
0.610929, 0.611654, 0.590424, 0.596108
0.610929, 0.611654, 0.590424, 0.596108
0.610929, 0.611654, 0.590424, 0.596108
0.610929, 0.611654, 0.590424, 0.596108
0.610929, 0.611654, 0.590424, 0.596108
0.610929, 0.611654, 0.590424, 0.596108
0.610929, 0.611654, 0.590424, 0.596108
0.610929, 0.611654, 0.590424, 0.596108
0.610929, 0.611654, 0.590424, 0.596108
0.610929, 0.611654, 0.590424, 0.596108
0.610929, 0.611654, 0.590424, 0.596108
0.610929, 0.611654, 0.590424, 0.596108
0.610929, 0.611654, 0.590424, 0.596108
0.610929, 0.611654, 0.590424, 0.596108
0.610929, 0.611654, 0.590424, 0.596108
0.610929, 0.611654, 0.590424, 0.596108
0.610929, 0.611654, 0.590424, 0.596108
0.610929, 0.611654, 0.590424, 0.596108
0.610929, 0.611654, 0.590424, 0.596108
0.610929, 0.611654, 0.590424, 0.596108
0.610929, 0.611654, 0.590424, 0.596108
0.610929, 0.611654, 0.590424, 0.596108
0.610929, 0.611811, 0.591302, 0.597126
0.610929, 0.611811, 0.591302, 0.597126
0.568738, 0.568873, 0.544699, 0.549816
0.570363, 0.570472, 0.546128, 0.55124
0.569443, 0.569554, 0.545119, 0.550223
0.569133, 0.569222, 0.544553, 0.549599
0.567834, 0.56787, 0.543171, 0.548244
0.566889, 0.566927, 0.542132, 0.547173
0.568772, 0.568923, 0.544397, 0.549496
0.569746, 0.569854, 0.545346, 0.550378
0.570336, 0.57052, 0.546289, 0.551422
0.57217, 0.572335, 0.548331, 0.553429
0.575867, 0.576173, 0.552622, 0.557733
0.578799, 0.579147, 0.555997, 0.56125
0.580582, 0.581057, 0.558261, 0.563532
0.582804, 0.583289, 0.560802, 0.566105
0.584118, 0.584664, 0.562262, 0.567537
0.58531, 0.585824, 0.563203, 0.568345
0.588361, 0.589042, 0.567174, 0.572476
0.590913, 0.591806, 0.569965, 0.575268
0.592894, 0.593772, 0.572333, 0.577674
0.593024, 0.593893, 0.572649, 0.578032
0.596364, 0.597233, 0.576578, 0.581854
0.599656, 0.600667, 0.580263, 0.58559
0.602168, 0.603204, 0.583699, 0.589286
0.600314, 0.601462, 0.58162, 0.587107
0.60182, 0.602957, 0.583167, 0.588549
0.602246, 0.603394, 0.583169, 0.588486
0.604362, 0.605618, 0.585966, 0.591469
0.604874, 0.605968, 0.586392, 0.591728
0.607201, 0.608508, 0.589425, 0.594875
0.605772, 0.607156, 0.58791, 0.593406
0.606734, 0.607986, 0.588816, 0.594202
0.604758, 0.605997, 0.58663, 0.59209
0.606507, 0.607821, 0.588872, 0.594473
0.608908, 0.610351, 0.59134, 0.596745
0.606775, 0.608132, 0.588909, 0.594301
0.602155, 0.603325, 0.583691, 0.589189
0.604099, 0.605362, 0.585904, 0.591394
0.603341, 0.604542, 0.584657, 0.589995
0.604583, 0.605843, 0.586323, 0.591767
0.600389, 0.601525, 0.581389, 0.58678
0.599717, 0.600764, 0.580526, 0.585873
0.596628, 0.59762, 0.577181, 0.582593
0.597727, 0.598769, 0.57794, 0.58329
0.598223, 0.599104, 0.578688, 0.584149
0.597031, 0.598003, 0.576858, 0.582102
0.593284, 0.59412, 0.573272, 0.578723
0.59391, 0.594879, 0.573715, 0.579117
0.591532, 0.592427, 0.570611, 0.575965
0.589884, 0.590503, 0.568346, 0.573526
0.587417, 0.587979, 0.565233, 0.570532
0.586103, 0.586627, 0.563994, 0.569145
0.582059, 0.582521, 0.559807, 0.564984
0.579709, 0.580074, 0.556906, 0.562087
0.581857, 0.582446, 0.559419, 0.564699
0.576412, 0.57667, 0.552962, 0.558138
0.573539, 0.573834, 0.549697, 0.554799
0.577488, 0.577794, 0.553954, 0.559051
0.570218, 0.570417, 0.546135, 0.551198
0.571246, 0.571313, 0.546878, 0.551933
0.567188, 0.56723, 0.54239, 0.547429
0.56819, 0.568207, 0.543426, 0.548438
0.567199, 0.567242, 0.542246, 0.547275
0.566919, 0.566936, 0.542173, 0.547195
0.56576, 0.565768, 0.540835, 0.54584
0.565758, 0.565771, 0.540792, 0.54583
0.567391, 0.567406, 0.542534, 0.547556
0.567391, 0.567408, 0.542527, 0.547545
0.567391, 0.567408, 0.542527, 0.547545
0.567391, 0.567408, 0.542528, 0.547546
0.565899, 0.565914, 0.54097, 0.545985
0.568103, 0.568244, 0.543348, 0.548384
0.568808, 0.568823, 0.543958, 0.548958
0.583632, 0.584021, 0.559443, 0.564414
0.594685, 0.595411, 0.571148, 0.576065
0.611502, 0.612729, 0.589397, 0.594325
0.619806, 0.621309, 0.597854, 0.602795
0.630465, 0.632153, 0.609445, 0.614271
0.642764, 0.645391, 0.622687, 0.627587
0.648926, 0.651162, 0.628578, 0.633457
0.653813, 0.656271, 0.633941, 0.638895
0.656547, 0.65913, 0.636368, 0.641235
0.659369, 0.66221, 0.639398, 0.64431
0.662292, 0.665184, 0.642087, 0.64701
0.665325, 0.668354, 0.644766, 0.649866
0.66602, 0.669787, 0.644847, 0.650033
0.664794, 0.667901, 0.643491, 0.648656
0.661756, 0.664691, 0.639617, 0.644815
0.659042, 0.661851, 0.636271, 0.641475
0.652776, 0.65577, 0.629987, 0.635403
0.646583, 0.649421, 0.624007, 0.629209
0.636772, 0.63908, 0.613486, 0.618783
0.629461, 0.631991, 0.60822, 0.613221
0.623201, 0.624591, 0.599081, 0.603866
0.6167, 0.618441, 0.594065, 0.599134
0.603473, 0.604452, 0.579714, 0.584787
0.591461, 0.592006, 0.567012, 0.572003
0.581338, 0.581616, 0.556642, 0.561658
0.573005, 0.573113, 0.548172, 0.553155
0.567264, 0.567272, 0.542294, 0.547337
0.566331, 0.566342, 0.541391, 0.546414
0.5666, 0.56664, 0.541618, 0.546634
0.5666, 0.56664, 0.541618, 0.546634
0.5666, 0.566639, 0.541608, 0.546626
0.5666, 0.566639, 0.541608, 0.546626
0.566138, 0.566161, 0.541179, 0.546253
0.566593, 0.566619, 0.541665, 0.546675
0.570196, 0.570215, 0.545279, 0.550278
0.575712, 0.575864, 0.550878, 0.555869
0.58976, 0.590109, 0.565149, 0.570149
0.600488, 0.601026, 0.575797, 0.580606
0.611377, 0.611955, 0.587445, 0.592023
0.623184, 0.623966, 0.599841, 0.604193
0.637141, 0.638437, 0.613943, 0.617994
0.641448, 0.642723, 0.617167, 0.621875
0.615826, 0.616593, 0.591246, 0.596432
0.593161, 0.59324, 0.568288, 0.573241
0.60831, 0.609347, 0.584131, 0.588562
0.602064, 0.60306, 0.577797, 0.582118
0.593074, 0.593913, 0.568652, 0.573674
0.592203, 0.593041, 0.567781, 0.572804
0.592168, 0.593026, 0.567852, 0.573048
0.592167, 0.593025, 0.567851, 0.573048
0.592167, 0.59297, 0.56772, 0.572849
0.592167, 0.59297, 0.56772, 0.572849
0.592167, 0.59297, 0.56772, 0.572849
0.592167, 0.593002, 0.567873, 0.57307
0.592167, 0.593004, 0.567897, 0.573098
0.592167, 0.593001, 0.567889, 0.573088
0.592167, 0.592991, 0.567855, 0.573048
0.592167, 0.592991, 0.567855, 0.573048
0.592167, 0.592991, 0.567855, 0.573048
0.592167, 0.593003, 0.567936, 0.573142
0.592167, 0.593003, 0.567936, 0.573142
0.592167, 0.593034, 0.568089, 0.57332
0.592167, 0.592964, 0.567832, 0.573018
0.592167, 0.592964, 0.567831, 0.573017
0.592167, 0.593417, 0.568732, 0.574099
0.592167, 0.593417, 0.568732, 0.574099
0.592167, 0.593408, 0.568706, 0.574068
0.592167, 0.593408, 0.568706, 0.574068
0.592167, 0.592859, 0.567643, 0.572634
0.592167, 0.592859, 0.567643, 0.572636
0.592167, 0.592769, 0.56762, 0.572173
0.592167, 0.592803, 0.567605, 0.572382
0.592167, 0.592787, 0.567614, 0.572199
0.592167, 0.592866, 0.56765, 0.572342
0.592167, 0.592965, 0.567718, 0.572537
0.592167, 0.592965, 0.567718, 0.572536
0.592167, 0.592998, 0.567742, 0.572448
0.592167, 0.592998, 0.567742, 0.572447
0.592167, 0.593151, 0.568486, 0.573786
0.592167, 0.593135, 0.567838, 0.572432
0.592167, 0.593135, 0.567838, 0.57243
0.56581, 0.565835, 0.540846, 0.545875
0.567881, 0.567932, 0.542921, 0.547934
0.565942, 0.565969, 0.541008, 0.546041
0.577635, 0.577764, 0.552804, 0.557787
0.588898, 0.589067, 0.565673, 0.570377
0.594099, 0.594523, 0.569524, 0.574549
0.607844, 0.60848, 0.583545, 0.588629
0.618175, 0.619091, 0.593645, 0.598423
0.626925, 0.627927, 0.602614, 0.607649
0.632759, 0.63402, 0.608958, 0.614021
0.64088, 0.642369, 0.617389, 0.622436
0.644567, 0.645461, 0.626814, 0.630176
0.646079, 0.646962, 0.62828, 0.631889
0.648691, 0.649651, 0.630558, 0.634142
0.652503, 0.653609, 0.634148, 0.637604
0.652763, 0.653791, 0.63405, 0.637606
0.653343, 0.654425, 0.63445, 0.638054
0.649761, 0.650747, 0.630077, 0.63379
0.646979, 0.647997, 0.626694, 0.630349
0.641931, 0.642844, 0.620533, 0.624628
0.640196, 0.641037, 0.618956, 0.622947
0.630481, 0.631148, 0.608233, 0.612492
0.624808, 0.625472, 0.601851, 0.606282
0.614463, 0.614983, 0.591187, 0.595681
0.606549, 0.606959, 0.58304, 0.587579
0.598168, 0.598475, 0.574222, 0.578951
0.586844, 0.587047, 0.562343, 0.567217
0.57665, 0.576724, 0.552009, 0.556892
0.568744, 0.568769, 0.543826, 0.548789
0.567453, 0.567457, 0.542536, 0.547546
0.566544, 0.566571, 0.541647, 0.546664
0.566543, 0.56657, 0.541646, 0.546664
0.566543, 0.56657, 0.541646, 0.546663
