0.631276, 0.631695, 0.607881, 0.613028
0.627015, 0.627608, 0.604551, 0.609851
0.649875, 0.650705, 0.62869, 0.634153
0.666945, 0.668207, 0.647154, 0.652758
0.683127, 0.684736, 0.664761, 0.670476
0.696602, 0.698494, 0.679659, 0.685634
0.705, 0.707326, 0.689899, 0.695833
0.712121, 0.714491, 0.697551, 0.703499
0.718178, 0.720622, 0.704085, 0.710114
0.71618, 0.718662, 0.702125, 0.708174
0.71517, 0.717688, 0.701223, 0.707299
0.709351, 0.711573, 0.694173, 0.70011
0.697558, 0.699574, 0.681536, 0.687433
0.688098, 0.689836, 0.670691, 0.676558
0.674882, 0.676175, 0.6556, 0.661147
0.655712, 0.656551, 0.634542, 0.639951
0.634546, 0.635144, 0.612259, 0.617509
0.608018, 0.608389, 0.58463, 0.589873
0.577429, 0.577652, 0.553309, 0.558411
0.569486, 0.569584, 0.544703, 0.54976
0.566253, 0.56629, 0.541397, 0.546439
0.566432, 0.56645, 0.541455, 0.546436
0.571996, 0.572097, 0.547239, 0.552168
0.590232, 0.590492, 0.565516, 0.570427
0.622154, 0.622723, 0.598145, 0.60279
0.644327, 0.645319, 0.620307, 0.624377
0.666588, 0.667945, 0.64301, 0.646734
0.685803, 0.687604, 0.662659, 0.666222
0.696235, 0.698318, 0.673392, 0.676506
0.706422, 0.708836, 0.683883, 0.68656
0.714737, 0.717536, 0.6925, 0.695434
0.719248, 0.722272, 0.697177, 0.700501
0.720023, 0.72314, 0.69794, 0.701621
0.717709, 0.72074, 0.695484, 0.699884
0.712429, 0.715185, 0.689916, 0.694445
0.706577, 0.709221, 0.684128, 0.688808
0.68871, 0.690958, 0.666263, 0.671067
0.682123, 0.684008, 0.659349, 0.664214
0.667092, 0.668571, 0.643913, 0.648851
0.644118, 0.644998, 0.620237, 0.625113
0.61798, 0.618563, 0.59363, 0.598568
0.58469, 0.584944, 0.560085, 0.565068
0.566144, 0.566221, 0.541247, 0.546209
0.566076, 0.566094, 0.54115, 0.546166
0.565798, 0.565802, 0.540832, 0.545846
0.571337, 0.571427, 0.547485, 0.552563
0.574802, 0.575034, 0.551731, 0.556873
0.589381, 0.589862, 0.568041, 0.573335
0.602486, 0.603349, 0.583966, 0.589425
0.618463, 0.619844, 0.60342, 0.609116
0.631338, 0.633194, 0.619816, 0.625791
0.644534, 0.647043, 0.637627, 0.643967
0.658905, 0.662208, 0.657642, 0.664408
0.671849, 0.676087, 0.676814, 0.684073
0.67847, 0.683265, 0.687144, 0.694744
0.688033, 0.693735, 0.702511, 0.710511
0.696385, 0.702907, 0.716545, 0.724943
0.704108, 0.711498, 0.729937, 0.738644
0.709355, 0.717463, 0.740027, 0.749283
0.715468, 0.724451, 0.750841, 0.760113
0.652479, 0.653109, 0.630125, 0.635417
0.656018, 0.657042, 0.635433, 0.640919
0.671609, 0.672924, 0.652237, 0.657924
0.687149, 0.68885, 0.66942, 0.675174
0.697416, 0.699453, 0.681125, 0.686907
0.70715, 0.709457, 0.69217, 0.698097
0.712963, 0.715358, 0.698521, 0.704553
0.71596, 0.718365, 0.701473, 0.707474
0.716982, 0.719524, 0.703355, 0.709586
0.714399, 0.7169, 0.70025, 0.706289
0.70885, 0.711047, 0.693711, 0.699663
0.6956, 0.697593, 0.679058, 0.684963
0.689668, 0.691423, 0.672464, 0.678322
0.676869, 0.678233, 0.657799, 0.663409
0.658505, 0.659474, 0.637578, 0.642975
0.640542, 0.641195, 0.618507, 0.623808
0.615187, 0.615594, 0.591977, 0.597187
0.584831, 0.585034, 0.560659, 0.565777
0.568603, 0.568714, 0.543859, 0.548906
0.566416, 0.566446, 0.541551, 0.546574
0.565627, 0.565652, 0.540672, 0.545688
0.569536, 0.569624, 0.544616, 0.549577
0.578975, 0.579177, 0.554211, 0.559239
0.613017, 0.61343, 0.58851, 0.593127
0.633467, 0.634257, 0.609279, 0.613695
0.656296, 0.657494, 0.632519, 0.636609
0.676151, 0.677652, 0.652763, 0.656822
0.691174, 0.69312, 0.668148, 0.671609
0.701291, 0.703434, 0.678513, 0.681692
0.710628, 0.713283, 0.68824, 0.69095
0.715335, 0.718138, 0.693079, 0.696234
0.719904, 0.722947, 0.69778, 0.70134
0.719537, 0.722606, 0.697355, 0.701286
0.718074, 0.721123, 0.695882, 0.700227
0.71233, 0.715144, 0.689883, 0.694273
0.705361, 0.707966, 0.682875, 0.687598
0.688144, 0.690346, 0.665582, 0.670388
0.680242, 0.682021, 0.657592, 0.662495
0.663889, 0.665221, 0.640496, 0.645371
0.641093, 0.642025, 0.617438, 0.622346
0.615172, 0.615736, 0.590803, 0.595751
0.58248, 0.582762, 0.557731, 0.562704
0.566872, 0.56693, 0.541951, 0.546924
0.566067, 0.566087, 0.54109, 0.546088
0.566662, 0.566687, 0.541776, 0.546796
0.566019, 0.566054, 0.541173, 0.546195
0.567216, 0.567231, 0.542496, 0.547516
0.570057, 0.570151, 0.54586, 0.550907
0.576817, 0.576982, 0.553372, 0.55849
0.58047, 0.580775, 0.557874, 0.563039
0.58805, 0.588541, 0.566484, 0.571739
0.596192, 0.596946, 0.575904, 0.58123
0.603271, 0.6042, 0.584614, 0.590092
0.607964, 0.609052, 0.590734, 0.596325
0.617206, 0.618587, 0.602072, 0.607908
0.621295, 0.62281, 0.607538, 0.613421
0.630861, 0.632777, 0.619614, 0.625745
0.637385, 0.639581, 0.628647, 0.634973
0.643295, 0.645836, 0.636118, 0.642485
0.645334, 0.647949, 0.639062, 0.645448
0.653258, 0.656305, 0.650118, 0.656803
0.658919, 0.662412, 0.658188, 0.66503
0.664087, 0.668017, 0.665818, 0.672857
0.668121, 0.672215, 0.672135, 0.679345
0.671343, 0.675765, 0.676989, 0.68438
0.675664, 0.680374, 0.683666, 0.691236
0.679258, 0.684377, 0.689216, 0.696865
0.682755, 0.688124, 0.694905, 0.702676
0.686641, 0.692452, 0.701253, 0.709214
0.613816, 0.62255, 0.633152, 0.641721
0.683681, 0.689796, 0.697261, 0.704922
0.694831, 0.701521, 0.715049, 0.72364
0.624898, 0.625232, 0.601217, 0.606399
0.621328, 0.621867, 0.598503, 0.603786
0.644535, 0.645418, 0.623266, 0.628664
0.664226, 0.665424, 0.644127, 0.649687
0.678091, 0.679667, 0.659636, 0.665237
0.690491, 0.692311, 0.673128, 0.678959
0.700689, 0.702935, 0.684986, 0.690849
0.707669, 0.710053, 0.692888, 0.69888
0.714449, 0.716949, 0.700206, 0.706272
0.718104, 0.72062, 0.704261, 0.710312
0.716863, 0.719432, 0.703468, 0.709563
0.714114, 0.716415, 0.699769, 0.705904
0.705328, 0.707425, 0.68962, 0.695633
0.69633, 0.698263, 0.679499, 0.685284
0.684692, 0.686162, 0.666437, 0.672116
0.669957, 0.671147, 0.650251, 0.655878
0.650613, 0.651415, 0.629024, 0.634372
0.624918, 0.625441, 0.60224, 0.607466
0.599218, 0.599465, 0.5755, 0.580642
0.574921, 0.575054, 0.55051, 0.555617
0.56639, 0.566443, 0.541502, 0.54653
0.566396, 0.566404, 0.541454, 0.546477
0.566536, 0.56656, 0.541571, 0.546565
0.57323, 0.573373, 0.548355, 0.553301
0.593168, 0.593406, 0.568746, 0.573621
0.621514, 0.622104, 0.597144, 0.601716
0.646802, 0.647808, 0.623181, 0.627516
0.668341, 0.669726, 0.644763, 0.648507
0.684535, 0.686264, 0.661321, 0.665111
0.695731, 0.697846, 0.672894, 0.675898
0.705342, 0.707709, 0.682753, 0.685641
0.714387, 0.717149, 0.692071, 0.694799
0.716956, 0.719878, 0.694859, 0.698333
0.71999, 0.72301, 0.697832, 0.701494
0.718671, 0.72172, 0.696491, 0.700655
0.71495, 0.717845, 0.692604, 0.696861
0.709373, 0.712115, 0.686885, 0.691531
0.698089, 0.700439, 0.675607, 0.680348
0.687091, 0.689109, 0.664469, 0.669305
0.671756, 0.673312, 0.648586, 0.653421
0.652546, 0.65366, 0.628956, 0.633875
0.625944, 0.626643, 0.601873, 0.606811
0.595969, 0.596335, 0.571489, 0.576438
0.574234, 0.574365, 0.549338, 0.554314
0.565984, 0.566032, 0.541022, 0.546036
0.566227, 0.566252, 0.541271, 0.546257
0.566313, 0.566325, 0.541379, 0.54639
0.568168, 0.568263, 0.543652, 0.548719
0.567809, 0.567859, 0.543091, 0.548183
0.572149, 0.572274, 0.548243, 0.55332
0.581221, 0.581517, 0.558468, 0.563615
0.582768, 0.583159, 0.560553, 0.565754
0.58998, 0.590577, 0.568699, 0.573915
0.599835, 0.600618, 0.580473, 0.585925
0.60688, 0.607925, 0.589298, 0.594904
0.612145, 0.613261, 0.595774, 0.601389
0.619092, 0.620527, 0.604529, 0.610403
0.625366, 0.627003, 0.612552, 0.618442
0.632806, 0.634761, 0.62224, 0.628364
0.639327, 0.641668, 0.630941, 0.637218
0.644704, 0.6473, 0.637878, 0.644162
0.647777, 0.650581, 0.642489, 0.64892
0.657441, 0.660778, 0.655991, 0.662792
0.660225, 0.663857, 0.660298, 0.667195
0.665982, 0.669958, 0.668676, 0.675852
0.67015, 0.674424, 0.674883, 0.682038
0.674765, 0.679404, 0.682013, 0.689387
0.678264, 0.68323, 0.687348, 0.694768
0.682215, 0.687507, 0.693763, 0.701429
0.684492, 0.690066, 0.697391, 0.705175
0.687979, 0.693838, 0.70302, 0.710944
0.662016, 0.666545, 0.671726, 0.679917
0.695938, 0.702652, 0.716604, 0.72494
0.6271, 0.627199, 0.603265, 0.608275
0.620463, 0.620524, 0.597499, 0.602362
0.642898, 0.642926, 0.621231, 0.625985
0.664727, 0.664974, 0.644619, 0.649357
0.677503, 0.677797, 0.658943, 0.663529
0.690989, 0.691541, 0.673978, 0.678637
0.700291, 0.700815, 0.685128, 0.689417
0.70916, 0.709814, 0.695597, 0.699789
0.714499, 0.715081, 0.702412, 0.706259
0.718026, 0.718558, 0.706879, 0.710437
0.717357, 0.717933, 0.706913, 0.710489
0.713289, 0.713855, 0.702434, 0.706035
0.705001, 0.705454, 0.692988, 0.696535
0.698116, 0.698646, 0.685084, 0.68883
0.685534, 0.685913, 0.67029, 0.674133
0.669998, 0.670464, 0.652443, 0.656758
0.650595, 0.650907, 0.630887, 0.635308
0.625821, 0.625985, 0.604416, 0.608964
0.601538, 0.601643, 0.5786, 0.583376
0.576475, 0.576565, 0.552342, 0.557291
0.566264, 0.566333, 0.541433, 0.546493
0.566907, 0.566929, 0.542024, 0.547013
0.566522, 0.566586, 0.541606, 0.546578
0.574306, 0.574748, 0.549686, 0.554369
0.585848, 0.58687, 0.56235, 0.56648
0.620826, 0.62274, 0.598716, 0.602046
0.640977, 0.644084, 0.62081, 0.623156
0.662591, 0.666982, 0.643604, 0.64508
0.682932, 0.688851, 0.666414, 0.666606
0.694925, 0.702297, 0.679468, 0.678557
0.705092, 0.713348, 0.690546, 0.688895
0.713385, 0.723044, 0.698308, 0.6959
0.716374, 0.726139, 0.700758, 0.698519
0.720177, 0.730499, 0.703186, 0.701157
0.719409, 0.729693, 0.701338, 0.700556
0.716946, 0.726697, 0.698444, 0.698492
0.711804, 0.721159, 0.692856, 0.69421
0.701571, 0.709332, 0.681588, 0.68343
0.687274, 0.693956, 0.666489, 0.66955
0.676303, 0.681378, 0.654497, 0.658336
0.660204, 0.663899, 0.637497, 0.641923
0.632781, 0.635131, 0.609193, 0.613809
0.606738, 0.608175, 0.582565, 0.587482
0.571752, 0.572362, 0.547204, 0.552239
0.567541, 0.567667, 0.542719, 0.54772
0.565231, 0.565267, 0.540279, 0.545278
0.565588, 0.565628, 0.540633, 0.54564
0.567667, 0.567776, 0.542738, 0.547708
0.56802, 0.568056, 0.543333, 0.548368
0.572476, 0.572534, 0.548198, 0.553252
0.577631, 0.577733, 0.553979, 0.559074
0.581131, 0.581276, 0.55789, 0.562991
0.585137, 0.585436, 0.562495, 0.56765
0.597683, 0.598216, 0.57639, 0.581645
0.605935, 0.606578, 0.586094, 0.591533
0.61274, 0.613679, 0.594009, 0.599517
0.617354, 0.61856, 0.599293, 0.604789
0.623663, 0.624813, 0.606887, 0.612529
0.630184, 0.631577, 0.614688, 0.620384
0.638338, 0.640118, 0.624611, 0.630543
0.643684, 0.645518, 0.631021, 0.636986
0.647011, 0.64926, 0.635017, 0.640981
0.655698, 0.658177, 0.645858, 0.652024
0.659639, 0.662172, 0.650905, 0.657258
0.664409, 0.667331, 0.656562, 0.662864
0.670054, 0.673086, 0.663385, 0.66973
0.672056, 0.675144, 0.665582, 0.672014
0.677184, 0.680499, 0.672151, 0.678782
0.680078, 0.683432, 0.675265, 0.681857
0.684264, 0.687932, 0.680014, 0.686607
0.686676, 0.690284, 0.682475, 0.689134
0.647161, 0.650525, 0.639098, 0.647066
0.690487, 0.694249, 0.685555, 0.692036
0.69469, 0.698462, 0.689652, 0.69609
0.696562, 0.70036, 0.690944, 0.697315
0.697974, 0.701716, 0.691514, 0.697889
0.699582, 0.703215, 0.69208, 0.698349
0.701764, 0.705503, 0.693334, 0.699457
0.700935, 0.704589, 0.690854, 0.696874
0.702224, 0.705686, 0.690765, 0.696694
0.703881, 0.707051, 0.690896, 0.696632
0.704685, 0.707924, 0.690295, 0.69596
0.704211, 0.70732, 0.687959, 0.693457
0.702707, 0.705246, 0.684368, 0.689689
0.701471, 0.703882, 0.681363, 0.686549
0.700708, 0.703251, 0.679023, 0.684075
0.699352, 0.701584, 0.676181, 0.680949
0.699964, 0.701585, 0.676436, 0.680713
0.69855, 0.700211, 0.675754, 0.679933
0.695563, 0.696859, 0.673312, 0.677837
0.692816, 0.693901, 0.671038, 0.675767
0.690442, 0.691407, 0.669077, 0.67389
0.688323, 0.689164, 0.667382, 0.672341
0.684175, 0.68493, 0.663382, 0.668418
0.680283, 0.680401, 0.659623, 0.665047
0.676789, 0.676996, 0.656238, 0.661668
0.674532, 0.674788, 0.654119, 0.659544
0.669595, 0.669671, 0.649134, 0.654558
0.663094, 0.663122, 0.642444, 0.647816
0.661426, 0.66146, 0.640943, 0.646358
0.654431, 0.654582, 0.633496, 0.638872
0.649531, 0.649696, 0.628416, 0.633755
0.644469, 0.644569, 0.622993, 0.628285
0.638697, 0.638786, 0.616895, 0.62217
0.632603, 0.632659, 0.610467, 0.615729
0.626409, 0.626458, 0.603909, 0.60912
0.619251, 0.619283, 0.596304, 0.601479
0.613695, 0.613719, 0.590506, 0.595664
0.60628, 0.606417, 0.582863, 0.587989
0.59898, 0.599086, 0.575212, 0.580313
0.592152, 0.592159, 0.568031, 0.573103
0.587058, 0.587135, 0.56272, 0.567767
0.577796, 0.577861, 0.553245, 0.558284
0.572612, 0.572657, 0.547958, 0.553001
0.570285, 0.570288, 0.545481, 0.550501
0.567889, 0.567944, 0.543037, 0.548052
0.565225, 0.565233, 0.540245, 0.54525
0.567264, 0.567304, 0.542328, 0.547341
0.568743, 0.568991, 0.543964, 0.548978
0.57437, 0.574896, 0.549707, 0.554691
0.595414, 0.596902, 0.571426, 0.57631
0.624815, 0.627677, 0.601677, 0.606478
0.645449, 0.649778, 0.623302, 0.627979
0.66682, 0.673064, 0.645995, 0.650231
0.679365, 0.687228, 0.659655, 0.663056
0.695601, 0.705734, 0.677469, 0.679769
0.703413, 0.714233, 0.685977, 0.686862
0.707989, 0.719725, 0.691258, 0.690398
0.714789, 0.728056, 0.699328, 0.696573
0.715248, 0.727657, 0.700224, 0.695819
0.716092, 0.729178, 0.702362, 0.696979
0.711398, 0.723217, 0.697636, 0.692961
0.705922, 0.717056, 0.692181, 0.687886
0.696693, 0.706199, 0.681922, 0.678803
0.678781, 0.686764, 0.662538, 0.66068
0.668646, 0.674965, 0.650806, 0.650307
0.649539, 0.653974, 0.629805, 0.630909
0.622326, 0.625038, 0.60063, 0.603192
0.591936, 0.593691, 0.569019, 0.57246
0.571825, 0.572738, 0.547776, 0.552004
0.567032, 0.567183, 0.542205, 0.547097
0.56638, 0.566419, 0.541404, 0.546397
0.567606, 0.567687, 0.542704, 0.547642
0.57228, 0.572582, 0.547841, 0.552576
0.59444, 0.595344, 0.571279, 0.57549
0.618415, 0.620025, 0.596955, 0.600491
0.640522, 0.643496, 0.620559, 0.623035
0.662085, 0.666077, 0.644146, 0.645692
0.67869, 0.684033, 0.661989, 0.662518
0.691946, 0.698302, 0.676239, 0.676057
0.700277, 0.70763, 0.684477, 0.683745
0.709734, 0.718152, 0.693409, 0.692133
0.711217, 0.719674, 0.693878, 0.69276
0.715021, 0.724038, 0.696111, 0.695708
0.714246, 0.722965, 0.694403, 0.695288
0.711458, 0.720096, 0.691448, 0.693373
0.704288, 0.71166, 0.683477, 0.68634
0.694481, 0.700892, 0.673054, 0.676805
0.6817, 0.68715, 0.659661, 0.663815
0.667738, 0.672001, 0.644997, 0.649585
0.649065, 0.652005, 0.625606, 0.63043
0.622111, 0.623874, 0.598064, 0.603055
0.592533, 0.593475, 0.568016, 0.572956
0.571234, 0.571584, 0.546391, 0.551383
0.565613, 0.565723, 0.540662, 0.545652
0.566661, 0.566766, 0.541762, 0.546769
0.650703, 0.651279, 0.62806, 0.633307
0.644091, 0.644938, 0.622576, 0.628016
0.665043, 0.666317, 0.645242, 0.650767
0.67912, 0.680677, 0.66072, 0.666366
0.692359, 0.694303, 0.675242, 0.681142
0.701222, 0.703443, 0.685678, 0.69157
0.709016, 0.71152, 0.694693, 0.700738
0.71489, 0.717466, 0.700615, 0.7067
0.718779, 0.72123, 0.704597, 0.710639
0.717055, 0.719611, 0.703599, 0.709709
0.713119, 0.715516, 0.698723, 0.704787
0.698855, 0.700914, 0.682953, 0.688949
0.693781, 0.695639, 0.676997, 0.682813
0.682226, 0.683779, 0.66404, 0.669741
0.66764, 0.668797, 0.647547, 0.653031
0.647426, 0.648196, 0.625594, 0.630931
0.622267, 0.622768, 0.599672, 0.604939
0.59013, 0.590483, 0.566465, 0.571656
0.57272, 0.572886, 0.548282, 0.553354
0.567098, 0.567161, 0.542209, 0.547218
0.565597, 0.565605, 0.540655, 0.545667
0.567399, 0.567428, 0.542515, 0.54751
0.574302, 0.574366, 0.549552, 0.554543
0.596745, 0.597065, 0.572096, 0.576836
0.626217, 0.626877, 0.602248, 0.606788
0.647388, 0.648385, 0.623439, 0.627487
0.669574, 0.670928, 0.64597, 0.649861
0.686636, 0.688468, 0.6635, 0.66686
0.697579, 0.699751, 0.674755, 0.677766
0.70706, 0.7095, 0.684531, 0.687423
0.714424, 0.717256, 0.692197, 0.695207
0.719515, 0.722572, 0.697473, 0.700799
0.719686, 0.722775, 0.697578, 0.701434
0.71834, 0.721415, 0.696202, 0.700606
0.714623, 0.717512, 0.69223, 0.696644
0.707339, 0.710015, 0.684866, 0.689511
0.695289, 0.697551, 0.672686, 0.6774
0.685164, 0.687079, 0.662386, 0.667179
0.670321, 0.671811, 0.646904, 0.651784
0.648701, 0.649703, 0.624815, 0.629701
0.621852, 0.622505, 0.597651, 0.602586
0.588895, 0.589273, 0.56435, 0.569339
0.57386, 0.573948, 0.548969, 0.553949
0.567727, 0.567762, 0.542801, 0.547829
0.566543, 0.566578, 0.541631, 0.546641
0.565679, 0.565684, 0.540718, 0.545722
0.567347, 0.567396, 0.542706, 0.547788
0.571283, 0.571449, 0.547384, 0.552487
0.574713, 0.57487, 0.551096, 0.556177
0.581165, 0.581428, 0.558527, 0.563673
0.586102, 0.586519, 0.564196, 0.569427
0.595176, 0.5959, 0.574905, 0.580295
0.602047, 0.602919, 0.583118, 0.588516
0.609616, 0.610729, 0.592619, 0.598245
0.615247, 0.616584, 0.599726, 0.605445
0.620144, 0.621695, 0.60572, 0.611533
0.627249, 0.629005, 0.614929, 0.620871
0.636295, 0.638514, 0.626746, 0.63293
0.640657, 0.643043, 0.63293, 0.639268
0.644447, 0.647043, 0.637795, 0.64412
0.650569, 0.653555, 0.646426, 0.652977
0.658217, 0.661668, 0.657411, 0.664243
0.661315, 0.66487, 0.661233, 0.667869
0.66647, 0.670486, 0.669749, 0.676957
0.669668, 0.673981, 0.6741, 0.681256
0.675876, 0.680587, 0.683749, 0.691185
0.677663, 0.682601, 0.686297, 0.693743
0.683917, 0.689375, 0.696339, 0.704041
0.686769, 0.692649, 0.700809, 0.708526
0.707614, 0.714226, 0.733745, 0.741912
0.626795, 0.627114, 0.603077, 0.608287
0.622919, 0.623525, 0.600285, 0.605556
0.644938, 0.645765, 0.623562, 0.628962
0.665708, 0.667026, 0.646135, 0.651639
0.678367, 0.679878, 0.659686, 0.665376
0.691928, 0.693811, 0.674782, 0.680697
0.702905, 0.705047, 0.687386, 0.693262
0.710484, 0.71293, 0.696037, 0.702052
0.714746, 0.717226, 0.700476, 0.706478
0.716603, 0.719172, 0.702751, 0.708803
0.716343, 0.718832, 0.702618, 0.708701
0.71138, 0.713778, 0.696949, 0.702959
0.694771, 0.696812, 0.678663, 0.684597
0.691732, 0.693602, 0.674822, 0.680664
0.681302, 0.682887, 0.662991, 0.66869
0.666868, 0.667916, 0.646427, 0.651912
0.646449, 0.64722, 0.624515, 0.629902
0.620179, 0.620693, 0.597357, 0.602593
0.590051, 0.590315, 0.566329, 0.571528
0.571738, 0.571856, 0.547251, 0.552327
0.566671, 0.566726, 0.541772, 0.546774
0.565966, 0.565986, 0.541103, 0.54614
0.56955, 0.569605, 0.544692, 0.549665
0.574483, 0.574602, 0.549611, 0.554519
0.605254, 0.605582, 0.581007, 0.585845
0.6301, 0.630835, 0.605844, 0.610297
0.653207, 0.654274, 0.629513, 0.63379
0.672343, 0.673747, 0.648792, 0.652832
0.688574, 0.690424, 0.665472, 0.669164
0.6992, 0.701353, 0.6764, 0.679446
0.709346, 0.711914, 0.686961, 0.689882
0.714541, 0.717354, 0.692248, 0.695424
0.720306, 0.723424, 0.698275, 0.701772
0.719782, 0.722837, 0.697653, 0.701761
0.718273, 0.721361, 0.696051, 0.700598
0.712586, 0.715347, 0.690093, 0.694529
0.705935, 0.708611, 0.683429, 0.688081
0.683605, 0.685778, 0.661011, 0.6658
0.68008, 0.681842, 0.656994, 0.661768
0.666364, 0.667771, 0.643281, 0.648192
0.642935, 0.643832, 0.61893, 0.623841
0.615507, 0.616076, 0.591166, 0.596119
0.583565, 0.583852, 0.559025, 0.564049
0.557159, 0.557211, 0.532245, 0.537238
0.565493, 0.565525, 0.540551, 0.545556
0.566228, 0.566256, 0.541305, 0.546311
0.565638, 0.565645, 0.540701, 0.545718
0.569555, 0.56965, 0.545191, 0.550227
0.569511, 0.569555, 0.54509, 0.550237
0.577845, 0.578062, 0.554525, 0.559634
0.579191, 0.579494, 0.556389, 0.561515
0.586401, 0.58681, 0.564742, 0.569981
0.595353, 0.596026, 0.57513, 0.580453
0.603803, 0.60469, 0.585509, 0.591056
0.60841, 0.609474, 0.591304, 0.596871
0.618223, 0.619619, 0.603405, 0.60925
0.624436, 0.626072, 0.611355, 0.617239
0.629401, 0.631222, 0.61779, 0.62379
0.63755, 0.639798, 0.628428, 0.634678
0.64294, 0.645477, 0.635711, 0.642055
0.646185, 0.648926, 0.639964, 0.646263
0.653476, 0.656593, 0.650348, 0.656976
0.65892, 0.66242, 0.658596, 0.665494
0.662951, 0.666625, 0.664102, 0.670969
0.67027, 0.67454, 0.675526, 0.68286
0.671169, 0.675543, 0.676513, 0.683864
0.675364, 0.680094, 0.683279, 0.690866
0.679385, 0.684524, 0.689284, 0.696869
0.68331, 0.688848, 0.695552, 0.703404
0.687653, 0.693583, 0.703069, 0.71132
0.349807, 0.353664, 0.349622, 0.35709
0.506249, 0.510712, 0.511293, 0.518433
0.671027, 0.677905, 0.692168, 0.700698
0.700533, 0.70748, 0.721508, 0.730063
0.697527, 0.704643, 0.718911, 0.727448
0.698398, 0.705639, 0.719956, 0.728118
0.698465, 0.705706, 0.720027, 0.728189
0.698471, 0.705712, 0.720033, 0.728195
0.698471, 0.705713, 0.720033, 0.728196
0.635959, 0.636038, 0.612473, 0.617385
0.625324, 0.625372, 0.602574, 0.607419
0.646534, 0.646638, 0.625148, 0.629904
0.665146, 0.665415, 0.645142, 0.649951
0.680549, 0.680902, 0.662184, 0.666812
0.694572, 0.69493, 0.678186, 0.682528
0.703728, 0.704266, 0.68916, 0.693437
0.710103, 0.710723, 0.697048, 0.701254
0.714364, 0.714945, 0.70218, 0.706127
0.717671, 0.718193, 0.706605, 0.710157
0.716826, 0.717167, 0.706494, 0.7098
0.711599, 0.71219, 0.700309, 0.703855
0.697789, 0.698484, 0.685016, 0.688828
0.692839, 0.693439, 0.678975, 0.682899
0.682276, 0.682769, 0.666573, 0.670613
0.666506, 0.666868, 0.648591, 0.65277
0.647032, 0.647347, 0.626892, 0.631366
0.621133, 0.621182, 0.599377, 0.603859
0.593435, 0.593453, 0.570429, 0.575134
0.573728, 0.573843, 0.549487, 0.554487
0.567082, 0.567097, 0.542223, 0.547208
0.566161, 0.566191, 0.541193, 0.546186
0.568109, 0.568264, 0.543327, 0.548194
0.57681, 0.577376, 0.552324, 0.556917
0.590568, 0.591645, 0.567191, 0.571318
0.626049, 0.628185, 0.604629, 0.607814
0.645819, 0.649301, 0.626083, 0.628187
0.668905, 0.673665, 0.650963, 0.651941
0.687117, 0.693546, 0.670941, 0.670796
0.697213, 0.704648, 0.681654, 0.680625
0.706323, 0.714614, 0.691667, 0.690042
0.713926, 0.723414, 0.698793, 0.696509
0.718367, 0.728427, 0.702046, 0.699763
0.719375, 0.729514, 0.701881, 0.700246
0.71904, 0.729213, 0.700871, 0.700272
0.71461, 0.72396, 0.695806, 0.696031
0.708726, 0.717494, 0.689391, 0.690928
0.697933, 0.705221, 0.677627, 0.68009
0.687315, 0.69352, 0.666229, 0.669788
0.67274, 0.677491, 0.650682, 0.654868
0.651926, 0.655191, 0.62889, 0.633187
0.625262, 0.627346, 0.601484, 0.606104
0.592263, 0.593372, 0.567882, 0.572731
0.574078, 0.574518, 0.549319, 0.554149
0.564969, 0.565115, 0.540069, 0.545065
0.566805, 0.566926, 0.541884, 0.546824
0.566169, 0.566222, 0.541202, 0.5462
0.566434, 0.56644, 0.541515, 0.546523
0.57106, 0.571093, 0.546733, 0.551801
0.570576, 0.570594, 0.546172, 0.551255
0.579421, 0.579674, 0.555958, 0.561039
0.586363, 0.586709, 0.563698, 0.568917
0.591095, 0.591547, 0.569024, 0.574284
0.596088, 0.596598, 0.57472, 0.580013
0.605445, 0.60613, 0.585479, 0.590875
0.614398, 0.615392, 0.595902, 0.601419
0.62012, 0.621187, 0.602786, 0.608472
0.625368, 0.626502, 0.608799, 0.614446
0.63277, 0.634118, 0.617857, 0.623699
0.638814, 0.640738, 0.625159, 0.631054
0.644261, 0.646403, 0.631617, 0.637477
0.648364, 0.650551, 0.636726, 0.642739
0.656413, 0.658887, 0.646715, 0.652892
0.659449, 0.661855, 0.650545, 0.656826
0.665652, 0.668504, 0.658273, 0.66469
0.669945, 0.672764, 0.663316, 0.669718
0.67372, 0.67693, 0.667633, 0.673993
0.677762, 0.681165, 0.672658, 0.679218
0.681482, 0.685043, 0.676997, 0.68358
0.684561, 0.688182, 0.680313, 0.68694
0.687855, 0.691847, 0.683893, 0.690575
0.722277, 0.726531, 0.726097, 0.73424
0.702597, 0.705952, 0.698735, 0.705353
0.697108, 0.701073, 0.692308, 0.698776
0.695559, 0.699163, 0.689268, 0.695597
0.697843, 0.701683, 0.691105, 0.697454
0.701192, 0.705097, 0.693866, 0.70012
0.70092, 0.704635, 0.69194, 0.698038
0.702485, 0.706215, 0.692241, 0.698192
0.7028, 0.706252, 0.690846, 0.696653
0.702015, 0.705205, 0.688341, 0.694074
0.704015, 0.707076, 0.688823, 0.694375
0.703059, 0.706139, 0.686191, 0.691643
0.703658, 0.706497, 0.685031, 0.690327
0.702656, 0.705034, 0.682047, 0.687189
0.700365, 0.702747, 0.678157, 0.683181
0.699636, 0.701935, 0.676286, 0.680926
0.697524, 0.69913, 0.674109, 0.678253
0.697167, 0.698696, 0.6745, 0.678816
0.695853, 0.697088, 0.673743, 0.678301
0.692637, 0.693918, 0.671003, 0.675584
0.689878, 0.69108, 0.668675, 0.673359
0.687602, 0.68836, 0.666774, 0.671835
0.683754, 0.683994, 0.66302, 0.668442
0.679876, 0.680117, 0.659259, 0.664669
0.676052, 0.676265, 0.655532, 0.660961
0.672324, 0.672506, 0.651843, 0.657281
0.667337, 0.667438, 0.646796, 0.652215
0.663525, 0.663743, 0.642855, 0.648242
0.659658, 0.659867, 0.63907, 0.644453
0.65382, 0.653967, 0.632842, 0.638197
0.649425, 0.649622, 0.628365, 0.633718
0.64293, 0.643178, 0.621414, 0.626697
0.636926, 0.637087, 0.615088, 0.620366
0.63171, 0.631902, 0.609659, 0.614937
0.624311, 0.624415, 0.601678, 0.606875
0.618046, 0.618125, 0.595132, 0.600324
0.612244, 0.612367, 0.589045, 0.59419
0.605363, 0.605387, 0.581843, 0.586997
0.599355, 0.599359, 0.575518, 0.580631
0.592286, 0.592324, 0.568126, 0.573196
0.584367, 0.584392, 0.559988, 0.565039
0.576469, 0.57657, 0.551898, 0.556921
0.570587, 0.570672, 0.545887, 0.550922
0.567199, 0.567232, 0.542311, 0.547341
0.567327, 0.567364, 0.542455, 0.547479
0.566574, 0.566587, 0.541639, 0.546651
0.56689, 0.566975, 0.542006, 0.547015
0.571893, 0.572342, 0.54719, 0.552205
0.576968, 0.577696, 0.552428, 0.557407
0.605497, 0.607163, 0.581621, 0.586534
0.625225, 0.628009, 0.602071, 0.606774
0.649953, 0.654754, 0.628145, 0.632813
0.668398, 0.674824, 0.647675, 0.651945
0.6814, 0.689419, 0.661808, 0.665211
0.695741, 0.705518, 0.677429, 0.679725
0.703958, 0.715294, 0.686826, 0.68772
0.709744, 0.721826, 0.693292, 0.692351
0.713849, 0.726577, 0.698155, 0.695063
0.714529, 0.727299, 0.699638, 0.695088
0.71629, 0.72928, 0.702716, 0.697371
0.710352, 0.72188, 0.696515, 0.692073
0.704474, 0.715394, 0.690632, 0.68651
0.694337, 0.7036, 0.679448, 0.676586
0.683508, 0.691476, 0.667108, 0.665256
0.669604, 0.675879, 0.651642, 0.65121
0.648875, 0.653168, 0.628794, 0.630013
0.621677, 0.624682, 0.600077, 0.602446
0.590522, 0.592156, 0.567414, 0.570983
0.570573, 0.571248, 0.546348, 0.550764
0.566233, 0.566454, 0.541452, 0.546272
0.566544, 0.566623, 0.541586, 0.546578
0.567608, 0.567704, 0.542791, 0.547765
0.574613, 0.575075, 0.550444, 0.555057
0.601499, 0.602602, 0.578473, 0.58256
0.62077, 0.622666, 0.599197, 0.602518
0.642442, 0.64548, 0.62259, 0.624932
0.66274, 0.66695, 0.644554, 0.646009
0.67998, 0.685454, 0.663226, 0.66368
0.691807, 0.698194, 0.675883, 0.675656
0.70033, 0.707744, 0.684312, 0.683542
0.708465, 0.716867, 0.691963, 0.690747
0.711198, 0.719621, 0.693756, 0.692639
0.71556, 0.724679, 0.696921, 0.69622
0.713389, 0.722075, 0.693551, 0.694326
0.711798, 0.720377, 0.691768, 0.693496
0.703463, 0.710806, 0.682629, 0.685414
0.695201, 0.701921, 0.673925, 0.677688
0.682389, 0.687867, 0.660366, 0.664598
0.66952, 0.673908, 0.646868, 0.651488
0.652409, 0.65567, 0.629136, 0.633921
0.625655, 0.627674, 0.601689, 0.606593
0.595707, 0.596788, 0.571258, 0.576259
0.57071, 0.571271, 0.546028, 0.551024
0.565584, 0.56573, 0.540647, 0.545653
0.565866, 0.565884, 0.540883, 0.545881
0.630446, 0.630726, 0.606892, 0.612038
0.624342, 0.624895, 0.601711, 0.606948
0.644998, 0.645831, 0.623573, 0.628943
0.664747, 0.666041, 0.644981, 0.650528
0.679418, 0.680919, 0.660736, 0.666484
0.691408, 0.693368, 0.67436, 0.680287
0.701697, 0.703891, 0.686042, 0.691895
0.710734, 0.713192, 0.696114, 0.702066
0.714217, 0.716744, 0.700042, 0.706169
0.716843, 0.719326, 0.702822, 0.708877
0.71874, 0.72123, 0.705319, 0.711425
0.711689, 0.714033, 0.697093, 0.703104
0.698274, 0.700401, 0.68235, 0.688328
0.693059, 0.694872, 0.675946, 0.681773
0.681876, 0.683319, 0.663401, 0.669068
0.66662, 0.667647, 0.646126, 0.651588
0.646705, 0.647467, 0.624837, 0.630168
0.620472, 0.620996, 0.5977, 0.602943
0.589427, 0.589773, 0.565713, 0.570906
0.570177, 0.570333, 0.545654, 0.550702
0.565498, 0.565571, 0.540644, 0.545663
0.565501, 0.565527, 0.540556, 0.545578
0.567993, 0.568025, 0.543122, 0.548109
0.575739, 0.575851, 0.550891, 0.555876
0.59973, 0.600036, 0.575224, 0.580019
0.62669, 0.627271, 0.60302, 0.607688
0.647617, 0.648552, 0.623766, 0.628162
0.667111, 0.668425, 0.643514, 0.647549
0.687883, 0.689738, 0.664769, 0.668236
0.69768, 0.699834, 0.674876, 0.6778
0.706629, 0.709068, 0.684091, 0.686835
0.71518, 0.718001, 0.692954, 0.695867
0.717997, 0.720935, 0.695807, 0.699188
0.719471, 0.722543, 0.697334, 0.701144
0.718329, 0.721417, 0.696181, 0.70045
0.714404, 0.717302, 0.692046, 0.696639
0.707809, 0.710537, 0.685681, 0.69041
0.695822, 0.698136, 0.673451, 0.678235
0.685631, 0.687633, 0.663087, 0.667911
0.671743, 0.673325, 0.648594, 0.653435
0.650464, 0.651472, 0.626671, 0.63154
0.623776, 0.624453, 0.599589, 0.604529
0.594729, 0.59511, 0.570055, 0.574972
0.580069, 0.58016, 0.55521, 0.560191
0.566804, 0.566833, 0.54184, 0.54686
0.566954, 0.56697, 0.541979, 0.546987
0.565168, 0.565173, 0.540194, 0.545196
0.568194, 0.56822, 0.543599, 0.548641
0.570338, 0.57046, 0.546002, 0.551118
0.575356, 0.575517, 0.552008, 0.557189
0.579877, 0.580195, 0.556997, 0.56219
0.585284, 0.585713, 0.563253, 0.568464
0.592452, 0.593042, 0.571742, 0.577036
0.600877, 0.601702, 0.58172, 0.587107
0.606962, 0.607989, 0.589457, 0.595004
0.614465, 0.615726, 0.59854, 0.604266
0.619317, 0.620768, 0.604956, 0.610759
0.627023, 0.628777, 0.61461, 0.620533
0.634393, 0.63648, 0.624419, 0.630548
0.640141, 0.642501, 0.631925, 0.638202
0.645914, 0.648591, 0.639834, 0.646281
0.650576, 0.653518, 0.646614, 0.653228
0.657134, 0.660481, 0.655408, 0.662068
0.660977, 0.664636, 0.661296, 0.668195
0.666023, 0.669966, 0.668888, 0.676105
0.669927, 0.674191, 0.67457, 0.681781
0.674326, 0.678967, 0.68124, 0.688537
0.677041, 0.681916, 0.68515, 0.692475
0.682815, 0.688163, 0.694354, 0.701944
0.684623, 0.690244, 0.697489, 0.705257
0.688895, 0.694888, 0.704551, 0.71242
0.702515, 0.709944, 0.724786, 0.733522
0.696944, 0.703717, 0.7178, 0.726283
0.69584, 0.70269, 0.716793, 0.725435
0.69573, 0.702579, 0.716677, 0.725319
0.69572, 0.702569, 0.716667, 0.725308
0.695719, 0.702568, 0.716666, 0.725307
0.695719, 0.702568, 0.716666, 0.725307
0.64086, 0.641227, 0.617403, 0.622576
0.627169, 0.62777, 0.604661, 0.609938
0.646462, 0.647379, 0.625276, 0.630691
0.667957, 0.669225, 0.648263, 0.653825
0.681855, 0.683466, 0.663646, 0.669341
0.694958, 0.696905, 0.67824, 0.684052
0.704731, 0.706957, 0.689292, 0.695187
0.711671, 0.714103, 0.69721, 0.703171
0.715637, 0.718189, 0.701785, 0.70782
0.717569, 0.720145, 0.703895, 0.709973
0.715851, 0.718351, 0.701888, 0.707966
0.711184, 0.713517, 0.696503, 0.702535
0.700491, 0.70257, 0.684675, 0.690612
0.693287, 0.695079, 0.676184, 0.682006
0.681112, 0.682566, 0.662482, 0.668155
0.665692, 0.666805, 0.64553, 0.651048
0.646316, 0.647098, 0.624674, 0.630036
0.619435, 0.619911, 0.596439, 0.601657
0.583612, 0.583857, 0.55961, 0.564719
0.567998, 0.568092, 0.543358, 0.548397
0.566787, 0.56681, 0.541871, 0.546881
0.565297, 0.5653, 0.540315, 0.545317
0.568346, 0.568392, 0.543408, 0.548371
0.576795, 0.576978, 0.552039, 0.556905
0.608679, 0.609073, 0.584195, 0.588913
0.628981, 0.629657, 0.604834, 0.609356
0.649861, 0.650878, 0.626068, 0.630353
0.671512, 0.672916, 0.648031, 0.652046
0.687034, 0.68883, 0.663884, 0.667495
0.699466, 0.70165, 0.676686, 0.679729
0.708702, 0.711229, 0.68623, 0.688965
0.714702, 0.717492, 0.692445, 0.695354
0.719023, 0.72202, 0.696907, 0.70018
0.720136, 0.723224, 0.698043, 0.701782
0.718594, 0.721662, 0.696417, 0.700655
0.714326, 0.717257, 0.692029, 0.696677
0.707413, 0.710096, 0.685156, 0.689866
0.695893, 0.698235, 0.67348, 0.678249
0.685079, 0.687009, 0.662339, 0.667163
0.670049, 0.671531, 0.64685, 0.651724
0.649593, 0.65063, 0.625877, 0.630794
0.622479, 0.623116, 0.598268, 0.603219
0.587224, 0.587544, 0.56261, 0.567587
0.573006, 0.573121, 0.548135, 0.553128
0.56669, 0.56672, 0.541725, 0.546723
0.565348, 0.565353, 0.540356, 0.545355
0.565441, 0.565452, 0.540513, 0.545519
0.566769, 0.566818, 0.54212, 0.547147
0.57105, 0.571167, 0.546887, 0.55195
0.57552, 0.575731, 0.55203, 0.557144
0.580852, 0.581181, 0.558212, 0.563391
0.58727, 0.587741, 0.565649, 0.570905
0.593837, 0.594477, 0.573424, 0.578772
0.600566, 0.601395, 0.581511, 0.586962
0.607342, 0.608381, 0.589783, 0.595347
0.614245, 0.615518, 0.598349, 0.604039
0.620978, 0.622502, 0.606859, 0.612683
0.62765, 0.629448, 0.61546, 0.62143
0.63407, 0.636155, 0.623892, 0.630013
0.640192, 0.642576, 0.632093, 0.63837
0.646155, 0.648857, 0.64025, 0.646691
0.651502, 0.654513, 0.647717, 0.654316
0.656948, 0.660298, 0.655464, 0.662234
0.661909, 0.665593, 0.66267, 0.669606
0.666659, 0.670687, 0.66971, 0.676815
0.670968, 0.675333, 0.676229, 0.683495
0.675066, 0.679773, 0.68254, 0.689967
0.678847, 0.683891, 0.688475, 0.696058
0.682494, 0.687883, 0.69429, 0.702028
0.685729, 0.691461, 0.699536, 0.707418
0.688662, 0.694715, 0.704363, 0.71238
0.705145, 0.712792, 0.729077, 0.738154
0.696184, 0.702859, 0.715484, 0.723749
0.695215, 0.701963, 0.714917, 0.723209
0.695121, 0.701868, 0.714818, 0.72311
0.695112, 0.701859, 0.714809, 0.723101
0.695112, 0.701859, 0.714809, 0.723101
0.695112, 0.701859, 0.714809, 0.7231
0.627274, 0.627601, 0.603647, 0.608802
0.622554, 0.623116, 0.599886, 0.605146
0.643977, 0.644847, 0.622595, 0.627991
0.665001, 0.66621, 0.645058, 0.650597
0.679652, 0.681208, 0.661202, 0.666876
0.69284, 0.69473, 0.675867, 0.68166
0.702967, 0.705143, 0.687293, 0.693174
0.710668, 0.71307, 0.696059, 0.702007
0.715177, 0.717715, 0.701252, 0.707275
0.717555, 0.720134, 0.703884, 0.709958
0.716308, 0.718826, 0.702419, 0.7085
0.71199, 0.714351, 0.697429, 0.703469
0.703391, 0.705511, 0.68776, 0.693715
0.694932, 0.696761, 0.677997, 0.683834
0.68301, 0.68451, 0.664591, 0.670285
0.668167, 0.66932, 0.648187, 0.653724
0.648795, 0.649607, 0.627288, 0.632665
0.621998, 0.622512, 0.599168, 0.604404
0.587059, 0.587338, 0.563201, 0.568326
0.569147, 0.569263, 0.544599, 0.549648
0.566523, 0.56655, 0.541617, 0.546628
0.565567, 0.565575, 0.540604, 0.545608
0.567565, 0.5676, 0.542612, 0.547584
0.57507, 0.575222, 0.550274, 0.555161
0.605662, 0.606024, 0.581138, 0.585877
0.626336, 0.626973, 0.602145, 0.606693
0.647541, 0.648515, 0.623707, 0.628022
0.670044, 0.671412, 0.646538, 0.650579
0.685759, 0.687519, 0.662574, 0.666232
0.698214, 0.700358, 0.675396, 0.678502
0.708037, 0.710535, 0.68554, 0.68827
0.714486, 0.717265, 0.692221, 0.695118
0.718678, 0.721661, 0.696554, 0.699791
0.720144, 0.723228, 0.698053, 0.701749
0.718778, 0.721851, 0.69661, 0.700814
0.714908, 0.717859, 0.692607, 0.697236
0.708, 0.710704, 0.685747, 0.690453
0.696804, 0.699164, 0.674404, 0.679169
0.685553, 0.687494, 0.662823, 0.667646
0.67048, 0.671972, 0.647292, 0.652165
0.64974, 0.650777, 0.626025, 0.630941
0.622806, 0.623452, 0.598606, 0.603556
0.587362, 0.587681, 0.562748, 0.567725
0.574755, 0.574866, 0.54988, 0.554872
0.566705, 0.566735, 0.54174, 0.546738
0.565348, 0.565353, 0.540356, 0.545355
0.565441, 0.565452, 0.540513, 0.545519
0.566859, 0.566912, 0.542232, 0.54726
0.571261, 0.571383, 0.547129, 0.552195
0.575782, 0.575998, 0.552332, 0.557449
0.581307, 0.581646, 0.558741, 0.563926
0.587937, 0.588424, 0.566432, 0.571697
0.594336, 0.594989, 0.574022, 0.579378
0.601088, 0.601933, 0.582144, 0.587604
0.608053, 0.609115, 0.590655, 0.596231
0.614737, 0.616027, 0.598969, 0.604669
0.621477, 0.62302, 0.607498, 0.613333
0.628129, 0.629948, 0.616084, 0.622064
0.634528, 0.636634, 0.6245, 0.630633
0.640785, 0.643199, 0.632892, 0.639184
0.646704, 0.649436, 0.64101, 0.647466
0.652294, 0.655351, 0.648828, 0.655451
0.657425, 0.660807, 0.656155, 0.662941
0.662365, 0.666081, 0.66334, 0.670292
0.667083, 0.671144, 0.670346, 0.677466
0.671363, 0.67576, 0.676832, 0.684113
0.675521, 0.680267, 0.683248, 0.690694
0.679287, 0.684369, 0.689161, 0.696761
0.682802, 0.688221, 0.694786, 0.702537
0.686076, 0.691846, 0.700103, 0.708001
0.429849, 0.432634, 0.426066, 0.432508
0.493038, 0.499041, 0.50694, 0.51598
0.658581, 0.664834, 0.675365, 0.683449
0.694849, 0.701633, 0.714743, 0.723048
0.64086, 0.640923, 0.61726, 0.622207
0.62717, 0.627273, 0.604474, 0.60937
0.644777, 0.644934, 0.623284, 0.628108
0.665824, 0.666046, 0.6458, 0.65052
0.679479, 0.679771, 0.661044, 0.665628
0.692221, 0.692586, 0.675505, 0.679914
0.702335, 0.702774, 0.687348, 0.691553
0.70979, 0.710297, 0.696383, 0.700377
0.714693, 0.715258, 0.702636, 0.706449
0.717426, 0.718032, 0.706267, 0.709954
0.716883, 0.717508, 0.706091, 0.709702
0.713517, 0.714136, 0.702507, 0.7061
0.707055, 0.707642, 0.695229, 0.698867
0.698898, 0.699433, 0.685786, 0.689526
0.688004, 0.688466, 0.67318, 0.677071
0.674578, 0.674953, 0.657775, 0.661854
0.658054, 0.65834, 0.639246, 0.643525
0.638513, 0.638712, 0.617762, 0.622245
0.612997, 0.613119, 0.590555, 0.595222
0.580374, 0.580435, 0.556623, 0.561443
0.571637, 0.571659, 0.547065, 0.551991
0.56694, 0.566946, 0.542064, 0.547046
0.565297, 0.565298, 0.540324, 0.545322
0.56943, 0.569656, 0.544787, 0.549587
0.577557, 0.578264, 0.553706, 0.558092
0.610567, 0.612059, 0.587981, 0.591693
0.629952, 0.632444, 0.608921, 0.611785
0.649718, 0.653367, 0.630365, 0.632261
0.671067, 0.676049, 0.653437, 0.654241
0.686357, 0.692673, 0.670155, 0.669919
0.698136, 0.705692, 0.682887, 0.681771
0.707436, 0.716088, 0.692571, 0.690767
0.713888, 0.723393, 0.698782, 0.696552
0.717916, 0.728, 0.701952, 0.699576
0.720101, 0.730411, 0.702938, 0.701035
0.71926, 0.729426, 0.701098, 0.700354
0.715904, 0.725569, 0.697308, 0.697656
0.710015, 0.718847, 0.690781, 0.692207
0.701343, 0.709086, 0.681325, 0.683706
0.690775, 0.697244, 0.669877, 0.673056
0.677044, 0.682132, 0.655222, 0.659026
0.66022, 0.663942, 0.637508, 0.641763
0.632555, 0.635006, 0.60903, 0.613602
0.600849, 0.602253, 0.576669, 0.58145
0.574871, 0.575528, 0.550238, 0.555145
0.565667, 0.56586, 0.540763, 0.545739
0.566765, 0.566833, 0.541808, 0.546797
0.565348, 0.565364, 0.540359, 0.545356
0.56567, 0.565683, 0.540755, 0.545761
0.567291, 0.567343, 0.542634, 0.547661
0.572026, 0.572134, 0.547738, 0.552794
0.576441, 0.576623, 0.552641, 0.557736
0.58175, 0.582026, 0.558569, 0.563713
0.588081, 0.588467, 0.565631, 0.570832
0.594325, 0.594838, 0.572707, 0.577974
0.600711, 0.601364, 0.580014, 0.585353
0.607328, 0.60814, 0.587657, 0.593077
0.614058, 0.615044, 0.595512, 0.601021
0.62063, 0.621801, 0.603267, 0.608868
0.627156, 0.628526, 0.611049, 0.616749
0.633611, 0.635192, 0.618816, 0.624617
0.639439, 0.641224, 0.625893, 0.631791
0.645317, 0.64732, 0.633078, 0.639077
0.650717, 0.652932, 0.639716, 0.64581
0.655954, 0.658384, 0.646171, 0.652358
0.66075, 0.663384, 0.652084, 0.658355
0.665364, 0.668199, 0.65775, 0.664099
0.669665, 0.672691, 0.663, 0.669418
0.673767, 0.676977, 0.667943, 0.67442
0.677564, 0.680942, 0.672437, 0.678962
0.681086, 0.684615, 0.676494, 0.683053
0.68423, 0.687887, 0.679995, 0.686574
0.687235, 0.691004, 0.683189, 0.689771
0.721155, 0.725683, 0.724893, 0.733381
0.70037, 0.704328, 0.696281, 0.702836
0.695965, 0.699929, 0.691312, 0.697812
0.697087, 0.701056, 0.691812, 0.69825
0.698685, 0.702636, 0.692635, 0.699
0.700116, 0.704021, 0.693096, 0.699373
0.701304, 0.705138, 0.693153, 0.699329
0.702251, 0.705988, 0.692816, 0.698879
0.703001, 0.706612, 0.692116, 0.698054
0.703469, 0.706936, 0.691058, 0.696866
0.703694, 0.706995, 0.689668, 0.695341
0.703703, 0.706815, 0.687962, 0.693493
0.703448, 0.706355, 0.685954, 0.691341
0.702949, 0.705638, 0.683691, 0.688936
0.702195, 0.704657, 0.681191, 0.686297
0.701189, 0.703419, 0.678543, 0.683491
0.699944, 0.701942, 0.676328, 0.680903
0.698474, 0.700243, 0.675302, 0.679368
0.696753, 0.698296, 0.674186, 0.678481
0.694777, 0.6961, 0.672747, 0.677257
0.692543, 0.693655, 0.670975, 0.675686
0.690089, 0.691007, 0.668896, 0.673786
0.687395, 0.688132, 0.666499, 0.671549
0.68436, 0.684927, 0.663688, 0.668881
0.681046, 0.68146, 0.660518, 0.665832
0.677511, 0.677791, 0.657056, 0.662458
0.673601, 0.673763, 0.65319, 0.65862
0.6695, 0.669568, 0.649078, 0.654501
0.664821, 0.664849, 0.644313, 0.649723
0.658854, 0.658914, 0.638186, 0.643577
0.654559, 0.65465, 0.633693, 0.639063
0.650286, 0.650398, 0.629172, 0.634517
0.645034, 0.645159, 0.623636, 0.628954
0.639281, 0.639412, 0.617562, 0.622851
0.633351, 0.63348, 0.611296, 0.616554
0.627179, 0.627302, 0.60478, 0.610007
0.62078, 0.620894, 0.598032, 0.603228
0.614191, 0.614293, 0.5911, 0.596265
0.607223, 0.607311, 0.583814, 0.588951
0.600627, 0.6007, 0.576912, 0.582023
0.594147, 0.594206, 0.57015, 0.575236
0.588125, 0.588171, 0.563886, 0.568951
0.581077, 0.581111, 0.556623, 0.56167
0.574514, 0.574536, 0.549873, 0.554904
0.570669, 0.570683, 0.545883, 0.550901
0.565978, 0.565985, 0.541084, 0.546093
0.565012, 0.565015, 0.540047, 0.54505
0.565253, 0.565254, 0.540264, 0.545265
0.565043, 0.565043, 0.540045, 0.545045
0.569991, 0.570245, 0.545155, 0.55015
0.580589, 0.581519, 0.556198, 0.561178
0.612726, 0.614756, 0.589057, 0.59399
0.631681, 0.635054, 0.608906, 0.613714
0.652038, 0.657023, 0.630348, 0.634879
0.670389, 0.677073, 0.649863, 0.653898
0.684049, 0.692391, 0.664692, 0.667947
0.696054, 0.706022, 0.677884, 0.679981
0.704631, 0.715904, 0.687467, 0.688146
0.710881, 0.723168, 0.694565, 0.693545
0.714493, 0.727382, 0.698843, 0.695981
0.716337, 0.7294, 0.701584, 0.696986
0.715442, 0.728242, 0.701517, 0.696368
0.712011, 0.724134, 0.698392, 0.69354
0.705921, 0.716966, 0.692042, 0.687859
0.697487, 0.707208, 0.682823, 0.679582
0.676782, 0.684852, 0.660724, 0.658767
0.671118, 0.677671, 0.653604, 0.652882
0.655028, 0.659948, 0.635754, 0.636413
0.631972, 0.635362, 0.610943, 0.612929
0.608895, 0.611007, 0.586358, 0.589471
0.567584, 0.568653, 0.543805, 0.547847
0.566527, 0.566934, 0.541973, 0.546607
0.566963, 0.567065, 0.542084, 0.546993
0.565141, 0.565147, 0.540149, 0.545144
0.570775, 0.571046, 0.54624, 0.550999
0.57949, 0.580243, 0.555822, 0.560153
0.611454, 0.612945, 0.589071, 0.592754
0.630257, 0.632685, 0.609435, 0.612311
0.65071, 0.654191, 0.631486, 0.63348
0.669221, 0.673864, 0.651524, 0.652585
0.683839, 0.689637, 0.667325, 0.667519
0.695051, 0.701903, 0.679198, 0.678678
0.703757, 0.711516, 0.687964, 0.686925
0.709862, 0.718313, 0.693491, 0.692173
0.713937, 0.722809, 0.696445, 0.695126
0.715124, 0.724105, 0.696283, 0.695752
0.713806, 0.722591, 0.69398, 0.694943
0.70994, 0.718223, 0.689721, 0.691699
0.703349, 0.71083, 0.682579, 0.68551
0.694207, 0.700685, 0.6728, 0.676497
0.680866, 0.686192, 0.658765, 0.663023
0.667565, 0.671694, 0.644772, 0.649401
0.651127, 0.654118, 0.627696, 0.632533
0.624042, 0.625967, 0.600029, 0.604971
0.594611, 0.595675, 0.57014, 0.575123
0.566316, 0.566778, 0.541536, 0.54653
0.565516, 0.565639, 0.540568, 0.545566
0.565986, 0.566031, 0.541012, 0.546011
0.64086, 0.641227, 0.617403, 0.622576
0.626753, 0.627347, 0.604216, 0.60949
0.64485, 0.645743, 0.623563, 0.628968
0.666352, 0.667587, 0.646517, 0.652066
0.678977, 0.680524, 0.660488, 0.666159
0.692977, 0.694867, 0.676006, 0.681799
0.702711, 0.704881, 0.687008, 0.692888
0.710231, 0.71262, 0.695562, 0.701506
0.714831, 0.717359, 0.700852, 0.706867
0.717466, 0.720045, 0.703788, 0.709857
0.716743, 0.719279, 0.702926, 0.709009
0.713185, 0.715587, 0.698805, 0.704858
0.706425, 0.708612, 0.691097, 0.697077
0.697992, 0.699906, 0.681437, 0.68731
0.686861, 0.68846, 0.668891, 0.674629
0.673732, 0.675012, 0.654319, 0.659914
0.65513, 0.656055, 0.634127, 0.639558
0.631205, 0.631826, 0.608845, 0.614132
0.608481, 0.608849, 0.585014, 0.590181
0.575353, 0.575528, 0.551053, 0.55613
0.565037, 0.565094, 0.540243, 0.545266
0.566906, 0.566924, 0.541982, 0.54699
0.565151, 0.565152, 0.540156, 0.545155
0.5708, 0.570883, 0.545913, 0.550848
0.579636, 0.579868, 0.554945, 0.559777
0.615649, 0.616116, 0.591256, 0.595922
0.634065, 0.63482, 0.610006, 0.614473
0.656093, 0.657194, 0.632377, 0.636603
0.674432, 0.675908, 0.651003, 0.654962
0.689135, 0.690994, 0.666046, 0.669575
0.700562, 0.702787, 0.677819, 0.680803
0.709174, 0.71172, 0.686718, 0.689461
0.715583, 0.718414, 0.693357, 0.696315
0.719271, 0.722283, 0.697163, 0.700482
0.720118, 0.723208, 0.698022, 0.701794
0.718465, 0.721529, 0.696282, 0.700541
0.714194, 0.71712, 0.691898, 0.696549
0.70739, 0.710074, 0.685134, 0.689844
0.696423, 0.698774, 0.674016, 0.678783
0.685968, 0.687927, 0.663255, 0.668075
0.671465, 0.672988, 0.648312, 0.653181
0.651608, 0.652695, 0.627952, 0.632864
0.624648, 0.625328, 0.600491, 0.605439
0.590754, 0.59112, 0.566199, 0.571172
0.572268, 0.572399, 0.547418, 0.552409
0.566671, 0.566704, 0.541707, 0.546705
0.565348, 0.565353, 0.540356, 0.545355
0.56527, 0.565276, 0.540311, 0.545314
0.566466, 0.566506, 0.54175, 0.546771
0.570234, 0.570335, 0.545953, 0.551008
0.574246, 0.574429, 0.55056, 0.55566
0.57923, 0.579522, 0.556326, 0.561485
0.585312, 0.585736, 0.563352, 0.568582
0.591437, 0.592013, 0.570572, 0.575886
0.597952, 0.598705, 0.578358, 0.583768
0.604549, 0.605499, 0.586361, 0.591878
0.611126, 0.612291, 0.594466, 0.600098
0.617789, 0.619191, 0.602812, 0.608571
0.624431, 0.626094, 0.61129, 0.617188
0.630801, 0.632737, 0.619582, 0.625625
0.636771, 0.638986, 0.6275, 0.633689
0.642633, 0.645144, 0.635414, 0.641756
0.648328, 0.651152, 0.643267, 0.649771
0.653564, 0.656701, 0.650634, 0.657297
0.658631, 0.662092, 0.657897, 0.664723
0.663378, 0.667166, 0.664833, 0.67182
0.667812, 0.671928, 0.671444, 0.678592
0.672047, 0.6765, 0.677879, 0.685187
0.675974, 0.680759, 0.683953, 0.691417
0.679539, 0.684645, 0.68956, 0.697171
0.682956, 0.688391, 0.695033, 0.702792
0.68608, 0.69185, 0.700107, 0.708005
0.429851, 0.432636, 0.426067, 0.432509
0.491906, 0.497743, 0.504881, 0.513737
0.661279, 0.667535, 0.678089, 0.686175
0.694826, 0.701593, 0.714625, 0.722923
0.626894, 0.627216, 0.603243, 0.608395
0.621576, 0.622125, 0.598852, 0.604105
0.642417, 0.643264, 0.620936, 0.626321
0.663313, 0.664489, 0.643229, 0.648754
0.677931, 0.679447, 0.659307, 0.664966
0.690854, 0.692694, 0.673654, 0.679431
0.701046, 0.703168, 0.685123, 0.690989
0.709088, 0.711443, 0.694255, 0.700186
0.714304, 0.716816, 0.700241, 0.706245
0.717301, 0.719879, 0.703605, 0.709668
0.717088, 0.719636, 0.703318, 0.709402
0.713944, 0.716373, 0.699681, 0.705742
0.70783, 0.710056, 0.692677, 0.698671
0.691371, 0.693307, 0.674907, 0.680786
0.687282, 0.688931, 0.669533, 0.675293
0.675178, 0.676497, 0.655941, 0.661554
0.65939, 0.660385, 0.638701, 0.644164
0.63987, 0.640558, 0.617809, 0.623127
0.613972, 0.614387, 0.590709, 0.595898
0.580809, 0.581014, 0.556636, 0.561726
0.567222, 0.567294, 0.54249, 0.547519
0.566923, 0.566943, 0.542003, 0.547012
0.565297, 0.565301, 0.540316, 0.545318
0.56943, 0.569492, 0.544514, 0.549465
0.577812, 0.578012, 0.553079, 0.557933
0.611199, 0.611619, 0.586748, 0.591446
0.630471, 0.63117, 0.606351, 0.610856
0.652493, 0.653531, 0.62872, 0.63299
0.67107, 0.672472, 0.647588, 0.651604
0.687096, 0.688893, 0.663947, 0.667557
0.698613, 0.700773, 0.67581, 0.678891
0.707997, 0.710496, 0.6855, 0.68823
0.714241, 0.717009, 0.691967, 0.694853
0.718086, 0.721057, 0.695954, 0.699166
0.720127, 0.723207, 0.698038, 0.701691
0.719058, 0.722138, 0.696904, 0.701053
0.715474, 0.718445, 0.693176, 0.697777
0.709344, 0.712098, 0.687095, 0.691791
0.699991, 0.70243, 0.67764, 0.682393
0.689272, 0.69133, 0.666646, 0.671454
0.675521, 0.677158, 0.65249, 0.657347
0.658503, 0.659705, 0.634985, 0.639886
0.63056, 0.631339, 0.606527, 0.611466
0.599081, 0.59952, 0.574618, 0.579585
0.576017, 0.576209, 0.551243, 0.556229
0.566241, 0.56628, 0.541282, 0.546279
0.565718, 0.56573, 0.540736, 0.545735
0.565128, 0.56513, 0.540145, 0.545146
0.566225, 0.566257, 0.541456, 0.546474
0.567978, 0.568067, 0.543611, 0.54866
0.573543, 0.573711, 0.549747, 0.554838
0.578372, 0.578645, 0.55533, 0.560479
0.583909, 0.58431, 0.561784, 0.567002
0.590633, 0.591188, 0.569612, 0.574914
0.596898, 0.597622, 0.577093, 0.582487
0.603501, 0.604419, 0.585082, 0.590581
0.610093, 0.611223, 0.593184, 0.598798
0.616776, 0.618141, 0.601534, 0.607273
0.623452, 0.625074, 0.610029, 0.615906
0.629858, 0.631752, 0.618345, 0.624366
0.636034, 0.638213, 0.626511, 0.632681
0.641917, 0.64439, 0.634438, 0.640761
0.647651, 0.650437, 0.642326, 0.648811
0.652925, 0.656022, 0.649726, 0.656369
0.65803, 0.661452, 0.657029, 0.663835
0.6627, 0.66644, 0.663835, 0.670799
0.667399, 0.671483, 0.67082, 0.677952
0.671657, 0.676078, 0.677282, 0.684575
0.67552, 0.680266, 0.683247, 0.690692
0.679205, 0.684279, 0.68903, 0.696627
0.682576, 0.687972, 0.694418, 0.70216
0.685732, 0.691463, 0.699538, 0.707421
0.688662, 0.694715, 0.704364, 0.71238
0.652229, 0.656448, 0.658479, 0.666514
0.693243, 0.699851, 0.712155, 0.720393
0.631094, 0.631441, 0.60755, 0.612713
0.624468, 0.625052, 0.60189, 0.607159
0.644726, 0.645611, 0.623409, 0.628811
0.665289, 0.666507, 0.64538, 0.650922
0.679589, 0.681145, 0.661139, 0.666813
0.692201, 0.694076, 0.675162, 0.68095
0.702096, 0.704248, 0.686312, 0.692187
0.709651, 0.712023, 0.694901, 0.700838
0.714535, 0.717053, 0.700509, 0.706518
0.717381, 0.71996, 0.703694, 0.70976
0.71701, 0.719554, 0.703227, 0.70931
0.713736, 0.716157, 0.699441, 0.705499
0.707634, 0.709855, 0.692457, 0.698449
0.700091, 0.702041, 0.683704, 0.689592
0.688304, 0.689935, 0.670475, 0.676227
0.674662, 0.675958, 0.655323, 0.660925
0.657469, 0.658433, 0.63664, 0.642089
0.638013, 0.638673, 0.615827, 0.621132
0.612271, 0.612669, 0.588932, 0.594113
0.58415, 0.584347, 0.559944, 0.565031
0.573812, 0.573881, 0.549069, 0.554097
0.566959, 0.566979, 0.542038, 0.547047
0.565297, 0.565301, 0.540316, 0.545318
0.569618, 0.569684, 0.544707, 0.549655
0.578069, 0.578274, 0.553342, 0.558193
0.611832, 0.612258, 0.587389, 0.592083
0.630988, 0.631696, 0.606877, 0.611377
0.652952, 0.653999, 0.629188, 0.633451
0.67268, 0.674111, 0.649219, 0.653213
0.687594, 0.689408, 0.664461, 0.668049
0.699113, 0.701289, 0.676325, 0.679381
0.70815, 0.710655, 0.685658, 0.688388
0.714357, 0.71713, 0.692087, 0.694979
0.718085, 0.721055, 0.695952, 0.699164
0.720127, 0.723207, 0.698038, 0.701691
0.719111, 0.722192, 0.696959, 0.701097
0.715481, 0.718452, 0.693183, 0.697783
0.709418, 0.712178, 0.687176, 0.691871
0.699996, 0.702435, 0.677644, 0.682398
0.689034, 0.691082, 0.6664, 0.67121
0.674897, 0.676514, 0.651844, 0.656704
0.657116, 0.658296, 0.633572, 0.638475
0.629626, 0.630396, 0.605581, 0.610521
0.598485, 0.598916, 0.574012, 0.57898
0.568951, 0.569137, 0.544169, 0.549156
0.565587, 0.565637, 0.540639, 0.545636
0.566016, 0.566035, 0.541043, 0.546042
0.565112, 0.565114, 0.540116, 0.545116
0.565931, 0.565955, 0.5411, 0.546113
0.567495, 0.567568, 0.543014, 0.548053
0.572596, 0.572744, 0.548659, 0.55374
0.577117, 0.577363, 0.553877, 0.55901
0.582673, 0.583044, 0.560336, 0.565538
0.589281, 0.589801, 0.568013, 0.573297
0.595707, 0.596398, 0.575662, 0.581038
0.602099, 0.602975, 0.583378, 0.588855
0.608903, 0.609993, 0.591707, 0.597299
0.615401, 0.616717, 0.599808, 0.605521
0.622139, 0.623709, 0.608345, 0.614194
0.628417, 0.630249, 0.616468, 0.622456
0.634504, 0.63661, 0.624476, 0.630608
0.640474, 0.642872, 0.632477, 0.638762
0.646138, 0.648839, 0.640232, 0.646673
0.65164, 0.654658, 0.647907, 0.654511
0.656689, 0.660023, 0.655097, 0.661859
0.66168, 0.665348, 0.662334, 0.669262
0.666337, 0.670341, 0.669229, 0.676322
0.67067, 0.675011, 0.675775, 0.68303
0.674607, 0.679273, 0.681826, 0.689235
0.678339, 0.683336, 0.687671, 0.695233
0.681876, 0.687204, 0.693293, 0.701004
0.685025, 0.690679, 0.698385, 0.706235
0.687959, 0.693934, 0.703198, 0.711181
0.76117, 0.77395, 0.801681, 0.814213
0.351857, 0.355853, 0.350796, 0.357057
0.424826, 0.433226, 0.440637, 0.45101
0.49878, 0.505449, 0.504105, 0.514427
0.536082, 0.541546, 0.534243, 0.5432
0.617855, 0.620489, 0.605816, 0.612014
0.715506, 0.722344, 0.719704, 0.728745
0.351825, 0.353561, 0.331399, 0.337951
0.510985, 0.514305, 0.497313, 0.504111
0.573637, 0.57602, 0.556544, 0.562865
0.567271, 0.56799, 0.544331, 0.549686
0.572666, 0.572944, 0.548718, 0.553899
0.64086, 0.641227, 0.617403, 0.622576
0.62717, 0.62777, 0.604661, 0.609938
0.644777, 0.64567, 0.62349, 0.628895
0.665824, 0.66705, 0.645951, 0.651497
0.679886, 0.68145, 0.66147, 0.667147
0.692795, 0.694685, 0.675821, 0.681614
0.702735, 0.704904, 0.687033, 0.692912
0.710245, 0.712634, 0.695578, 0.701522
0.714831, 0.717359, 0.700851, 0.706867
0.717466, 0.720045, 0.703788, 0.709857
0.716792, 0.71933, 0.702983, 0.709066
0.713296, 0.715702, 0.698934, 0.704988
0.70664, 0.708833, 0.691338, 0.69732
0.698037, 0.699951, 0.681483, 0.687356
0.687103, 0.688711, 0.669167, 0.674909
0.673533, 0.674805, 0.654086, 0.659678
0.655728, 0.656668, 0.634792, 0.64023
0.631745, 0.632372, 0.609416, 0.614705
0.608978, 0.609352, 0.585536, 0.590706
0.577784, 0.577964, 0.553503, 0.558582
0.565102, 0.565159, 0.540308, 0.545331
0.566918, 0.566936, 0.541995, 0.547003
0.565147, 0.565149, 0.540156, 0.545157
0.570596, 0.570676, 0.545704, 0.550642
0.57911, 0.579334, 0.554408, 0.559246
0.614373, 0.614826, 0.589963, 0.594638
0.633045, 0.633784, 0.608968, 0.613446
0.654804, 0.655886, 0.631072, 0.63531
0.674186, 0.675653, 0.65075, 0.654716
0.688816, 0.690666, 0.665718, 0.669259
0.700333, 0.702549, 0.677583, 0.680578
0.709006, 0.711545, 0.686544, 0.689285
0.71515, 0.717961, 0.692909, 0.695842
0.719015, 0.722012, 0.696899, 0.700172
0.720148, 0.723234, 0.698056, 0.701773
0.718719, 0.72179, 0.696547, 0.700763
0.714794, 0.717741, 0.692493, 0.697127
0.708301, 0.711017, 0.686049, 0.690753
0.698406, 0.700802, 0.676029, 0.680789
0.687683, 0.689692, 0.665014, 0.669829
0.673386, 0.674962, 0.650289, 0.655154
0.654352, 0.65549, 0.630757, 0.635665
0.62708, 0.627804, 0.602978, 0.607922
0.592128, 0.592522, 0.567608, 0.572579
0.57058, 0.570747, 0.545774, 0.550763
0.565975, 0.566018, 0.541019, 0.546017
0.565871, 0.565886, 0.540893, 0.545891
0.565083, 0.565084, 0.540092, 0.545093
0.566074, 0.566102, 0.541273, 0.546288
0.567759, 0.56784, 0.54334, 0.548384
0.573183, 0.573344, 0.549333, 0.554421
0.577808, 0.578068, 0.554676, 0.559818
0.583285, 0.583671, 0.561053, 0.566263
0.589969, 0.590506, 0.568825, 0.574118
0.596208, 0.596913, 0.576265, 0.581649
0.602812, 0.603709, 0.584241, 0.589729
0.609402, 0.610509, 0.592329, 0.59793
0.616287, 0.617633, 0.600912, 0.606642
0.622777, 0.624373, 0.609168, 0.615031
0.629055, 0.630914, 0.617298, 0.6233
0.635277, 0.637419, 0.625501, 0.631652
0.641197, 0.643633, 0.633459, 0.639763
0.646825, 0.649565, 0.641183, 0.647643
0.652152, 0.655202, 0.648633, 0.655252
0.657304, 0.660678, 0.655981, 0.662763
0.662135, 0.665834, 0.663002, 0.669946
0.666656, 0.670684, 0.669707, 0.676811
0.670869, 0.675225, 0.676077, 0.68334
0.674883, 0.679573, 0.682254, 0.689674
0.678594, 0.683615, 0.688074, 0.695647
0.68211, 0.68746, 0.693669, 0.701391
0.685239, 0.690917, 0.698734, 0.706594
0.688153, 0.69415, 0.703519, 0.711511
0.734016, 0.744365, 0.771661, 0.784788
0.567241, 0.570347, 0.563183, 0.569824
0.61077, 0.61772, 0.631837, 0.640267
0.567717, 0.569099, 0.552379, 0.55809
0.603018, 0.603984, 0.583791, 0.589216
0.647751, 0.649854, 0.634491, 0.640356
0.653022, 0.655305, 0.640413, 0.646327
0.636531, 0.638138, 0.619935, 0.625555
0.587597, 0.588236, 0.565655, 0.570881
0.575052, 0.575225, 0.5509, 0.555963
0.56657, 0.5666, 0.541755, 0.546769
0.565386, 0.565396, 0.540452, 0.545457
0.56643, 0.566475, 0.541726, 0.546748
0.569847, 0.569949, 0.545525, 0.550575
0.573113, 0.573287, 0.549278, 0.554364
0.577228, 0.577498, 0.554037, 0.559171
0.582104, 0.582485, 0.559658, 0.564846
0.587034, 0.587541, 0.56544, 0.570691
0.592012, 0.592658, 0.571344, 0.576664
0.597422, 0.598228, 0.577824, 0.583223
0.602848, 0.603827, 0.584407, 0.589891
0.608241, 0.609405, 0.591032, 0.596607
0.613693, 0.615058, 0.597817, 0.60349
0.619135, 0.620718, 0.60469, 0.610468
0.624243, 0.626046, 0.611245, 0.617129
0.629153, 0.631182, 0.617637, 0.62363
0.634003, 0.636273, 0.624036, 0.630141
0.638492, 0.641001, 0.630045, 0.636261
0.642987, 0.645753, 0.636147, 0.642479
0.647112, 0.65013, 0.641833, 0.648278
0.651001, 0.654271, 0.647261, 0.653816
0.519109, 0.522064, 0.506915, 0.513261
0.571883, 0.576283, 0.577315, 0.584847
0.471302, 0.471836, 0.450867, 0.457793
0.582876, 0.583588, 0.561866, 0.567157
0.625578, 0.626825, 0.607213, 0.612698
0.618293, 0.619352, 0.598703, 0.604099
0.571609, 0.572087, 0.548852, 0.554016
0.57081, 0.570934, 0.546379, 0.551421
0.566137, 0.56616, 0.541275, 0.546285
0.565285, 0.565293, 0.540333, 0.545337
0.566168, 0.566206, 0.541409, 0.546426
0.568914, 0.568998, 0.544458, 0.549498
0.571807, 0.571957, 0.547778, 0.552849
0.575192, 0.575422, 0.551684, 0.556793
0.579467, 0.579796, 0.556596, 0.561751
0.583847, 0.584288, 0.561706, 0.566914
0.588581, 0.589152, 0.567281, 0.572552
0.593329, 0.594039, 0.572929, 0.578264
0.598294, 0.599159, 0.578893, 0.584302
0.603393, 0.604429, 0.585086, 0.590574
0.608286, 0.609498, 0.591102, 0.596672
0.613231, 0.614633, 0.597248, 0.602906
0.618026, 0.619626, 0.603288, 0.609035
0.622662, 0.624466, 0.609202, 0.615042
0.627118, 0.629132, 0.614955, 0.620888
0.706661, 0.710615, 0.711474, 0.719623
0.566311, 0.567267, 0.547586, 0.553217
0.576311, 0.576643, 0.553354, 0.558502
0.587463, 0.588131, 0.56599, 0.571246
0.605111, 0.605879, 0.58401, 0.589294
0.589579, 0.590053, 0.56686, 0.572026
0.566409, 0.566524, 0.541865, 0.546898
0.566587, 0.566621, 0.541783, 0.546797
0.565113, 0.565116, 0.54013, 0.545131
0.565782, 0.565807, 0.540936, 0.545947
0.567815, 0.567879, 0.543216, 0.548245
0.57043, 0.570551, 0.546195, 0.55125
0.573531, 0.573725, 0.549762, 0.554852
0.577417, 0.577699, 0.554212, 0.559343
0.58146, 0.581845, 0.558908, 0.564086
0.585752, 0.586253, 0.563937, 0.569168
0.590224, 0.590854, 0.569221, 0.574512
0.594931, 0.595703, 0.574832, 0.580188
0.599666, 0.600592, 0.580536, 0.585962
0.604379, 0.60547, 0.586274, 0.591773
0.609031, 0.610293, 0.591995, 0.597572
0.613832, 0.615282, 0.59796, 0.603621
0.778793, 0.785321, 0.800643, 0.808891
0.588314, 0.588896, 0.567113, 0.572388
0.577348, 0.577598, 0.553788, 0.558892
0.593884, 0.594435, 0.571733, 0.576939
0.595004, 0.595535, 0.572634, 0.577824
0.570948, 0.571215, 0.547169, 0.552258
0.567919, 0.567987, 0.543213, 0.548235
0.565637, 0.56565, 0.540714, 0.54572
0.565269, 0.565277, 0.540315, 0.545318
0.566043, 0.566078, 0.541257, 0.546272
0.568503, 0.56858, 0.543986, 0.549021
0.571112, 0.57125, 0.546974, 0.552037
0.574255, 0.574468, 0.550593, 0.55569
0.578238, 0.578544, 0.555159, 0.560298
0.582348, 0.582761, 0.559938, 0.565126
0.586562, 0.587091, 0.564881, 0.570121
0.591057, 0.591717, 0.570196, 0.575495
0.59563, 0.596432, 0.575653, 0.581016
0.599835, 0.600777, 0.580726, 0.586151
0.604814, 0.605929, 0.586772, 0.592274
0.679403, 0.683967, 0.682935, 0.689448
0.649958, 0.65051, 0.628507, 0.633762
0.589789, 0.590004, 0.566019, 0.571107
0.588596, 0.589035, 0.565841, 0.571003
0.588856, 0.589261, 0.565827, 0.570969
0.569203, 0.56938, 0.544989, 0.550046
0.567814, 0.567867, 0.543067, 0.548086
0.565519, 0.56553, 0.540582, 0.545586
0.56539, 0.565402, 0.54046, 0.545465
0.566251, 0.566293, 0.541513, 0.546532
0.569025, 0.569115, 0.544582, 0.549622
0.571708, 0.571861, 0.547657, 0.552725
0.574892, 0.575123, 0.551325, 0.556428
0.578696, 0.579016, 0.555682, 0.560825
0.582621, 0.583044, 0.560251, 0.565441
0.586769, 0.587307, 0.565116, 0.570357
0.591039, 0.591703, 0.570164, 0.575461
0.59554, 0.596345, 0.57553, 0.58089
0.66289, 0.666502, 0.665025, 0.671613
0.623944, 0.624371, 0.601675, 0.606871
0.57908, 0.579236, 0.554972, 0.560036
0.582842, 0.583166, 0.559488, 0.564606
0.583463, 0.583766, 0.559929, 0.565035
0.571755, 0.571892, 0.547363, 0.552407
0.56718, 0.567221, 0.542374, 0.547388
0.565402, 0.565411, 0.540451, 0.545455
0.565383, 0.565394, 0.540451, 0.545456
0.566199, 0.56624, 0.54145, 0.546468
0.568823, 0.568909, 0.54435, 0.549388
0.571421, 0.571568, 0.547326, 0.552392
0.57444, 0.574661, 0.550801, 0.555899
0.578246, 0.578555, 0.555157, 0.560294
0.581987, 0.582394, 0.559505, 0.564687
0.586057, 0.586577, 0.564271, 0.569502
0.590389, 0.591036, 0.569384, 0.574671
0.664657, 0.668686, 0.662162, 0.668838
0.637119, 0.637455, 0.614261, 0.619415
0.581122, 0.581257, 0.556884, 0.561938
0.580323, 0.580594, 0.556689, 0.561788
0.580365, 0.580612, 0.556551, 0.561636
0.566572, 0.566681, 0.542049, 0.547084
0.566857, 0.566892, 0.542023, 0.547034
0.565344, 0.565352, 0.540386, 0.545389
0.565377, 0.565388, 0.540444, 0.545449
0.566182, 0.566222, 0.541428, 0.546446
0.56877, 0.568855, 0.544288, 0.549326
0.571256, 0.571399, 0.547136, 0.552199
0.574313, 0.574531, 0.550651, 0.555748
0.578069, 0.578374, 0.554948, 0.560084
0.581982, 0.58239, 0.559495, 0.564675
0.586124, 0.586648, 0.564344, 0.569575
0.625264, 0.627552, 0.612133, 0.618094
0.590511, 0.590803, 0.567366, 0.572499
0.570584, 0.57069, 0.546197, 0.551241
0.577302, 0.577519, 0.553398, 0.558477
0.57817, 0.578378, 0.554174, 0.559246
0.566196, 0.566294, 0.541628, 0.546659
0.566523, 0.566552, 0.54166, 0.546669
0.565289, 0.565296, 0.540324, 0.545327
0.565356, 0.565367, 0.54042, 0.545424
0.566143, 0.566182, 0.54138, 0.546397
0.568731, 0.568815, 0.544243, 0.54928
0.571268, 0.571412, 0.547149, 0.552212
0.574304, 0.574522, 0.55064, 0.555736
0.578043, 0.578349, 0.554916, 0.56005
0.581814, 0.582218, 0.559296, 0.564474
0.588327, 0.589241, 0.568521, 0.574518
0.56571, 0.565963, 0.542314, 0.547429
0.568107, 0.568194, 0.543623, 0.54866
0.571125, 0.571293, 0.546979, 0.552041
0.575513, 0.575686, 0.551346, 0.556406
0.566566, 0.566653, 0.541951, 0.546979
0.56621, 0.566235, 0.54132, 0.546328
0.56524, 0.565245, 0.540269, 0.545271
0.565322, 0.565331, 0.540378, 0.545382
0.566082, 0.566119, 0.541306, 0.546322
0.568582, 0.568663, 0.544073, 0.549108
0.571074, 0.571213, 0.546925, 0.551986
0.574065, 0.574277, 0.550362, 0.555455
0.577732, 0.57803, 0.554557, 0.559688
0.581597, 0.581997, 0.559041, 0.564217
0.578913, 0.579381, 0.556925, 0.562339
0.566434, 0.56669, 0.543049, 0.548165
0.56805, 0.568136, 0.543556, 0.548592
0.571007, 0.571172, 0.546844, 0.551904
0.575315, 0.575484, 0.55113, 0.556189
0.566542, 0.566627, 0.541921, 0.546948
0.566187, 0.56621, 0.541295, 0.546302
0.565235, 0.565241, 0.540264, 0.545266
0.565304, 0.565313, 0.540357, 0.545361
0.566075, 0.566112, 0.541297, 0.546313
0.568554, 0.568634, 0.54404, 0.549075
0.571031, 0.57117, 0.546875, 0.551936
0.573993, 0.574204, 0.55028, 0.555372
0.577351, 0.57764, 0.554116, 0.559242
0.581596, 0.582004, 0.559075, 0.564248
0.566835, 0.56702, 0.543006, 0.54809
0.567412, 0.567475, 0.542781, 0.547807
0.572756, 0.572889, 0.548424, 0.553472
0.573388, 0.573515, 0.548994, 0.554038
0.567932, 0.567989, 0.54318, 0.548198
0.566002, 0.566021, 0.54109, 0.546097
0.565188, 0.565192, 0.54021, 0.545212
0.565398, 0.56541, 0.54047, 0.545475
0.566198, 0.56624, 0.541449, 0.546467
0.568827, 0.568914, 0.544353, 0.54939
0.571375, 0.571522, 0.54727, 0.552334
0.574383, 0.574604, 0.550728, 0.555825
0.578098, 0.578406, 0.554975, 0.560109
0.582086, 0.582506, 0.559644, 0.564824
0.572033, 0.572232, 0.548287, 0.553377
0.567574, 0.567643, 0.542979, 0.548008
0.569863, 0.569996, 0.545535, 0.550584
0.574445, 0.57458, 0.55009, 0.555136
0.566179, 0.566244, 0.541464, 0.546485
0.566, 0.56602, 0.54109, 0.546096
0.56525, 0.565255, 0.54028, 0.545282
0.565332, 0.565342, 0.54039, 0.545394
0.566115, 0.566153, 0.541346, 0.546362
0.568642, 0.568725, 0.54414, 0.549176
0.571048, 0.571187, 0.546893, 0.551953
0.573994, 0.574205, 0.550279, 0.555371
0.577693, 0.578002, 0.554538, 0.559668
0.565957, 0.566097, 0.541845, 0.546908
0.566899, 0.56695, 0.542197, 0.547218
0.570993, 0.571094, 0.546501, 0.551537
0.571371, 0.571467, 0.546825, 0.551858
0.565138, 0.56518, 0.540322, 0.545335
0.565773, 0.565787, 0.540841, 0.545846
0.565146, 0.565149, 0.540164, 0.545165
0.565395, 0.565407, 0.540466, 0.545471
0.566189, 0.56623, 0.541437, 0.546454
0.568812, 0.568899, 0.544334, 0.549372
0.571326, 0.571472, 0.547212, 0.552275
0.574311, 0.57453, 0.550644, 0.555739
0.578112, 0.578432, 0.555021, 0.560155
0.569742, 0.569892, 0.545684, 0.550751
0.56699, 0.567042, 0.542296, 0.547318
0.570889, 0.570993, 0.54641, 0.551447
0.571643, 0.571743, 0.547116, 0.55215
0.565167, 0.565211, 0.540357, 0.54537
0.565796, 0.56581, 0.540866, 0.545871
0.56515, 0.565154, 0.540168, 0.54517
0.565394, 0.565406, 0.540465, 0.54547
0.566185, 0.566226, 0.541432, 0.54645
0.568905, 0.568994, 0.544438, 0.549477
0.571306, 0.571452, 0.547189, 0.552252
0.574283, 0.574501, 0.550611, 0.555706
0.578068, 0.578387, 0.554969, 0.560103
0.562696, 0.562836, 0.538578, 0.543641
0.567024, 0.567076, 0.542325, 0.547347
0.571153, 0.571257, 0.546675, 0.551713
0.571658, 0.571756, 0.547124, 0.552157
0.565085, 0.565127, 0.540266, 0.545279
0.56555, 0.565564, 0.540619, 0.545624
0.565001, 0.565001, 0.540001, 0.545001
0.565426, 0.565439, 0.540503, 0.545509
0.566233, 0.566276, 0.541492, 0.54651
0.568911, 0.568999, 0.544446, 0.549484
0.571361, 0.571508, 0.547252, 0.552315
0.57413, 0.574343, 0.550422, 0.555516
0.566024, 0.566137, 0.541728, 0.546779
0.566457, 0.566496, 0.541682, 0.546698
0.567768, 0.567843, 0.543145, 0.548172
0.559518, 0.559589, 0.534854, 0.539878
0.564945, 0.564976, 0.54008, 0.54509
0.565594, 0.565604, 0.540646, 0.54565
0.565113, 0.565115, 0.540126, 0.545127
0.565392, 0.565404, 0.540462, 0.545467
0.566179, 0.56622, 0.541424, 0.546442
0.56879, 0.568876, 0.544308, 0.549345
0.571276, 0.571421, 0.547153, 0.552216
0.574188, 0.574478, 0.550898, 0.556034
0.565742, 0.565848, 0.54141, 0.546458
0.566463, 0.5665, 0.541678, 0.546694
0.569402, 0.569476, 0.544772, 0.549798
0.568196, 0.568266, 0.543526, 0.54855
0.564862, 0.56489, 0.539983, 0.544992
0.565397, 0.565408, 0.540448, 0.545452
0.565001, 0.565001, 0.540001, 0.545001
0.565441, 0.565455, 0.540522, 0.545528
0.566255, 0.566299, 0.541519, 0.546538
0.568958, 0.569048, 0.5445, 0.549539
0.571488, 0.571638, 0.547397, 0.552462
0.572416, 0.572652, 0.548836, 0.553942
0.565614, 0.565727, 0.541326, 0.546377
0.566375, 0.566413, 0.541603, 0.54662
0.567764, 0.567839, 0.54314, 0.548167
0.570717, 0.570789, 0.546054, 0.551078
0.565145, 0.565175, 0.540269, 0.545278
0.565407, 0.565418, 0.540459, 0.545462
0.565112, 0.565114, 0.540125, 0.545126
0.565407, 0.565419, 0.54048, 0.545486
0.5662, 0.566242, 0.541451, 0.546469
0.568829, 0.568915, 0.544352, 0.54939
0.571253, 0.571398, 0.547127, 0.55219
0.574197, 0.574412, 0.550498, 0.555594
0.567158, 0.567265, 0.54283, 0.547878
0.566422, 0.56646, 0.541641, 0.546657
0.5677, 0.567773, 0.543067, 0.548093
0.562807, 0.562877, 0.538138, 0.543161
0.56533, 0.565362, 0.540469, 0.545478
0.565415, 0.565425, 0.540466, 0.54547
0.56511, 0.565112, 0.540123, 0.545124
0.565406, 0.565418, 0.540479, 0.545485
0.56625, 0.566294, 0.541513, 0.546532
0.568944, 0.569033, 0.544483, 0.549522
0.569512, 0.569671, 0.545466, 0.550534
0.565704, 0.565782, 0.541192, 0.546227
0.56594, 0.565967, 0.541097, 0.546108
0.566892, 0.566943, 0.542147, 0.547166
0.56836, 0.568411, 0.543598, 0.548614
0.564892, 0.564914, 0.539987, 0.544994
0.565411, 0.565419, 0.540447, 0.54545
0.565079, 0.56508, 0.540088, 0.545089
0.565406, 0.565418, 0.540479, 0.545484
0.566223, 0.566266, 0.541479, 0.546497
0.568879, 0.568967, 0.544409, 0.549447
0.569684, 0.569845, 0.545648, 0.550717
0.565687, 0.565764, 0.541164, 0.546198
0.565915, 0.565941, 0.541067, 0.546078
0.566846, 0.566895, 0.542094, 0.547112
0.568307, 0.568356, 0.543541, 0.548557
0.565371, 0.565393, 0.540467, 0.545474
0.565401, 0.565408, 0.540436, 0.545439
0.565077, 0.565078, 0.540086, 0.545087
0.565372, 0.565384, 0.540439, 0.545444
0.566144, 0.566183, 0.541381, 0.546398
0.568635, 0.568718, 0.544131, 0.549167
0.571024, 0.571163, 0.546858, 0.551917
0.565383, 0.565454, 0.540825, 0.545856
0.565865, 0.56589, 0.54101, 0.546021
0.566763, 0.56681, 0.542001, 0.547018
0.568124, 0.56817, 0.543344, 0.548359
0.56492, 0.56494, 0.540004, 0.54501
0.565264, 0.565271, 0.540297, 0.5453
0.565, 0.565, 0.54, 0.545
0.565438, 0.565452, 0.540519, 0.545524
0.566247, 0.566291, 0.541509, 0.546527
0.568872, 0.56896, 0.544401, 0.549439
0.571321, 0.571467, 0.547198, 0.552261
0.565403, 0.565477, 0.540864, 0.545897
0.565912, 0.565938, 0.541064, 0.546075
0.566838, 0.566888, 0.542086, 0.547104
0.568267, 0.568315, 0.543497, 0.548513
0.565376, 0.565398, 0.540472, 0.545479
0.5654, 0.565408, 0.540435, 0.545438
0.565076, 0.565078, 0.540085, 0.545086
0.565404, 0.565417, 0.540477, 0.545483
0.566193, 0.566235, 0.541442, 0.54646
0.568808, 0.568894, 0.544328, 0.549365
0.569261, 0.569412, 0.545163, 0.550228
0.565668, 0.565742, 0.541131, 0.546164
0.565888, 0.565913, 0.541036, 0.546047
0.566795, 0.566843, 0.542037, 0.547054
0.568192, 0.56824, 0.543417, 0.548433
0.56489, 0.564911, 0.53998, 0.544986
0.56539, 0.565397, 0.540425, 0.545427
0.565075, 0.565076, 0.540084, 0.545084
0.565387, 0.565399, 0.540457, 0.545462
0.566167, 0.566207, 0.54141, 0.546427
0.568684, 0.568767, 0.544187, 0.549222
0.571009, 0.571148, 0.546841, 0.5519
0.565382, 0.565452, 0.540822, 0.545854
0.565863, 0.565887, 0.541008, 0.546018
0.566758, 0.566806, 0.541996, 0.547013
0.568116, 0.568163, 0.543335, 0.548351
0.565325, 0.565346, 0.540416, 0.545423
0.565382, 0.565389, 0.540415, 0.545418
0.565073, 0.565074, 0.540082, 0.545082
0.565404, 0.565416, 0.540477, 0.545482
0.566191, 0.566233, 0.54144, 0.546458
0.568742, 0.568826, 0.544252, 0.549289
0.569324, 0.569477, 0.545236, 0.550301
0.565392, 0.565465, 0.540848, 0.54588
0.565898, 0.565923, 0.541048, 0.546058
0.566815, 0.566864, 0.542059, 0.547077
0.568227, 0.568275, 0.543454, 0.54847
0.565358, 0.56538, 0.540453, 0.545459
0.565395, 0.565403, 0.54043, 0.545433
0.565075, 0.565077, 0.540084, 0.545085
0.565364, 0.565375, 0.540429, 0.545434
0.566139, 0.566179, 0.541376, 0.546392
0.568679, 0.568762, 0.54418, 0.549216
0.570999, 0.571137, 0.546828, 0.551888
0.565655, 0.565727, 0.541106, 0.546138
0.565862, 0.565886, 0.541006, 0.546017
0.566748, 0.566795, 0.541983, 0.547
0.568111, 0.568157, 0.54333, 0.548345
0.565323, 0.565344, 0.540414, 0.545421
0.565381, 0.565388, 0.540414, 0.545417
0.565073, 0.565074, 0.540081, 0.545082
0.565403, 0.565415, 0.540476, 0.545481
0.566164, 0.566204, 0.541406, 0.546423
0.568735, 0.56882, 0.544245, 0.549281
0.571071, 0.571211, 0.546911, 0.551971
0.565386, 0.565457, 0.54083, 0.545862
0.565872, 0.565897, 0.541019, 0.546029
0.566768, 0.566816, 0.542006, 0.547023
0.568146, 0.568193, 0.543367, 0.548383
0.565334, 0.565356, 0.540426, 0.545433
0.565385, 0.565392, 0.540419, 0.545422
0.565073, 0.565075, 0.540082, 0.545083
0.565386, 0.565398, 0.540456, 0.54546
0.566163, 0.566203, 0.541404, 0.546422
0.568673, 0.568756, 0.544173, 0.549209
0.571065, 0.571204, 0.546903, 0.551963
0.565855, 0.565934, 0.541347, 0.546382
0.565834, 0.565859, 0.540982, 0.545992
0.566766, 0.566814, 0.542004, 0.547021
0.568143, 0.56819, 0.543364, 0.54838
0.56489, 0.56491, 0.539978, 0.544984
0.565384, 0.565391, 0.540418, 0.54542
0.565079, 0.56508, 0.540088, 0.545089
0.565402, 0.565415, 0.540475, 0.54548
0.566187, 0.566229, 0.541435, 0.546452
0.568521, 0.568604, 0.544016, 0.549051
0.565409, 0.565455, 0.540692, 0.545712
0.565526, 0.565541, 0.540616, 0.545623
0.566094, 0.566124, 0.541241, 0.546252
0.566906, 0.566934, 0.542038, 0.547048
0.564724, 0.564736, 0.539775, 0.544778
0.565166, 0.56517, 0.540187, 0.545188
0.565, 0.565, 0.54, 0.545
0.565419, 0.565431, 0.540495, 0.5455
0.566213, 0.566255, 0.541466, 0.546484
0.568708, 0.568792, 0.544211, 0.549247
0.565412, 0.565458, 0.540699, 0.545719
0.565536, 0.565551, 0.540627, 0.545634
0.566756, 0.566786, 0.541906, 0.546916
0.566897, 0.566925, 0.542028, 0.547038
0.565005, 0.565015, 0.540047, 0.54505
0.565164, 0.565168, 0.540185, 0.545186
0.565014, 0.565014, 0.540016, 0.545016
0.565505, 0.565521, 0.5406, 0.545607
0.566345, 0.566392, 0.541629, 0.54665
0.569025, 0.569116, 0.544572, 0.549612
0.565444, 0.565493, 0.540752, 0.545774
0.565558, 0.565575, 0.540658, 0.545665
0.566195, 0.566228, 0.541356, 0.546367
0.567128, 0.567159, 0.542276, 0.547287
0.564906, 0.56492, 0.539965, 0.544969
0.565182, 0.565187, 0.540205, 0.545207
0.565, 0.565, 0.54, 0.545
0.565418, 0.565431, 0.540494, 0.5455
0.566212, 0.566254, 0.541465, 0.546483
0.568705, 0.568789, 0.544208, 0.549244
0.565412, 0.565458, 0.540698, 0.545719
0.56551, 0.565526, 0.540603, 0.54561
0.566108, 0.566138, 0.541256, 0.546267
0.566969, 0.566998, 0.542106, 0.547116
0.564907, 0.56492, 0.539961, 0.544965
0.565175, 0.565179, 0.540196, 0.545198
0.565, 0.565, 0.54, 0.545
0.565407, 0.56542, 0.540482, 0.545487
0.566211, 0.566253, 0.541464, 0.546482
0.567522, 0.56761, 0.543044, 0.548082
0.565395, 0.565439, 0.54067, 0.545689
0.565549, 0.565564, 0.540638, 0.545644
0.566091, 0.56612, 0.541237, 0.546248
0.566903, 0.566931, 0.542035, 0.547045
0.564916, 0.564928, 0.539967, 0.54497
0.565166, 0.56517, 0.540187, 0.545188
0.565001, 0.565001, 0.540001, 0.545001
0.565435, 0.565448, 0.540514, 0.54552
0.566237, 0.56628, 0.541496, 0.546514
0.56757, 0.567658, 0.5431, 0.548137
0.565401, 0.565446, 0.54068, 0.5457
0.565535, 0.56555, 0.540626, 0.545633
0.566104, 0.566133, 0.541251, 0.546262
0.566951, 0.56698, 0.542087, 0.547096
0.564916, 0.564928, 0.539967, 0.544971
0.565168, 0.565173, 0.54019, 0.545191
0.565, 0.565, 0.54, 0.545
0.565435, 0.565448, 0.540514, 0.54552
0.566131, 0.56617, 0.541365, 0.546382
0.565267, 0.56529, 0.540414, 0.545424
0.56523, 0.565238, 0.540277, 0.545281
0.565545, 0.565559, 0.540617, 0.545622
0.565989, 0.566003, 0.541058, 0.546063
0.564929, 0.564936, 0.539957, 0.544959
0.565071, 0.565072, 0.540077, 0.545078
0.565, 0.565, 0.54, 0.545
0.565401, 0.565413, 0.540474, 0.545479
0.566076, 0.566113, 0.541298, 0.546314
0.565249, 0.565271, 0.540386, 0.545396
0.565242, 0.56525, 0.540286, 0.545289
0.565522, 0.565536, 0.540591, 0.545596
0.565927, 0.56594, 0.540991, 0.545996
0.56496, 0.564965, 0.539984, 0.544985
0.565081, 0.565083, 0.540091, 0.545092
0.565, 0.565, 0.54, 0.545
0.565435, 0.565448, 0.540514, 0.54552
0.566131, 0.56617, 0.541365, 0.546381
0.565267, 0.56529, 0.540414, 0.545424
0.565242, 0.565249, 0.540288, 0.545291
0.565545, 0.565559, 0.540617, 0.545622
0.565981, 0.565995, 0.541049, 0.546053
0.565021, 0.565027, 0.540047, 0.545049
0.565085, 0.565087, 0.540096, 0.545096
0.565003, 0.565003, 0.540004, 0.545004
0.565469, 0.565484, 0.540556, 0.545562
0.566139, 0.566179, 0.541376, 0.546393
0.565266, 0.56529, 0.540414, 0.545424
0.565259, 0.565267, 0.540305, 0.545308
0.565551, 0.565565, 0.540624, 0.545629
0.565975, 0.56599, 0.541043, 0.546048
0.564973, 0.56498, 0.54, 0.545002
0.565085, 0.565087, 0.540096, 0.545097
0.565001, 0.565001, 0.540001, 0.545001
0.565452, 0.565466, 0.540535, 0.54554
0.566158, 0.566198, 0.541398, 0.546416
0.565766, 0.565791, 0.54092, 0.545931
0.565249, 0.565257, 0.540296, 0.5453
0.565561, 0.565576, 0.540635, 0.545641
0.565995, 0.566009, 0.541063, 0.546068
0.56495, 0.564956, 0.539976, 0.544978
0.565087, 0.565089, 0.540098, 0.545099
0.565001, 0.565001, 0.540001, 0.545001
0.565452, 0.565466, 0.540534, 0.54554
0.566373, 0.566417, 0.541634, 0.546652
0.565254, 0.565277, 0.540398, 0.545408
0.565241, 0.565249, 0.540288, 0.545291
0.565547, 0.565562, 0.54062, 0.545626
0.642476, 0.64285, 0.619049, 0.624226
0.627539, 0.62814, 0.605033, 0.61031
0.645271, 0.646171, 0.624015, 0.629423
0.66675, 0.667993, 0.64695, 0.652502
0.680105, 0.681676, 0.661722, 0.667402
0.693077, 0.694974, 0.676137, 0.681933
0.702933, 0.705109, 0.687258, 0.693139
0.710365, 0.712758, 0.695716, 0.701661
0.714976, 0.717508, 0.701019, 0.707038
0.717499, 0.720079, 0.703824, 0.709895
0.716695, 0.719229, 0.70287, 0.708952
0.71296, 0.715354, 0.698546, 0.704597
0.706202, 0.708383, 0.690847, 0.696825
0.697749, 0.699656, 0.681163, 0.687033
0.686568, 0.68816, 0.668564, 0.674299
0.67285, 0.674106, 0.653332, 0.658916
0.654545, 0.655463, 0.633508, 0.638934
0.631011, 0.631631, 0.60865, 0.613936
0.608416, 0.608784, 0.584949, 0.590116
0.575153, 0.575324, 0.550836, 0.555911
0.56521, 0.565264, 0.540407, 0.545429
0.565359, 0.565378, 0.540441, 0.54545
0.565205, 0.565207, 0.54021, 0.545208
0.571214, 0.571304, 0.546335, 0.551266
0.580165, 0.580408, 0.555488, 0.560313
0.616927, 0.617408, 0.592552, 0.597208
0.635079, 0.63585, 0.611037, 0.615493
0.656983, 0.658101, 0.633283, 0.637496
0.675609, 0.677113, 0.6522, 0.656136
0.690019, 0.691904, 0.666956, 0.670449
0.701249, 0.703498, 0.678528, 0.681478
0.709668, 0.712235, 0.687229, 0.68998
0.715557, 0.718388, 0.693331, 0.696289
0.719272, 0.722284, 0.697163, 0.700482
0.720106, 0.723197, 0.69801, 0.701793
0.718398, 0.721461, 0.696212, 0.700482
0.714069, 0.716991, 0.691775, 0.696428
0.707203, 0.70988, 0.684946, 0.689657
0.695944, 0.698286, 0.673531, 0.678299
0.685602, 0.687552, 0.66288, 0.667701
0.671052, 0.672564, 0.647885, 0.652756
0.651163, 0.65224, 0.627495, 0.632408
0.624176, 0.624848, 0.600008, 0.604957
0.589194, 0.589553, 0.56463, 0.569604
0.570762, 0.570902, 0.545922, 0.550913
0.566564, 0.566599, 0.541602, 0.546599
0.565514, 0.565522, 0.540526, 0.545525
0.565184, 0.565188, 0.540211, 0.545213
0.566343, 0.566379, 0.5416, 0.54662
0.569781, 0.569876, 0.545457, 0.550509
0.57388, 0.574055, 0.550138, 0.555234
0.578799, 0.579082, 0.555826, 0.56098
0.584911, 0.585327, 0.562895, 0.568122
0.591106, 0.591673, 0.570178, 0.575488
0.597414, 0.598153, 0.577714, 0.583116
0.60422, 0.60516, 0.585955, 0.591466
0.610403, 0.611545, 0.593577, 0.599196
0.617492, 0.618882, 0.602427, 0.60818
0.624102, 0.625751, 0.610866, 0.616757
0.630487, 0.63241, 0.61917, 0.625206
0.636959, 0.639182, 0.62774, 0.633933
0.642925, 0.645451, 0.63581, 0.642161
0.648454, 0.651287, 0.643447, 0.649955
0.653824, 0.656976, 0.651001, 0.657672
0.658869, 0.662346, 0.658243, 0.665077
0.663601, 0.667405, 0.665164, 0.672159
0.668019, 0.672152, 0.671757, 0.678912
0.672241, 0.676709, 0.678176, 0.685492
0.676153, 0.680954, 0.684233, 0.691705
0.679705, 0.684826, 0.689823, 0.697441
0.683034, 0.688476, 0.695158, 0.70292
0.686216, 0.692002, 0.700331, 0.708236
0.520841, 0.523653, 0.515834, 0.522262
0.602323, 0.606061, 0.605535, 0.6137
0.688952, 0.695503, 0.707527, 0.715741
0.510853, 0.514353, 0.506409, 0.512817
0.542555, 0.54708, 0.551578, 0.55889
0.570681, 0.572088, 0.55545, 0.561167
0.609191, 0.610394, 0.591235, 0.596752
0.654536, 0.656912, 0.642635, 0.648598
0.652073, 0.654285, 0.638878, 0.644748
0.610742, 0.611896, 0.591524, 0.59695
0.572428, 0.57269, 0.548519, 0.5536
0.568759, 0.568835, 0.544213, 0.549246
0.565137, 0.56514, 0.540156, 0.545158
0.565967, 0.565996, 0.541156, 0.54617
0.568642, 0.568718, 0.544145, 0.549182
0.571545, 0.571685, 0.547475, 0.552544
0.575302, 0.575528, 0.551808, 0.556919
0.579851, 0.580179, 0.557036, 0.562197
0.584531, 0.584976, 0.5625, 0.567719
0.589453, 0.590031, 0.568307, 0.573591
0.594684, 0.595413, 0.57454, 0.579897
0.599984, 0.600877, 0.58093, 0.586368
0.605277, 0.606346, 0.587389, 0.592912
0.610505, 0.611762, 0.593851, 0.599465
0.615767, 0.617227, 0.600437, 0.606148
0.620862, 0.62181, 0.60061, 0.605957
0.625913, 0.626978, 0.6062, 0.611584
0.630729, 0.63191, 0.611532, 0.616953
0.635347, 0.636643, 0.616638, 0.622093
0.639624, 0.641029, 0.621353, 0.626838
0.643792, 0.645304, 0.625926, 0.631437
0.647817, 0.649432, 0.630311, 0.635844
0.651591, 0.653302, 0.634379, 0.639929
0.655055, 0.656854, 0.638066, 0.643627
0.658341, 0.660218, 0.641497, 0.647063
0.661388, 0.663331, 0.644605, 0.65017
0.664263, 0.666263, 0.647457, 0.653012
0.666848, 0.668891, 0.649931, 0.655471
0.457056, 0.458487, 0.436891, 0.442339
0.674164, 0.676259, 0.656864, 0.662361
0.673503, 0.675597, 0.65581, 0.66127
0.675104, 0.677189, 0.656959, 0.662377
0.676659, 0.678721, 0.657982, 0.663351
0.678007, 0.680034, 0.658724, 0.664039
0.679133, 0.68111, 0.659173, 0.664431
0.680043, 0.681958, 0.659349, 0.664544
0.680796, 0.682635, 0.659299, 0.664427
0.681289, 0.68304, 0.658949, 0.664006
0.68156, 0.683216, 0.658369, 0.663373
0.681643, 0.683196, 0.657774, 0.662582
0.681497, 0.68294, 0.657566, 0.661946
0.681112, 0.682437, 0.657541, 0.661851
0.680524, 0.681727, 0.657336, 0.661777
0.679737, 0.680818, 0.6569, 0.661468
0.678715, 0.679672, 0.656211, 0.660905
0.677491, 0.678327, 0.655281, 0.660094
0.676053, 0.67677, 0.6541, 0.659026
0.674407, 0.67501, 0.652676, 0.657707
0.672528, 0.673022, 0.650978, 0.656105
0.670433, 0.670824, 0.649022, 0.654237
0.668106, 0.668401, 0.646793, 0.652084
0.665595, 0.665805, 0.644346, 0.649691
0.662778, 0.66291, 0.641584, 0.64694
0.659648, 0.65971, 0.638468, 0.643822
0.656022, 0.656044, 0.634809, 0.640156
0.65087, 0.650908, 0.629572, 0.634908
0.649027, 0.649091, 0.62763, 0.632954
0.645673, 0.645757, 0.624136, 0.629445
0.641526, 0.641625, 0.619806, 0.625097
0.63716, 0.637267, 0.615232, 0.620503
0.632657, 0.632769, 0.610504, 0.615754
0.627959, 0.628071, 0.605567, 0.610795
0.623173, 0.623282, 0.600535, 0.605741
0.618226, 0.61833, 0.595337, 0.60052
0.613131, 0.613227, 0.589987, 0.595148
0.607257, 0.607343, 0.583853, 0.588991
0.601913, 0.601988, 0.578266, 0.583382
0.596637, 0.596701, 0.572756, 0.577853
0.591536, 0.591589, 0.567442, 0.57252
0.586572, 0.586615, 0.562282, 0.567343
0.581933, 0.581966, 0.55747, 0.562516
0.576479, 0.576503, 0.551859, 0.556892
0.5716, 0.571616, 0.546852, 0.551874
0.56901, 0.569019, 0.54416, 0.549173
0.56546, 0.565465, 0.540532, 0.545538
0.56502, 0.565022, 0.540043, 0.545045
0.565186, 0.565187, 0.540193, 0.545194
0.565031, 0.565031, 0.540033, 0.545033
0.570947, 0.571256, 0.546148, 0.551142
0.581914, 0.582937, 0.557584, 0.562561
0.615301, 0.617463, 0.59172, 0.596643
0.634953, 0.638558, 0.612333, 0.617111
0.656204, 0.661452, 0.634691, 0.639162
0.67241, 0.679343, 0.652057, 0.655996
0.686774, 0.695454, 0.667658, 0.670717
0.697872, 0.70811, 0.679906, 0.681752
0.706153, 0.717666, 0.689183, 0.689528
0.711831, 0.724276, 0.695658, 0.694277
0.715411, 0.728377, 0.699928, 0.696646
0.716406, 0.729448, 0.701882, 0.696997
0.714885, 0.727566, 0.701075, 0.695962
0.710882, 0.722798, 0.697257, 0.692522
0.70437, 0.715159, 0.690369, 0.68636
0.694226, 0.703466, 0.6792, 0.676322
0.682245, 0.689861, 0.665794, 0.664198
0.667655, 0.673595, 0.649501, 0.649291
0.648196, 0.652545, 0.628277, 0.629428
0.622477, 0.62535, 0.600841, 0.603281
0.587264, 0.588904, 0.564163, 0.567695
0.567617, 0.568376, 0.543474, 0.547792
0.566448, 0.566678, 0.541695, 0.546488
0.565878, 0.565922, 0.540937, 0.545898
0.566801, 0.566877, 0.541925, 0.546857
0.573816, 0.574245, 0.549566, 0.554183
0.598363, 0.599387, 0.575169, 0.57926
0.618129, 0.619972, 0.596346, 0.599724
0.637781, 0.6406, 0.617573, 0.620118
0.657978, 0.66193, 0.639408, 0.641018
0.67594, 0.681063, 0.658782, 0.659474
0.688952, 0.695217, 0.67279, 0.672656
0.699026, 0.706282, 0.683275, 0.68251
0.70674, 0.714831, 0.690774, 0.689581
0.711759, 0.720425, 0.694961, 0.693601
0.714756, 0.723713, 0.696652, 0.695591
0.714838, 0.72377, 0.695443, 0.695568
0.712365, 0.720958, 0.69238, 0.693809
0.707336, 0.715294, 0.686887, 0.689306
0.699715, 0.706787, 0.678681, 0.681965
0.689305, 0.69529, 0.667597, 0.671565
0.67603, 0.680836, 0.653625, 0.658068
0.660626, 0.664223, 0.637532, 0.642274
0.64033, 0.642812, 0.616619, 0.621516
0.614739, 0.616256, 0.590507, 0.595473
0.583015, 0.583766, 0.558382, 0.563372
0.572351, 0.572624, 0.547475, 0.552472
0.566639, 0.566714, 0.541676, 0.546675
0.642476, 0.642851, 0.61905, 0.624226
0.62793, 0.628538, 0.60545, 0.61073
0.645759, 0.646667, 0.624537, 0.629949
0.666571, 0.667814, 0.646769, 0.652321
0.680946, 0.682534, 0.662635, 0.668321
0.693559, 0.695471, 0.676682, 0.682483
0.703336, 0.705523, 0.687714, 0.693599
0.710633, 0.713034, 0.696023, 0.701971
0.715039, 0.717573, 0.701092, 0.707112
0.717526, 0.720105, 0.703853, 0.709926
0.716697, 0.71923, 0.702872, 0.708954
0.71285, 0.71524, 0.698418, 0.704467
0.70549, 0.707653, 0.690056, 0.696027
0.697006, 0.698891, 0.680326, 0.686187
0.685446, 0.687008, 0.667304, 0.673025
0.671371, 0.672595, 0.651709, 0.657279
0.652761, 0.653648, 0.631586, 0.636998
0.628752, 0.629339, 0.606245, 0.611515
0.60567, 0.606011, 0.582083, 0.587237
0.580362, 0.580523, 0.556, 0.56107
0.565709, 0.565755, 0.540871, 0.545889
0.566812, 0.566828, 0.541884, 0.546892
0.565292, 0.565295, 0.540298, 0.545295
0.571006, 0.571093, 0.546123, 0.551056
0.58043, 0.580678, 0.555759, 0.560581
0.617568, 0.618056, 0.593201, 0.597852
0.636146, 0.636933, 0.612122, 0.616566
0.657341, 0.658468, 0.633648, 0.637855
0.675987, 0.6775, 0.652585, 0.656513
0.690657, 0.692559, 0.66761, 0.671079
0.701696, 0.70396, 0.67899, 0.681917
0.710168, 0.712754, 0.687746, 0.690505
0.715745, 0.718585, 0.693526, 0.696497
0.719318, 0.722333, 0.697211, 0.700539
0.720095, 0.723186, 0.697997, 0.701791
0.71833, 0.721391, 0.696141, 0.700422
0.713942, 0.71686, 0.691651, 0.696306
0.707015, 0.709685, 0.684756, 0.689469
0.694787, 0.69711, 0.67236, 0.677131
0.684822, 0.686753, 0.662082, 0.666906
0.670555, 0.672057, 0.647378, 0.65225
0.650073, 0.65112, 0.62637, 0.631285
0.623207, 0.623861, 0.599018, 0.603967
0.588413, 0.588752, 0.563824, 0.568799
0.571011, 0.571142, 0.546161, 0.551152
0.566598, 0.566633, 0.541635, 0.546633
0.565348, 0.565353, 0.540356, 0.545355
0.565226, 0.565231, 0.540259, 0.545262
0.566383, 0.566421, 0.541649, 0.54667
0.570038, 0.570135, 0.545729, 0.550781
0.574124, 0.574305, 0.550419, 0.555518
0.579086, 0.579375, 0.556159, 0.561316
0.585072, 0.585492, 0.563084, 0.568313
0.591274, 0.591846, 0.570378, 0.57569
0.597778, 0.598527, 0.578149, 0.583556
0.604566, 0.605517, 0.586378, 0.591895
0.611313, 0.612484, 0.594695, 0.600331
0.617955, 0.619363, 0.603022, 0.608785
0.624595, 0.626264, 0.6115, 0.617402
0.630787, 0.632723, 0.619568, 0.62561
0.636934, 0.639157, 0.627714, 0.633907
0.642774, 0.645293, 0.635607, 0.641954
0.64832, 0.651145, 0.643259, 0.649763
0.653698, 0.656842, 0.650822, 0.657488
0.65875, 0.662219, 0.65807, 0.6649
0.663262, 0.667042, 0.664664, 0.671647
0.667919, 0.672043, 0.671604, 0.678755
0.672144, 0.676605, 0.678028, 0.68534
0.676152, 0.680953, 0.684233, 0.691704
0.679786, 0.684915, 0.689953, 0.697575
0.68311, 0.68856, 0.695281, 0.703046
0.686218, 0.692004, 0.700333, 0.708238
0.524282, 0.52729, 0.518873, 0.525497
0.576102, 0.583624, 0.598374, 0.608886
0.607348, 0.615643, 0.633808, 0.643525
0.691078, 0.697866, 0.710975, 0.719279
0.509589, 0.513267, 0.505915, 0.512427
0.638891, 0.646325, 0.666817, 0.675355
0.596343, 0.597487, 0.579142, 0.584712
0.615575, 0.617132, 0.599376, 0.605021
0.661814, 0.664371, 0.650709, 0.656729
0.651319, 0.653431, 0.637396, 0.64321
0.579584, 0.580504, 0.559026, 0.564352
0.574754, 0.574977, 0.550738, 0.555811
0.566924, 0.566962, 0.542152, 0.547169
0.565271, 0.565278, 0.540315, 0.545319
0.566188, 0.566226, 0.541431, 0.546449
0.569103, 0.56919, 0.544674, 0.549716
0.572166, 0.572321, 0.548191, 0.553266
0.575861, 0.576102, 0.552456, 0.557574
0.580531, 0.580878, 0.557829, 0.562998
0.585157, 0.585623, 0.56324, 0.568467
0.590155, 0.590758, 0.569144, 0.574437
0.595294, 0.596048, 0.575277, 0.580643
0.60049, 0.601408, 0.581551, 0.586996
0.605818, 0.606917, 0.588058, 0.59359
0.611057, 0.612348, 0.594543, 0.600166
0.616176, 0.617667, 0.600959, 0.606676
0.621139, 0.62284, 0.607271, 0.613086
0.626055, 0.627979, 0.613601, 0.61952
0.630615, 0.632762, 0.619565, 0.625585
0.635118, 0.637497, 0.625521, 0.631646
0.639387, 0.642002, 0.63124, 0.637469
0.479686, 0.481961, 0.46598, 0.471821
0.329767, 0.331257, 0.314933, 0.320832
0.60815, 0.608881, 0.588069, 0.593427
0.59039, 0.590947, 0.568534, 0.573762
0.612433, 0.613426, 0.592663, 0.598044
0.610279, 0.611149, 0.589683, 0.595004
0.588412, 0.588802, 0.565229, 0.570361
0.570922, 0.571026, 0.546409, 0.551445
0.565972, 0.565992, 0.54109, 0.546098
0.565364, 0.565374, 0.540427, 0.545432
0.56625, 0.566291, 0.54151, 0.546529
0.569144, 0.569234, 0.544721, 0.549763
0.571953, 0.572108, 0.547946, 0.553018
0.575504, 0.575744, 0.552043, 0.557156
0.579736, 0.580074, 0.556908, 0.562066
0.584052, 0.584502, 0.561945, 0.567155
0.588705, 0.589283, 0.567425, 0.572696
0.593499, 0.59422, 0.573127, 0.578464
0.598219, 0.599089, 0.578799, 0.584206
0.603223, 0.604261, 0.584871, 0.590355
0.608148, 0.608756, 0.585862, 0.591052
0.612972, 0.613668, 0.59105, 0.596265
0.617662, 0.618447, 0.596097, 0.601336
0.622194, 0.623068, 0.600975, 0.606237
0.626551, 0.627513, 0.605658, 0.610941
0.630818, 0.631868, 0.610233, 0.615535
0.634829, 0.635963, 0.614518, 0.619837
0.638691, 0.639907, 0.618615, 0.623947
0.642429, 0.643721, 0.622547, 0.627888
0.645851, 0.647213, 0.626108, 0.631456
0.64914, 0.650565, 0.629484, 0.634832
0.652203, 0.653683, 0.632572, 0.637917
0.655109, 0.656637, 0.63544, 0.640776
0.657725, 0.659289, 0.637951, 0.643273
0.660574, 0.662166, 0.640628, 0.645929
0.662736, 0.664342, 0.642558, 0.647836
0.664768, 0.66638, 0.644284, 0.649532
0.666546, 0.668153, 0.645699, 0.650914
0.668149, 0.669739, 0.646871, 0.652046
0.669512, 0.671075, 0.647758, 0.652891
0.670697, 0.672223, 0.648407, 0.653494
0.671677, 0.673154, 0.648806, 0.653844
0.672486, 0.673906, 0.648999, 0.653999
0.673058, 0.674413, 0.649052, 0.653922
0.673431, 0.67471, 0.649319, 0.653812
0.673616, 0.674815, 0.649757, 0.654113
0.673555, 0.674667, 0.650012, 0.654467
0.673308, 0.674329, 0.650063, 0.654617
0.672858, 0.673786, 0.649899, 0.654553
0.672207, 0.67304, 0.649516, 0.654268
0.671339, 0.672076, 0.648895, 0.653744
0.670281, 0.670923, 0.648061, 0.653001
0.66902, 0.669569, 0.646995, 0.652024
0.667511, 0.667968, 0.645656, 0.650769
0.665852, 0.666224, 0.644127, 0.649313
0.663998, 0.66429, 0.64237, 0.647623
0.661834, 0.662048, 0.64028, 0.645589
0.659467, 0.659611, 0.637972, 0.643302
0.656893, 0.656976, 0.635437, 0.640767
0.65388, 0.65391, 0.632422, 0.637748
0.650049, 0.650068, 0.628549, 0.633868
0.646726, 0.646771, 0.625153, 0.630463
0.643091, 0.643158, 0.621412, 0.62671
0.641159, 0.641242, 0.619359, 0.624645
0.637571, 0.637666, 0.615612, 0.620882
0.633684, 0.633787, 0.611546, 0.616798
0.629493, 0.629599, 0.607152, 0.612386
0.62527, 0.625377, 0.602723, 0.607938
0.620803, 0.620907, 0.598034, 0.603228
0.616159, 0.616257, 0.593159, 0.598333
0.611371, 0.611462, 0.588138, 0.593291
0.606045, 0.606128, 0.582585, 0.587719
0.601163, 0.601237, 0.577484, 0.582598
0.596312, 0.596375, 0.57242, 0.577515
0.591611, 0.591664, 0.567523, 0.572602
0.587013, 0.587057, 0.562743, 0.567806
0.582584, 0.582618, 0.558147, 0.563196
0.578323, 0.578349, 0.553738, 0.558773
0.57391, 0.573928, 0.549198, 0.554223
0.569905, 0.569917, 0.545089, 0.550104
0.566079, 0.566085, 0.541181, 0.54619
0.5645, 0.564503, 0.539543, 0.544547
0.56514, 0.56514, 0.540149, 0.54515
0.565086, 0.565086, 0.540091, 0.545091
0.566752, 0.566833, 0.541804, 0.546802
0.575584, 0.576178, 0.550972, 0.55596
0.602555, 0.604088, 0.578558, 0.583518
0.623148, 0.625924, 0.599975, 0.604848
0.644415, 0.648742, 0.62228, 0.626944
0.664586, 0.670638, 0.643623, 0.647873
0.679443, 0.687202, 0.65967, 0.663242
0.692306, 0.701739, 0.673739, 0.676275
0.702065, 0.712935, 0.684584, 0.685763
0.709214, 0.72122, 0.692654, 0.692191
0.713624, 0.726369, 0.697749, 0.695513
0.716158, 0.729216, 0.701106, 0.696961
0.71595, 0.728863, 0.701851, 0.696684
0.713194, 0.725541, 0.699544, 0.694576
0.707806, 0.719172, 0.694053, 0.689658
0.699925, 0.71001, 0.685512, 0.682003
0.688239, 0.696818, 0.67266, 0.670296
0.676653, 0.683646, 0.659591, 0.658503
0.661211, 0.666526, 0.642379, 0.642699
0.641244, 0.645005, 0.62065, 0.622312
0.61443, 0.616787, 0.592184, 0.59508
0.587678, 0.588919, 0.564105, 0.567993
0.577027, 0.577508, 0.55256, 0.557127
0.567071, 0.567194, 0.542213, 0.547102
0.56533, 0.565344, 0.54035, 0.545337
0.570178, 0.570418, 0.545589, 0.550374
0.578711, 0.579418, 0.55496, 0.559332
0.610352, 0.6118, 0.587895, 0.591616
0.628167, 0.630493, 0.60718, 0.610144
0.649126, 0.652522, 0.62978, 0.631844
0.668134, 0.672693, 0.650337, 0.651463
0.682578, 0.688268, 0.66597, 0.666242
0.694373, 0.701155, 0.678492, 0.678017
0.703238, 0.710941, 0.687461, 0.686451
0.709534, 0.717946, 0.693221, 0.691914
0.713186, 0.722025, 0.69581, 0.694471
0.715098, 0.72408, 0.696317, 0.695733
0.713918, 0.72272, 0.694107, 0.695023
0.710064, 0.718361, 0.689855, 0.691811
0.703527, 0.711028, 0.68277, 0.685681
0.694632, 0.701157, 0.673254, 0.67692
0.681368, 0.686723, 0.659284, 0.663531
0.668277, 0.672463, 0.645516, 0.650131
0.651352, 0.654369, 0.627936, 0.632769
0.624387, 0.626335, 0.600385, 0.605326
0.595098, 0.596198, 0.570646, 0.575628
0.575138, 0.575628, 0.550372, 0.555366
0.566275, 0.566398, 0.541327, 0.546325
0.565988, 0.566033, 0.541014, 0.546013
0.628764, 0.629104, 0.605188, 0.610348
0.623217, 0.623787, 0.60058, 0.605842
0.643828, 0.644698, 0.622445, 0.62784
0.665055, 0.666265, 0.645113, 0.650651
0.679227, 0.680775, 0.660741, 0.666412
0.692268, 0.694144, 0.675231, 0.681019
0.702568, 0.704732, 0.68684, 0.692718
0.709929, 0.712309, 0.695219, 0.70116
0.714771, 0.717297, 0.700781, 0.706795
0.717447, 0.720026, 0.703767, 0.709835
0.716692, 0.719225, 0.702866, 0.708949
0.713069, 0.715467, 0.698673, 0.704724
0.705974, 0.70815, 0.690594, 0.69657
0.697307, 0.6992, 0.680659, 0.686523
0.685991, 0.687568, 0.667918, 0.673646
0.671797, 0.673029, 0.652172, 0.657745
0.653189, 0.654083, 0.632048, 0.637464
0.628919, 0.629506, 0.606412, 0.611682
0.605726, 0.606067, 0.582139, 0.587293
0.567978, 0.568133, 0.543592, 0.548659
0.565727, 0.56577, 0.540881, 0.545898
0.566012, 0.566027, 0.541081, 0.546089
0.565499, 0.565506, 0.540508, 0.545503
0.571854, 0.571954, 0.546988, 0.551912
0.593486, 0.593758, 0.568847, 0.57365
0.61743, 0.617943, 0.593093, 0.597727
0.638556, 0.639377, 0.614568, 0.618989
0.660556, 0.661747, 0.636917, 0.64108
0.67889, 0.680475, 0.655541, 0.659405
0.693008, 0.694981, 0.670029, 0.673397
0.703665, 0.706001, 0.681024, 0.683863
0.711682, 0.714333, 0.689314, 0.692106
0.716813, 0.719709, 0.694633, 0.69769
0.71981, 0.722857, 0.697716, 0.701172
0.719802, 0.722895, 0.697686, 0.701635
0.71716, 0.720185, 0.694917, 0.69936
0.711756, 0.714595, 0.689498, 0.694174
0.703546, 0.706095, 0.681248, 0.685984
0.691291, 0.693465, 0.668758, 0.673551
0.679182, 0.680932, 0.656267, 0.661112
0.662734, 0.664039, 0.639335, 0.644227
0.636952, 0.637818, 0.613026, 0.617958
0.613229, 0.613742, 0.588861, 0.593822
0.579402, 0.579637, 0.554681, 0.559665
0.565703, 0.565768, 0.540772, 0.545768
0.566766, 0.566789, 0.541796, 0.546794
0.565348, 0.565353, 0.540356, 0.545355
0.565733, 0.565751, 0.540861, 0.545871
0.567291, 0.567357, 0.542762, 0.547798
0.572026, 0.572163, 0.548006, 0.55308
0.576714, 0.576951, 0.55341, 0.558538
0.582212, 0.582572, 0.559798, 0.564994
0.588802, 0.589309, 0.567445, 0.572721
0.59519, 0.595867, 0.575043, 0.580412
0.601768, 0.602633, 0.582972, 0.588442
0.608365, 0.609438, 0.591048, 0.59663
0.615269, 0.616578, 0.599632, 0.605342
0.621788, 0.623345, 0.607902, 0.613744
0.628275, 0.6301, 0.616277, 0.622261
0.634515, 0.636622, 0.624488, 0.63062
0.640629, 0.643035, 0.632685, 0.638973
0.646421, 0.649138, 0.640621, 0.64707
0.652035, 0.655078, 0.648463, 0.655078
0.657308, 0.660682, 0.655985, 0.662767
0.662135, 0.665834, 0.663002, 0.669946
0.666764, 0.6708, 0.669868, 0.676976
0.671068, 0.675441, 0.676382, 0.683652
0.675157, 0.679871, 0.682681, 0.690112
0.678848, 0.683892, 0.688476, 0.696059
0.682342, 0.687716, 0.694044, 0.701775
0.685452, 0.691153, 0.699081, 0.70695
0.688408, 0.694433, 0.703942, 0.711946
0.663745, 0.668676, 0.673915, 0.681862
0.693774, 0.700386, 0.712712, 0.720952
0.51153, 0.515046, 0.50718, 0.513593
0.53414, 0.539603, 0.542687, 0.551799
0.625762, 0.628438, 0.616362, 0.625554
0.598634, 0.5995, 0.576354, 0.581712
0.660513, 0.662949, 0.648919, 0.654904
0.649091, 0.651268, 0.635663, 0.641514
0.606402, 0.607537, 0.587074, 0.592492
0.5728, 0.57305, 0.548844, 0.553921
0.568159, 0.568222, 0.543538, 0.548566
0.56515, 0.565154, 0.540172, 0.545174
0.565979, 0.566009, 0.541173, 0.546188
0.568701, 0.568779, 0.544213, 0.549251
0.571706, 0.571849, 0.54766, 0.55273
0.575495, 0.575726, 0.552031, 0.557144
0.580049, 0.580382, 0.557267, 0.56243
0.584871, 0.585325, 0.562898, 0.568121
0.589935, 0.590527, 0.568878, 0.574168
0.59516, 0.595903, 0.575111, 0.580476
0.6006, 0.601513, 0.581677, 0.587124
0.606015, 0.607111, 0.588295, 0.59383
0.611354, 0.612644, 0.594907, 0.600536
0.616569, 0.618062, 0.601451, 0.607177
0.621765, 0.623478, 0.608066, 0.613895
0.626755, 0.628695, 0.614511, 0.620447
0.631522, 0.633695, 0.62076, 0.626804
0.636089, 0.6385, 0.626824, 0.632976
0.640537, 0.643195, 0.632807, 0.63907
0.644733, 0.64764, 0.638533, 0.644906
0.498999, 0.501635, 0.487203, 0.493817
0.644174, 0.648519, 0.637083, 0.646048
0.663277, 0.667087, 0.657161, 0.664972
0.61457, 0.6155, 0.594626, 0.599995
0.618181, 0.619296, 0.598976, 0.604399
0.6053, 0.606052, 0.584024, 0.589296
0.565868, 0.566081, 0.541772, 0.546838
0.568721, 0.568806, 0.54419, 0.549225
0.565026, 0.565027, 0.540029, 0.545029
0.565632, 0.565651, 0.540752, 0.545761
0.566713, 0.566771, 0.542083, 0.54711
0.570305, 0.570421, 0.546051, 0.551106
0.57347, 0.57366, 0.549693, 0.554783
0.577169, 0.577449, 0.553974, 0.559105
0.581887, 0.582278, 0.559408, 0.564592
0.586446, 0.58696, 0.564759, 0.570001
0.591217, 0.591867, 0.570407, 0.575713
0.596227, 0.59703, 0.576397, 0.581774
0.601118, 0.602081, 0.582312, 0.587763
0.606126, 0.606704, 0.583748, 0.588932
0.611037, 0.611704, 0.589036, 0.594247
0.615826, 0.616583, 0.594199, 0.599436
0.620465, 0.621314, 0.599204, 0.604465
0.625056, 0.625997, 0.604154, 0.609438
0.62944, 0.630473, 0.608872, 0.614178
0.633709, 0.634832, 0.61345, 0.618776
0.637624, 0.638832, 0.617629, 0.62297
0.641476, 0.642765, 0.621707, 0.62706
0.645094, 0.646458, 0.625499, 0.63086
0.648484, 0.649916, 0.629006, 0.634371
0.651647, 0.653139, 0.632226, 0.63759
0.654654, 0.656199, 0.635227, 0.640583
0.657427, 0.659015, 0.637923, 0.643267
0.659914, 0.661533, 0.640266, 0.645593
0.652225, 0.653854, 0.632315, 0.638067
0.665927, 0.667579, 0.645799, 0.651077
0.666642, 0.66829, 0.646157, 0.651401
0.668311, 0.669946, 0.6474, 0.652605
0.669778, 0.671388, 0.64839, 0.653553
0.671059, 0.672634, 0.649129, 0.654244
0.672103, 0.673631, 0.649594, 0.65466
0.672954, 0.674426, 0.649812, 0.65483
0.673627, 0.675032, 0.649857, 0.654813
0.674047, 0.675379, 0.649912, 0.6546
0.674288, 0.675537, 0.650312, 0.654648
0.674293, 0.675456, 0.650632, 0.655038
0.674069, 0.675138, 0.650724, 0.655233
0.673649, 0.674621, 0.650607, 0.65522
0.673033, 0.673909, 0.650271, 0.654985
0.672194, 0.67297, 0.649696, 0.654512
0.671128, 0.671804, 0.64887, 0.653783
0.669858, 0.670436, 0.647809, 0.652816
0.668403, 0.668888, 0.646531, 0.651622
0.666732, 0.667128, 0.645003, 0.650172
0.664851, 0.665163, 0.643231, 0.648471
0.6627, 0.662931, 0.641157, 0.646459
0.660404, 0.660565, 0.63892, 0.644252
0.657806, 0.657902, 0.636369, 0.641701
0.654933, 0.654973, 0.633502, 0.638832
0.651391, 0.651408, 0.629926, 0.635249
0.646792, 0.646832, 0.625251, 0.630565
0.644793, 0.644857, 0.623162, 0.628465
0.64217, 0.642251, 0.620415, 0.625704
0.638506, 0.6386, 0.616594, 0.621868
0.634523, 0.634625, 0.612427, 0.617684
0.630313, 0.630419, 0.608015, 0.613252
0.625984, 0.626091, 0.603473, 0.608691
0.621488, 0.621592, 0.598753, 0.603951
0.616823, 0.616923, 0.593857, 0.599034
0.61201, 0.612102, 0.588808, 0.593964
0.606652, 0.606735, 0.58322, 0.588356
0.601738, 0.601812, 0.578084, 0.5832
0.59685, 0.596914, 0.572981, 0.578078
0.592109, 0.592163, 0.568041, 0.573121
0.587359, 0.587403, 0.563101, 0.568165
0.582874, 0.582908, 0.558447, 0.563497
0.578471, 0.578496, 0.553889, 0.558925
0.574004, 0.574022, 0.549295, 0.55432
0.569888, 0.5699, 0.545071, 0.550086
0.566055, 0.566061, 0.541154, 0.546163
0.564809, 0.564812, 0.539849, 0.544853
0.565123, 0.565123, 0.540132, 0.545133
0.565079, 0.565079, 0.540083, 0.545084
0.566655, 0.566734, 0.541706, 0.546704
0.576493, 0.577144, 0.551918, 0.556905
0.604434, 0.606055, 0.580495, 0.58545
0.624778, 0.627663, 0.601677, 0.60654
0.64645, 0.650939, 0.624424, 0.629058
0.666182, 0.672404, 0.645336, 0.649532
0.681886, 0.68993, 0.662315, 0.665741
0.694076, 0.703762, 0.675696, 0.678031
0.70379, 0.714924, 0.686516, 0.687376
0.710304, 0.722495, 0.693904, 0.693084
0.714328, 0.72719, 0.698626, 0.695903
0.716322, 0.729387, 0.701522, 0.696989
0.715441, 0.72824, 0.701516, 0.696367
0.71201, 0.724133, 0.698391, 0.693539
0.706214, 0.717314, 0.692358, 0.688138
0.697147, 0.706802, 0.682436, 0.679244
0.674494, 0.682511, 0.658381, 0.656467
0.669819, 0.676253, 0.652181, 0.651558
0.653033, 0.657798, 0.633586, 0.634377
0.627279, 0.63049, 0.606039, 0.608182
0.596975, 0.598898, 0.574211, 0.577491
0.567223, 0.568163, 0.543292, 0.547449
0.565817, 0.56613, 0.541155, 0.545874
0.566158, 0.566232, 0.541251, 0.546185
0.565724, 0.565753, 0.54077, 0.545744
0.57225, 0.572596, 0.54785, 0.552542
0.591886, 0.592777, 0.568457, 0.572667
0.614233, 0.615894, 0.592142, 0.595678
0.634427, 0.637062, 0.613932, 0.616633
0.654596, 0.658325, 0.635722, 0.637513
0.672464, 0.677358, 0.655056, 0.655923
0.68713, 0.693218, 0.670845, 0.670833
0.698011, 0.705158, 0.682243, 0.681542
0.706007, 0.714015, 0.690098, 0.688941
0.711319, 0.719944, 0.694619, 0.693264
0.714656, 0.723604, 0.69665, 0.695536
0.714888, 0.723828, 0.695545, 0.695582
0.712452, 0.721057, 0.692476, 0.693882
0.70748, 0.715454, 0.687042, 0.68944
0.699918, 0.707013, 0.678898, 0.682164
0.689581, 0.695593, 0.667889, 0.671845
0.667092, 0.671859, 0.644662, 0.649102
0.658707, 0.662321, 0.635622, 0.640359
0.639404, 0.64186, 0.615679, 0.620578
0.613865, 0.61534, 0.589611, 0.594579
0.588637, 0.589361, 0.563991, 0.568981
0.578044, 0.578297, 0.553159, 0.558156
0.56675, 0.566821, 0.541785, 0.546784
0.653903, 0.654982, 0.634052, 0.639905
0.670249, 0.672206, 0.654502, 0.661009
0.701477, 0.704561, 0.69103, 0.698344
0.72584, 0.730194, 0.721346, 0.729502
0.7444, 0.750068, 0.746024, 0.754962
0.760631, 0.76755, 0.767998, 0.777586
0.775242, 0.783249, 0.787429, 0.797492
0.786859, 0.795669, 0.802279, 0.812607
0.79165, 0.800838, 0.80803, 0.81838
0.791704, 0.800841, 0.806816, 0.816993
0.784737, 0.793386, 0.796472, 0.806475
0.773666, 0.781664, 0.780482, 0.790204
0.75999, 0.766506, 0.761507, 0.770719
0.742157, 0.747595, 0.737832, 0.746289
0.726416, 0.730672, 0.716694, 0.72435
0.704055, 0.70703, 0.689197, 0.696012
0.670604, 0.672418, 0.651505, 0.657581
0.616544, 0.617442, 0.594315, 0.599826
0.587967, 0.58831, 0.56395, 0.569132
0.569534, 0.569614, 0.544755, 0.549797
0.565694, 0.565707, 0.540743, 0.545752
0.570822, 0.570852, 0.54593, 0.55085
0.584016, 0.584134, 0.559404, 0.564125
0.652668, 0.652983, 0.628622, 0.632915
0.673141, 0.673775, 0.649816, 0.653526
0.707276, 0.708472, 0.684973, 0.687761
0.736261, 0.738357, 0.715256, 0.716834
0.766114, 0.769575, 0.746736, 0.747033
0.795321, 0.800633, 0.777827, 0.776948
0.805, 0.812389, 0.789266, 0.787931
0.805, 0.814386, 0.790688, 0.789604
0.804599, 0.815779, 0.791374, 0.79067
0.805, 0.817448, 0.792329, 0.792257
0.805, 0.817926, 0.792207, 0.792979
0.785207, 0.797393, 0.771254, 0.773036
0.754915, 0.765445, 0.739135, 0.74185
0.735562, 0.744126, 0.71786, 0.721293
0.716034, 0.722389, 0.696321, 0.700307
0.683077, 0.687235, 0.661446, 0.665846
0.631397, 0.633651, 0.608157, 0.612856
0.571415, 0.572399, 0.547141, 0.552019
0.566463, 0.566735, 0.54164, 0.546611
0.566619, 0.566723, 0.541707, 0.546693
0.56551, 0.565535, 0.540533, 0.545529
0.566241, 0.566245, 0.541486, 0.546508
0.568631, 0.568647, 0.544446, 0.549524
0.577487, 0.577519, 0.55419, 0.559356
0.585156, 0.585211, 0.563043, 0.568327
0.594243, 0.594326, 0.573643, 0.57908
0.605052, 0.605167, 0.586261, 0.59188
0.615212, 0.615366, 0.598608, 0.60445
0.625443, 0.625636, 0.611299, 0.617394
0.635109, 0.635342, 0.623664, 0.63004
0.644729, 0.645002, 0.636278, 0.642972
0.653941, 0.654251, 0.64868, 0.65572
0.662402, 0.662742, 0.660478, 0.667891
0.670926, 0.671288, 0.672644, 0.680473
0.678575, 0.678947, 0.683924, 0.692181
0.686046, 0.686632, 0.695439, 0.703944
0.693172, 0.693808, 0.706612, 0.715641
0.699818, 0.700498, 0.717315, 0.726907
0.706027, 0.706746, 0.727573, 0.737764
0.711831, 0.712581, 0.73737, 0.748193
0.717385, 0.718157, 0.746948, 0.75845
0.722813, 0.723599, 0.756379, 0.768604
0.727592, 0.72838, 0.764928, 0.777879
0.732024, 0.732804, 0.772957, 0.786645
0.736255, 0.737016, 0.780657, 0.795101
0.343204, 0.343776, 0.358093, 0.36976
0.734061, 0.734637, 0.771969, 0.785127
0.747223, 0.747939, 0.799445, 0.815622
0.34187, 0.342515, 0.354402, 0.365646
0.388189, 0.388624, 0.410913, 0.423948
0.4405, 0.440589, 0.445101, 0.454919
0.651094, 0.651667, 0.654545, 0.664165
0.595562, 0.595877, 0.57358, 0.577823
0.681855, 0.681986, 0.681337, 0.687837
0.694267, 0.694436, 0.692817, 0.699012
0.663728, 0.663842, 0.65191, 0.657298
0.563752, 0.563783, 0.54181, 0.54668
0.573191, 0.573203, 0.549527, 0.554625
0.565038, 0.565038, 0.540041, 0.545041
0.566047, 0.566048, 0.541261, 0.54629
0.567874, 0.56788, 0.543532, 0.548627
0.574817, 0.574828, 0.551149, 0.556344
0.580564, 0.580581, 0.557755, 0.563076
0.587219, 0.587245, 0.56546, 0.570938
0.595586, 0.595621, 0.575137, 0.580807
0.603088, 0.603133, 0.584089, 0.589973
0.610874, 0.610929, 0.59353, 0.599656
0.618615, 0.618679, 0.603082, 0.609472
0.626708, 0.62678, 0.613183, 0.619861
0.634614, 0.634692, 0.623219, 0.6302
0.642041, 0.642122, 0.632929, 0.640229
0.648792, 0.648872, 0.641992, 0.64961
0.655705, 0.655778, 0.651338, 0.65928
0.662193, 0.662252, 0.660343, 0.668609
0.668267, 0.668305, 0.668949, 0.677524
0.673975, 0.673991, 0.677172, 0.686032
0.562018, 0.562693, 0.553172, 0.560877
0.674481, 0.674892, 0.681614, 0.690594
0.608255, 0.608262, 0.588092, 0.593789
0.603453, 0.603472, 0.585481, 0.590864
0.660929, 0.660951, 0.646171, 0.651586
0.638498, 0.638508, 0.620764, 0.625904
0.597427, 0.597429, 0.574835, 0.579754
0.574609, 0.574609, 0.55042, 0.555445
0.566226, 0.566226, 0.541397, 0.546413
0.56575, 0.56575, 0.540897, 0.545916
0.567296, 0.567297, 0.542809, 0.547877
0.573141, 0.573141, 0.549224, 0.55437
0.578428, 0.578429, 0.55527, 0.56052
0.584813, 0.584814, 0.562621, 0.568004
0.592208, 0.59221, 0.571133, 0.576669
0.599092, 0.599095, 0.579285, 0.584993
0.605987, 0.605992, 0.587625, 0.593526
0.611749, 0.611758, 0.594953, 0.60106
0.614451, 0.614697, 0.592967, 0.597461
0.632234, 0.632536, 0.611395, 0.615749
0.6358, 0.636152, 0.615506, 0.619756
0.642974, 0.64338, 0.623215, 0.627388
0.648896, 0.649361, 0.629632, 0.633738
0.655596, 0.656121, 0.636765, 0.640818
0.661556, 0.662144, 0.643074, 0.647096
0.666982, 0.667633, 0.648737, 0.652752
0.672227, 0.672943, 0.654104, 0.65814
0.677112, 0.677892, 0.658968, 0.66306
0.681788, 0.682632, 0.663465, 0.66765
0.686118, 0.687025, 0.667442, 0.671764
0.690221, 0.691189, 0.670999, 0.67552
0.693907, 0.69493, 0.673963, 0.679164
0.697369, 0.698445, 0.676493, 0.682964
0.487808, 0.488381, 0.464244, 0.471737
0.702182, 0.703338, 0.679332, 0.688603
0.705822, 0.70701, 0.681817, 0.692358
0.708187, 0.7094, 0.684405, 0.695131
0.710289, 0.71152, 0.687485, 0.698179
0.712085, 0.713325, 0.69033, 0.701589
0.713596, 0.714835, 0.692936, 0.704751
0.714845, 0.716074, 0.695337, 0.7077
0.715782, 0.716991, 0.697414, 0.710279
0.716463, 0.717642, 0.699254, 0.712589
0.71683, 0.717971, 0.700793, 0.714503
0.716899, 0.717993, 0.702102, 0.716008
0.716671, 0.717709, 0.703098, 0.717078
0.716158, 0.717137, 0.703698, 0.717677
0.715338, 0.716251, 0.703914, 0.717816
0.714219, 0.715061, 0.703706, 0.717458
0.712799, 0.713568, 0.70306, 0.716589
0.711076, 0.711772, 0.701963, 0.715203
0.709094, 0.709716, 0.700439, 0.713338
0.707035, 0.707585, 0.698687, 0.711197
0.704428, 0.704907, 0.696225, 0.708295
0.70146, 0.701871, 0.693236, 0.704832
0.698141, 0.698493, 0.689622, 0.700763
0.693927, 0.694222, 0.68502, 0.69566
0.686676, 0.686916, 0.677223, 0.687326
0.686046, 0.686239, 0.676111, 0.685753
0.682191, 0.682342, 0.671569, 0.680729
0.677601, 0.677716, 0.666202, 0.674903
0.672591, 0.672675, 0.660331, 0.668595
0.667268, 0.667326, 0.654078, 0.661931
0.661724, 0.661762, 0.647573, 0.65505
0.655813, 0.655835, 0.640663, 0.647791
0.649628, 0.649637, 0.633468, 0.64028
0.643259, 0.643262, 0.626106, 0.632637
0.636473, 0.636479, 0.618311, 0.624581
0.629667, 0.62968, 0.610572, 0.616621
0.622517, 0.622532, 0.602503, 0.60835
0.615656, 0.615673, 0.594811, 0.60049
0.608384, 0.6084, 0.586745, 0.592274
0.601199, 0.601213, 0.578849, 0.58425
0.594004, 0.594016, 0.571015, 0.576308
0.585925, 0.585934, 0.562373, 0.567575
0.580039, 0.580045, 0.556023, 0.561153
0.572898, 0.572903, 0.548501, 0.553576
0.566207, 0.566209, 0.541531, 0.546567
0.564855, 0.564856, 0.539981, 0.544991
0.565203, 0.565203, 0.540232, 0.545234
0.565052, 0.565052, 0.540059, 0.545061
0.567678, 0.567772, 0.542874, 0.547696
0.576109, 0.576533, 0.552005, 0.556194
0.64599, 0.647018, 0.623155, 0.626193
0.645192, 0.646938, 0.623876, 0.625527
0.679743, 0.682435, 0.660386, 0.660234
0.701721, 0.705424, 0.684425, 0.682348
0.723386, 0.728175, 0.708249, 0.704124
0.740165, 0.745958, 0.726965, 0.721069
0.753841, 0.760541, 0.742328, 0.735117
0.762672, 0.770071, 0.752392, 0.744375
0.767334, 0.775181, 0.757763, 0.749491
0.767872, 0.775856, 0.758399, 0.750445
0.763362, 0.771139, 0.753341, 0.746215
0.754615, 0.761864, 0.74347, 0.737564
0.741592, 0.748038, 0.72884, 0.724447
0.709058, 0.714422, 0.694226, 0.691612
0.704005, 0.70835, 0.687217, 0.686196
0.684866, 0.688086, 0.665953, 0.666562
0.653487, 0.655656, 0.6326, 0.634665
0.613611, 0.614882, 0.591037, 0.594317
0.580037, 0.580646, 0.556213, 0.560381
0.565989, 0.566183, 0.541372, 0.546101
0.565454, 0.565502, 0.540542, 0.54548
0.565506, 0.565533, 0.540559, 0.545519
0.571354, 0.571627, 0.546859, 0.551475
0.592703, 0.593409, 0.568987, 0.573003
0.639856, 0.641259, 0.617423, 0.62043
0.690658, 0.692999, 0.66999, 0.671553
0.713276, 0.716536, 0.694368, 0.694392
0.744978, 0.749223, 0.728046, 0.726203
0.771245, 0.776393, 0.756241, 0.752355
0.795604, 0.801453, 0.782259, 0.776346
0.805, 0.811178, 0.792667, 0.785327
0.805, 0.81114, 0.792997, 0.78572
0.805, 0.810837, 0.792799, 0.786911
0.805, 0.810315, 0.792097, 0.788018
0.790717, 0.795255, 0.776417, 0.77446
0.774408, 0.778125, 0.75845, 0.758385
0.753678, 0.75657, 0.735897, 0.737461
0.720837, 0.722937, 0.701161, 0.704065
0.702557, 0.704014, 0.681291, 0.685088
0.668409, 0.669309, 0.645703, 0.650149
0.609401, 0.609871, 0.585568, 0.590418
0.578914, 0.57911, 0.554379, 0.559394
0.565947, 0.565998, 0.541052, 0.546098
0.565195, 0.565214, 0.540248, 0.545225
0.648476, 0.64894, 0.625422, 0.63064
0.635788, 0.636514, 0.613801, 0.619133
0.65839, 0.659468, 0.637887, 0.643372
0.675165, 0.67661, 0.656233, 0.661865
0.688986, 0.690774, 0.671558, 0.677317
0.700832, 0.702943, 0.68486, 0.690723
0.709283, 0.711643, 0.694472, 0.700405
0.714736, 0.71726, 0.700737, 0.706749
0.717484, 0.720063, 0.703807, 0.709877
0.716535, 0.719062, 0.702683, 0.708765
0.712257, 0.714626, 0.697734, 0.703777
0.703322, 0.705441, 0.68769, 0.693644
0.694499, 0.696314, 0.6775, 0.683331
0.681195, 0.682641, 0.662533, 0.668204
0.664888, 0.665978, 0.644624, 0.650131
0.644566, 0.645312, 0.622765, 0.628111
0.617585, 0.618036, 0.594481, 0.599687
0.582081, 0.582303, 0.557981, 0.563079
0.572037, 0.572112, 0.547316, 0.552346
0.566954, 0.566973, 0.542033, 0.547041
0.565377, 0.565382, 0.540402, 0.545405
0.570596, 0.570676, 0.545705, 0.550642
0.580429, 0.580676, 0.555758, 0.560579
0.61901, 0.619513, 0.594661, 0.599302
0.638357, 0.639177, 0.614368, 0.618789
0.661095, 0.662295, 0.637463, 0.64162
0.6807, 0.682316, 0.657376, 0.661211
0.694367, 0.696384, 0.67143, 0.674734
0.705399, 0.707795, 0.682812, 0.685596
0.713067, 0.715779, 0.690748, 0.693583
0.717679, 0.720625, 0.695532, 0.698684
0.720088, 0.723161, 0.697999, 0.701599
0.719028, 0.722098, 0.696867, 0.700986
0.715367, 0.718334, 0.693067, 0.697674
0.708711, 0.71144, 0.686461, 0.691162
0.697611, 0.699989, 0.675222, 0.679985
0.686004, 0.687955, 0.663283, 0.668105
0.67033, 0.671813, 0.647132, 0.652006
0.649075, 0.650093, 0.625337, 0.630255
0.620957, 0.62156, 0.596704, 0.601658
0.584405, 0.584693, 0.559751, 0.56473
0.575882, 0.575974, 0.550984, 0.555978
0.566892, 0.566918, 0.541925, 0.546923
0.565348, 0.565353, 0.540356, 0.545356
0.565733, 0.565751, 0.540861, 0.545871
0.567392, 0.567461, 0.542887, 0.547924
0.572597, 0.572746, 0.548661, 0.553742
0.577538, 0.577793, 0.554363, 0.559501
0.58346, 0.583849, 0.561254, 0.566466
0.590495, 0.591046, 0.569444, 0.574744
0.597473, 0.598212, 0.577774, 0.583176
0.604598, 0.605549, 0.586411, 0.591927
0.6115, 0.612677, 0.594924, 0.600563
0.618681, 0.620115, 0.603928, 0.609705
0.625416, 0.627119, 0.612558, 0.618477
0.632247, 0.634247, 0.621473, 0.627549
0.63859, 0.640892, 0.629926, 0.63616
0.644928, 0.64756, 0.638546, 0.644951
0.650737, 0.653701, 0.646632, 0.653208
0.65634, 0.65965, 0.654588, 0.661339
0.661572, 0.665232, 0.662172, 0.669097
0.666557, 0.670577, 0.669555, 0.676656
0.671068, 0.675441, 0.676381, 0.683651
0.675431, 0.680168, 0.683107, 0.690549
0.679369, 0.684459, 0.689291, 0.696895
0.683028, 0.68847, 0.695152, 0.702913
0.686283, 0.692077, 0.700442, 0.708349
0.479185, 0.482977, 0.478368, 0.485474
0.715936, 0.724203, 0.739294, 0.749342
0.519363, 0.522765, 0.51426, 0.520652
0.441997, 0.446568, 0.445968, 0.453923
0.568239, 0.569944, 0.555069, 0.560939
0.601533, 0.602427, 0.581953, 0.587351
0.648455, 0.65059, 0.635369, 0.641246
0.65299, 0.655271, 0.640327, 0.646237
0.635133, 0.636638, 0.617936, 0.623512
0.603953, 0.604424, 0.581115, 0.586274
0.574932, 0.575085, 0.550788, 0.555851
0.633207, 0.63992, 0.644506, 0.65383
0.765024, 0.790502, 0.873454, 0.892375
0.370657, 0.389586, 0.446615, 0.460576
0.720357, 0.748424, 0.831716, 0.848446
0.781091, 0.810664, 0.89854, 0.915762
0.789452, 0.819231, 0.90773, 0.925018
0.788002, 0.817741, 0.906121, 0.923397
0.647708, 0.648159, 0.624599, 0.629811
0.634819, 0.63553, 0.612769, 0.618095
0.656007, 0.657058, 0.635389, 0.640862
0.673965, 0.675378, 0.654896, 0.660516
0.687804, 0.689562, 0.670243, 0.675991
0.69996, 0.702046, 0.683872, 0.689728
0.708507, 0.710844, 0.693591, 0.699518
0.714152, 0.716658, 0.700063, 0.706064
0.717303, 0.719881, 0.703607, 0.70967
0.716875, 0.719417, 0.703082, 0.709165
0.713199, 0.715601, 0.69882, 0.704873
0.705732, 0.707902, 0.690325, 0.696299
0.696658, 0.69853, 0.679917, 0.685772
0.684418, 0.685949, 0.66614, 0.671849
0.669408, 0.670586, 0.649536, 0.655084
0.649508, 0.650328, 0.628036, 0.633416
0.62122, 0.621709, 0.598282, 0.603507
0.584415, 0.584665, 0.560433, 0.565544
0.568331, 0.568425, 0.543691, 0.54873
0.566794, 0.566817, 0.541878, 0.546887
0.565389, 0.565394, 0.540413, 0.545416
0.568877, 0.568931, 0.54395, 0.548907
0.577301, 0.577492, 0.552556, 0.557416
0.610628, 0.611042, 0.586169, 0.590873
0.632323, 0.633047, 0.60823, 0.612719
0.653811, 0.654875, 0.630063, 0.634314
0.67525, 0.676737, 0.651829, 0.655779
0.690419, 0.692313, 0.667364, 0.670845
0.702236, 0.704517, 0.679545, 0.682451
0.710816, 0.713428, 0.688416, 0.691187
0.716402, 0.719277, 0.694207, 0.697227
0.719716, 0.722757, 0.697621, 0.701046
0.719857, 0.722951, 0.697745, 0.701671
0.717166, 0.720191, 0.694923, 0.699366
0.711622, 0.714456, 0.689365, 0.694043
0.702902, 0.705428, 0.680595, 0.685334
0.691614, 0.693739, 0.669045, 0.673845
0.677283, 0.678963, 0.654297, 0.65915
0.659386, 0.660599, 0.635881, 0.640781
0.630575, 0.631346, 0.606532, 0.611472
0.593953, 0.594361, 0.569451, 0.574421
0.571424, 0.571591, 0.546619, 0.551607
0.566319, 0.566357, 0.541358, 0.546356
0.565513, 0.565521, 0.540525, 0.545525
0.565205, 0.565209, 0.540235, 0.545237
0.566424, 0.566463, 0.541699, 0.54672
0.570334, 0.570437, 0.546067, 0.551123
0.574624, 0.574815, 0.550996, 0.5561
0.58012, 0.580432, 0.557358, 0.562528
0.586626, 0.587081, 0.56489, 0.570138
0.593154, 0.593775, 0.57261, 0.577948
0.600061, 0.600875, 0.580898, 0.58634
0.607398, 0.608436, 0.589839, 0.595403
0.614429, 0.615707, 0.598576, 0.604269
0.62151, 0.623053, 0.607532, 0.613367
0.629005, 0.630858, 0.617202, 0.623201
0.635446, 0.637596, 0.625721, 0.631876
0.641806, 0.644272, 0.634275, 0.640595
0.647803, 0.650596, 0.642531, 0.649019
0.653454, 0.656583, 0.650471, 0.65713
0.658882, 0.662359, 0.658256, 0.66509
0.663943, 0.667771, 0.665665, 0.672672
0.668646, 0.672826, 0.6727, 0.679878
0.67301, 0.677542, 0.679358, 0.686704
0.677039, 0.681918, 0.685625, 0.693133
0.680921, 0.686158, 0.691765, 0.699435
0.684369, 0.689953, 0.697325, 0.705147
0.687496, 0.693421, 0.702436, 0.710399
0.350808, 0.354108, 0.349952, 0.357106
0.626512, 0.632435, 0.641313, 0.649255
0.696192, 0.702906, 0.715707, 0.723987
0.511203, 0.514783, 0.507174, 0.513621
0.542396, 0.548208, 0.5527, 0.561429
0.566446, 0.567762, 0.55055, 0.556226
0.611081, 0.612392, 0.593643, 0.599198
0.656031, 0.658473, 0.644406, 0.650388
0.651198, 0.653408, 0.637911, 0.643772
0.59109, 0.592192, 0.571545, 0.576947
0.572462, 0.572706, 0.548482, 0.553558
0.566845, 0.566881, 0.542066, 0.547082
0.620908, 0.632871, 0.661271, 0.673868
0.730281, 0.762701, 0.865394, 0.885314
0.804265, 0.859829, 1.02047, 1.04553
0.804963, 0.86059, 1.02138, 1.04645
0.804963, 0.86059, 1.02138, 1.04645
0.804963, 0.86059, 1.02138, 1.04645
0.647725, 0.648176, 0.624617, 0.629829
0.634823, 0.635534, 0.612773, 0.618099
0.655456, 0.656499, 0.634802, 0.640271
0.673171, 0.674568, 0.654031, 0.659644
0.687242, 0.688985, 0.669615, 0.675358
0.699241, 0.701307, 0.683065, 0.688915
0.707858, 0.710176, 0.692853, 0.698773
0.713703, 0.716197, 0.699547, 0.705539
0.717169, 0.719745, 0.703458, 0.709517
0.71712, 0.719669, 0.703357, 0.70944
0.713749, 0.71617, 0.699453, 0.705512
0.706865, 0.709064, 0.691589, 0.697573
0.698085, 0.699999, 0.681532, 0.687405
0.686191, 0.687768, 0.66812, 0.673849
0.671285, 0.672502, 0.651591, 0.657157
0.652158, 0.65303, 0.630917, 0.636322
0.625184, 0.625743, 0.602553, 0.60781
0.593298, 0.593598, 0.569534, 0.574668
0.571378, 0.571505, 0.546874, 0.551928
0.566402, 0.566432, 0.541505, 0.546516
0.565772, 0.565782, 0.540822, 0.545827
0.567252, 0.567282, 0.542292, 0.547267
0.575069, 0.575222, 0.550274, 0.555161
0.605662, 0.606024, 0.581138, 0.585877
0.627552, 0.628205, 0.603379, 0.607917
0.648472, 0.649463, 0.624655, 0.628958
0.671305, 0.6727, 0.647819, 0.65184
0.687063, 0.688859, 0.663913, 0.667524
0.69946, 0.701645, 0.676681, 0.679724
0.708895, 0.711429, 0.686429, 0.689166
0.715156, 0.717967, 0.692915, 0.695848
0.719177, 0.722183, 0.697065, 0.700366
0.720089, 0.72318, 0.697992, 0.701785
0.718122, 0.721177, 0.695923, 0.700237
0.71319, 0.71608, 0.690913, 0.695577
0.705311, 0.707919, 0.683036, 0.687761
0.687234, 0.689443, 0.664718, 0.669504
0.679399, 0.681187, 0.656521, 0.661362
0.663412, 0.664737, 0.640037, 0.644927
0.637818, 0.638694, 0.613905, 0.618836
0.612964, 0.613461, 0.588577, 0.593539
0.569551, 0.569767, 0.544805, 0.54979
0.56598, 0.566037, 0.54104, 0.546036
0.566024, 0.566045, 0.541052, 0.546051
0.565109, 0.565111, 0.540113, 0.545112
0.565966, 0.565991, 0.541143, 0.546156
0.567705, 0.567785, 0.543273, 0.548317
0.573305, 0.573468, 0.549473, 0.554562
0.578378, 0.578652, 0.555337, 0.560485
0.584248, 0.584656, 0.562178, 0.5674
0.591339, 0.591911, 0.570443, 0.575755
0.598149, 0.598907, 0.57859, 0.584003
0.605103, 0.606069, 0.58703, 0.592556
0.612208, 0.613409, 0.595801, 0.601452
0.619162, 0.620615, 0.604544, 0.61033
0.626058, 0.627787, 0.613389, 0.619323
0.632693, 0.634714, 0.622067, 0.628155
0.639193, 0.641525, 0.630734, 0.636984
0.645185, 0.647833, 0.638911, 0.645325
0.651001, 0.65398, 0.647002, 0.653586
0.656457, 0.659775, 0.654759, 0.661513
0.661687, 0.665355, 0.662341, 0.669269
0.666554, 0.670575, 0.669553, 0.676653
0.671068, 0.675441, 0.676381, 0.683652
0.675339, 0.680069, 0.682965, 0.690403
0.679285, 0.684368, 0.689159, 0.69676
0.682802, 0.688221, 0.694786, 0.702537
0.686076, 0.691846, 0.700103, 0.708001
0.520933, 0.52375, 0.515948, 0.522378
0.643566, 0.647454, 0.649077, 0.656925
0.693155, 0.699786, 0.712196, 0.720442
0.511183, 0.514717, 0.506941, 0.513363
0.329771, 0.33283, 0.324951, 0.33151
0.518911, 0.520948, 0.507887, 0.513907
0.599153, 0.600052, 0.579775, 0.585188
0.621458, 0.623487, 0.607654, 0.613476
0.655071, 0.65748, 0.643036, 0.648989
0.637173, 0.638745, 0.620274, 0.625871
0.562997, 0.563453, 0.540044, 0.545194
0.572719, 0.572897, 0.548712, 0.553785
0.633228, 0.641358, 0.652554, 0.66281
0.701196, 0.726088, 0.804876, 0.822771
0.785527, 0.81506, 0.903757, 0.921207
0.790578, 0.822021, 0.912104, 0.929437
0.789934, 0.82136, 0.911396, 0.928724
0.789916, 0.821341, 0.911376, 0.928704
0.789916, 0.821341, 0.911376, 0.928703
0.646449, 0.646881, 0.62326, 0.628463
0.633736, 0.634432, 0.611624, 0.616943
0.654308, 0.655334, 0.633583, 0.639045
0.673032, 0.674421, 0.653859, 0.659469
0.687272, 0.689015, 0.669645, 0.675388
0.698961, 0.701021, 0.682755, 0.688603
0.707889, 0.710208, 0.692885, 0.698805
0.713802, 0.716298, 0.69966, 0.705654
0.717167, 0.719743, 0.703456, 0.709515
0.71708, 0.719628, 0.703311, 0.709394
0.713744, 0.716165, 0.699449, 0.705507
0.706655, 0.708848, 0.691353, 0.697335
0.69765, 0.69955, 0.681035, 0.686902
0.685384, 0.686938, 0.667209, 0.672928
0.670508, 0.671709, 0.650742, 0.656301
0.651034, 0.651883, 0.629693, 0.635088
0.623642, 0.624176, 0.600898, 0.606143
0.58792, 0.588199, 0.564064, 0.569188
0.568047, 0.56816, 0.543485, 0.548533
0.566631, 0.566657, 0.541721, 0.546731
0.565371, 0.565375, 0.540394, 0.545397
0.568172, 0.568216, 0.543231, 0.548196
0.576795, 0.576978, 0.552039, 0.556905
0.610057, 0.610464, 0.58559, 0.590298
0.631202, 0.63191, 0.607091, 0.611591
0.65457, 0.655644, 0.63083, 0.635074
0.674669, 0.676146, 0.651241, 0.655199
0.690158, 0.692044, 0.667095, 0.670588
0.702012, 0.704285, 0.679314, 0.68223
0.710835, 0.713448, 0.688436, 0.691207
0.716308, 0.719178, 0.69411, 0.697123
0.719683, 0.722721, 0.697586, 0.701002
0.719856, 0.722949, 0.697743, 0.701669
0.717081, 0.720103, 0.694834, 0.699287
0.711472, 0.714302, 0.689217, 0.693896
0.702665, 0.705184, 0.680354, 0.685095
0.691555, 0.69368, 0.668986, 0.673786
0.676727, 0.678386, 0.65372, 0.658575
0.65859, 0.659782, 0.63506, 0.639963
0.629994, 0.630747, 0.605928, 0.610869
0.593458, 0.593852, 0.568938, 0.573909
0.572029, 0.572182, 0.547206, 0.552196
0.566407, 0.566444, 0.541446, 0.546444
0.565347, 0.565353, 0.540355, 0.545355
0.565226, 0.565231, 0.540259, 0.545262
0.566466, 0.566506, 0.54175, 0.546771
0.570535, 0.570642, 0.546297, 0.551355
0.575006, 0.575206, 0.551436, 0.556545
0.580564, 0.580886, 0.557875, 0.56305
0.58729, 0.58776, 0.565668, 0.570925
0.593836, 0.594475, 0.573423, 0.578771
0.600939, 0.601778, 0.581957, 0.587414
0.60807, 0.609131, 0.590671, 0.596248
0.615112, 0.616415, 0.599432, 0.605139
0.62217, 0.62374, 0.608376, 0.614225
0.628763, 0.630608, 0.61691, 0.622905
0.635302, 0.637445, 0.625527, 0.631678
0.641662, 0.64412, 0.634079, 0.640395
0.647667, 0.650453, 0.642342, 0.648827
0.653327, 0.656448, 0.65029, 0.656945
0.658765, 0.662234, 0.658086, 0.664915
0.663832, 0.667652, 0.665501, 0.672504
0.668543, 0.672715, 0.672544, 0.679718
0.67301, 0.677542, 0.679359, 0.686704
0.677126, 0.682014, 0.685762, 0.693274
0.680922, 0.686158, 0.691766, 0.699436
0.684369, 0.689953, 0.697325, 0.705147
0.687496, 0.693421, 0.702436, 0.710399
0.350963, 0.354376, 0.350759, 0.357801
0.627993, 0.633925, 0.642842, 0.650788
0.695655, 0.702359, 0.715111, 0.723387
0.51112, 0.5147, 0.507091, 0.513538
0.529795, 0.53527, 0.541588, 0.551192
0.553334, 0.554707, 0.537822, 0.545287
0.611962, 0.613275, 0.594542, 0.600098
0.655669, 0.658106, 0.644018, 0.649998
0.651205, 0.653413, 0.637906, 0.643766
0.591067, 0.592167, 0.571516, 0.576917
0.572453, 0.572696, 0.548472, 0.553547
0.567515, 0.567566, 0.542818, 0.54784
0.565177, 0.565182, 0.540204, 0.545206
0.566055, 0.566087, 0.541266, 0.546281
0.568944, 0.569027, 0.544491, 0.549532
0.572176, 0.572331, 0.548202, 0.553277
0.576125, 0.576372, 0.552762, 0.557882
0.58111, 0.58147, 0.558501, 0.563677
0.586229, 0.586721, 0.564496, 0.569736
0.591581, 0.592221, 0.570833, 0.576146
0.597078, 0.597883, 0.577417, 0.58281
0.602757, 0.603744, 0.5843, 0.589781
0.608226, 0.609405, 0.591023, 0.596595
0.613899, 0.61529, 0.598081, 0.603756
0.619232, 0.620842, 0.604827, 0.610604
0.624665, 0.626514, 0.611793, 0.617682
0.629691, 0.63178, 0.618346, 0.624347
0.634636, 0.636977, 0.624877, 0.630992
0.639196, 0.641787, 0.630987, 0.637214
0.643617, 0.646467, 0.636992, 0.643332
0.500021, 0.50264, 0.487951, 0.494544
0.581781, 0.583461, 0.567827, 0.573631
0.579623, 0.580115, 0.557858, 0.563093
0.592721, 0.593529, 0.572104, 0.577423
0.622943, 0.624057, 0.603747, 0.60917
0.606411, 0.607175, 0.585196, 0.590472
0.565757, 0.565976, 0.541691, 0.54676
0.568522, 0.568602, 0.543965, 0.548997
0.565053, 0.565054, 0.540059, 0.54506
0.565694, 0.565715, 0.540827, 0.545837
0.566832, 0.566895, 0.542232, 0.547261
0.570723, 0.570849, 0.546531, 0.55159
0.574043, 0.574247, 0.550355, 0.55545
0.578427, 0.578731, 0.555385, 0.560528
0.583008, 0.58343, 0.56072, 0.565917
0.587862, 0.588416, 0.566427, 0.571687
0.592894, 0.593596, 0.572402, 0.577731
0.598012, 0.598875, 0.578544, 0.583947
0.603267, 0.603791, 0.580623, 0.585788
0.608446, 0.60906, 0.586185, 0.591377
0.613509, 0.614215, 0.591631, 0.596849
0.61842, 0.61922, 0.596917, 0.60216
0.623275, 0.624171, 0.602143, 0.60741
0.627911, 0.628901, 0.607124, 0.612414
0.632302, 0.633384, 0.611828, 0.617138
0.636548, 0.63772, 0.616354, 0.62168
0.640496, 0.641749, 0.620528, 0.625866
0.644388, 0.645721, 0.624602, 0.629948
0.647929, 0.649332, 0.628259, 0.633609
0.651226, 0.65269, 0.631608, 0.636955
0.654346, 0.655864, 0.63471, 0.640049
0.657149, 0.658708, 0.637423, 0.642749
0.660166, 0.661756, 0.640274, 0.64558
0.662518, 0.664127, 0.642389, 0.647675
0.664672, 0.666287, 0.644227, 0.649479
0.666626, 0.668235, 0.645784, 0.650999
0.668297, 0.669889, 0.647001, 0.652174
0.669735, 0.671296, 0.647921, 0.65305
0.670989, 0.672507, 0.648578, 0.653654
0.67198, 0.673443, 0.648935, 0.65396
0.672757, 0.674157, 0.64907, 0.654049
0.673284, 0.67461, 0.64914, 0.653893
0.673578, 0.674822, 0.649558, 0.653923
0.673666, 0.674823, 0.649966, 0.65437
0.673486, 0.674549, 0.650112, 0.654622
0.67309, 0.674054, 0.650029, 0.654646
0.672464, 0.673326, 0.649697, 0.65442
0.671595, 0.672354, 0.649099, 0.653926
0.670498, 0.671155, 0.648247, 0.653174
0.669199, 0.669758, 0.647157, 0.652176
0.667673, 0.668137, 0.645808, 0.650914
0.66587, 0.666241, 0.644149, 0.649337
0.663865, 0.664151, 0.642247, 0.647506
0.661567, 0.661771, 0.640022, 0.645337
0.65904, 0.659173, 0.637558, 0.642888
0.656198, 0.656267, 0.634748, 0.640077
0.652833, 0.652856, 0.631369, 0.636693
0.648703, 0.648733, 0.627179, 0.632495
0.646017, 0.646073, 0.624408, 0.629713
0.643032, 0.643108, 0.621301, 0.626593
0.639247, 0.639337, 0.61736, 0.622637
0.635151, 0.635252, 0.61308, 0.618339
0.630721, 0.630827, 0.608439, 0.613678
0.626224, 0.626331, 0.603723, 0.608941
0.621552, 0.621656, 0.598818, 0.604015
0.616695, 0.616794, 0.593721, 0.598897
0.611675, 0.611767, 0.588455, 0.59361
0.606105, 0.606188, 0.582647, 0.58778
0.600971, 0.601044, 0.577282, 0.582395
0.595867, 0.595929, 0.571955, 0.577049
0.590815, 0.590866, 0.566693, 0.571769
0.585988, 0.586029, 0.561677, 0.566736
0.581376, 0.581408, 0.556895, 0.561939
0.576024, 0.576047, 0.551392, 0.556423
0.572582, 0.572597, 0.547822, 0.552843
0.568796, 0.568805, 0.543938, 0.548951
0.56566, 0.565664, 0.540725, 0.545731
0.565013, 0.565015, 0.540031, 0.545032
0.565161, 0.565161, 0.540167, 0.545168
0.565313, 0.565326, 0.540321, 0.545321
0.57358, 0.574047, 0.548885, 0.553876
0.596425, 0.59778, 0.572311, 0.577278
0.622278, 0.62495, 0.599035, 0.603918
0.643979, 0.648265, 0.621816, 0.626487
0.665149, 0.671245, 0.644217, 0.648453
0.681276, 0.68924, 0.661648, 0.665116
0.694137, 0.703825, 0.675758, 0.678093
0.704179, 0.71537, 0.68695, 0.687738
0.710778, 0.723046, 0.694446, 0.693466
0.714594, 0.7275, 0.698978, 0.696023
0.716398, 0.729451, 0.701785, 0.697006
0.714946, 0.72764, 0.701125, 0.696008
0.710666, 0.722539, 0.697037, 0.692327
0.703539, 0.714181, 0.689461, 0.685553
0.693113, 0.702211, 0.677973, 0.675205
0.680479, 0.687865, 0.663807, 0.662397
0.664421, 0.670011, 0.64589, 0.645977
0.64326, 0.647132, 0.622795, 0.62436
0.615474, 0.617863, 0.593267, 0.596134
0.582073, 0.583263, 0.558439, 0.562372
0.565004, 0.565425, 0.540467, 0.545089
0.56694, 0.567037, 0.542056, 0.546969
0.565404, 0.56542, 0.540429, 0.545415
0.571777, 0.5721, 0.547335, 0.552048
0.592462, 0.59337, 0.569064, 0.573259
0.615929, 0.617658, 0.593954, 0.59743
0.63642, 0.639159, 0.616089, 0.618701
0.657696, 0.661622, 0.63909, 0.640721
0.676786, 0.681966, 0.659689, 0.660337
0.69001, 0.696375, 0.673912, 0.673709
0.700724, 0.70815, 0.684984, 0.684122
0.708244, 0.716506, 0.692125, 0.690865
0.712724, 0.721505, 0.69558, 0.69422
0.715067, 0.724051, 0.696466, 0.695734
0.71408, 0.722903, 0.694289, 0.695135
0.710086, 0.718384, 0.689878, 0.691834
0.70322, 0.71068, 0.682436, 0.685386
0.693759, 0.700185, 0.67232, 0.676048
0.676186, 0.681326, 0.653975, 0.658297
0.663976, 0.667877, 0.641053, 0.645733
0.643579, 0.646243, 0.619968, 0.624845
0.617239, 0.618845, 0.593055, 0.598017
0.584157, 0.58494, 0.55954, 0.56453
0.573729, 0.573982, 0.548844, 0.55384
0.566753, 0.566821, 0.541788, 0.546787
0.646876, 0.647314, 0.623714, 0.62892
0.633832, 0.634527, 0.61172, 0.617039
0.655226, 0.656261, 0.63454, 0.640006
0.673238, 0.674635, 0.654099, 0.659712
0.687594, 0.689345, 0.670001, 0.675747
0.699454, 0.701527, 0.683307, 0.689159
0.708019, 0.710342, 0.693036, 0.698958
0.713894, 0.716392, 0.699765, 0.705761
0.717235, 0.719812, 0.703532, 0.709593
0.717043, 0.71959, 0.703267, 0.709351
0.713431, 0.715841, 0.699086, 0.705142
0.706207, 0.708388, 0.690852, 0.69683
0.697159, 0.699045, 0.680481, 0.686342
0.685021, 0.686567, 0.66681, 0.672526
0.669861, 0.671046, 0.650024, 0.655576
0.649952, 0.650779, 0.628512, 0.633897
0.622709, 0.62323, 0.599908, 0.605147
0.5915, 0.591779, 0.567649, 0.572774
0.570715, 0.570818, 0.546114, 0.551158
0.566734, 0.566759, 0.541822, 0.546831
0.565296, 0.5653, 0.540315, 0.545317
0.56852, 0.568569, 0.543586, 0.548547
0.577042, 0.577229, 0.552292, 0.557155
0.61139, 0.61181, 0.586939, 0.591638
0.631632, 0.632347, 0.607529, 0.612023
0.655041, 0.656124, 0.63131, 0.635548
0.675037, 0.676523, 0.651615, 0.655565
0.690797, 0.692701, 0.667751, 0.671219
0.702444, 0.704732, 0.679759, 0.682655
0.711128, 0.713754, 0.688739, 0.691517
0.716572, 0.719455, 0.694383, 0.697418
0.71978, 0.722825, 0.697686, 0.701131
0.719768, 0.722861, 0.697651, 0.70161
0.716898, 0.719915, 0.694643, 0.699118
0.711168, 0.713987, 0.688915, 0.693597
0.701949, 0.704444, 0.679627, 0.684372
0.690689, 0.692786, 0.668097, 0.6729
0.675929, 0.677567, 0.652899, 0.657757
0.657132, 0.658302, 0.633577, 0.638481
0.628486, 0.629221, 0.604398, 0.609341
0.592555, 0.592935, 0.568017, 0.572989
0.571894, 0.572043, 0.547066, 0.552056
0.566604, 0.566639, 0.541641, 0.546639
0.565348, 0.565353, 0.540356, 0.545355
0.565292, 0.565299, 0.540338, 0.545341
0.566591, 0.566636, 0.541904, 0.546927
0.570737, 0.570848, 0.546529, 0.551589
0.575394, 0.575602, 0.551884, 0.556997
0.580857, 0.581186, 0.558217, 0.563396
0.587599, 0.588077, 0.566033, 0.571293
0.59436, 0.595013, 0.574045, 0.579401
0.601468, 0.602323, 0.582599, 0.588064
0.608587, 0.609666, 0.59131, 0.596896
0.615622, 0.616944, 0.600073, 0.605789
0.622664, 0.624253, 0.609009, 0.614868
0.629412, 0.631285, 0.617754, 0.623763
0.636236, 0.638423, 0.626764, 0.632938
0.642518, 0.645021, 0.635247, 0.641586
0.648478, 0.65131, 0.643471, 0.649979
0.654222, 0.657398, 0.65156, 0.658242
0.659593, 0.663118, 0.659289, 0.666146
0.664493, 0.668361, 0.666482, 0.673508
0.669263, 0.673492, 0.673635, 0.680836
0.673768, 0.678363, 0.680527, 0.687903
0.677736, 0.682678, 0.686721, 0.694257
0.681558, 0.686855, 0.692784, 0.700482
0.684948, 0.690595, 0.698267, 0.706115
0.688019, 0.694002, 0.7033, 0.711287
0.734086, 0.744436, 0.771738, 0.784867
0.52052, 0.523932, 0.515405, 0.521825
0.548693, 0.554697, 0.560358, 0.568859
0.561813, 0.563618, 0.548927, 0.554946
0.603948, 0.604894, 0.58468, 0.590108
0.652164, 0.654496, 0.639996, 0.646006
0.65639, 0.658925, 0.644867, 0.650946
0.638291, 0.639984, 0.621915, 0.627612
0.560343, 0.56088, 0.53776, 0.542957
0.57498, 0.575158, 0.550917, 0.555993
0.565013, 0.565013, 0.540013, 0.545013
0.56567, 0.565689, 0.540794, 0.545803
0.566913, 0.566974, 0.542321, 0.547352
0.571114, 0.571243, 0.546977, 0.55204
0.574952, 0.575168, 0.551401, 0.556508
0.579455, 0.579779, 0.556624, 0.561784
0.585121, 0.585577, 0.563181, 0.568407
0.590412, 0.591012, 0.569437, 0.574734
0.596216, 0.596985, 0.576366, 0.581746
0.602059, 0.603012, 0.583437, 0.588908
0.607871, 0.609022, 0.590568, 0.596135
0.613579, 0.61494, 0.597669, 0.603339
0.619277, 0.620865, 0.604865, 0.610645
0.624757, 0.626583, 0.611903, 0.617796
0.629996, 0.632067, 0.618737, 0.624747
0.635013, 0.637338, 0.625378, 0.631506
0.63989, 0.64248, 0.631927, 0.638178
0.644483, 0.647341, 0.638196, 0.644568
0.648799, 0.651928, 0.644175, 0.650666
0.652838, 0.656237, 0.649844, 0.656452
0.515258, 0.51803, 0.504776, 0.511303
0.636056, 0.638122, 0.630231, 0.637156
0.591948, 0.592531, 0.570772, 0.57605
0.598162, 0.59916, 0.578569, 0.583963
0.631263, 0.63258, 0.613143, 0.618645
0.612018, 0.612885, 0.591322, 0.596636
0.566056, 0.566292, 0.542061, 0.547134
0.568841, 0.568927, 0.544323, 0.549358
0.565065, 0.565066, 0.540073, 0.545074
0.56575, 0.565773, 0.540896, 0.545906
0.566894, 0.566959, 0.542308, 0.547338
0.570884, 0.571013, 0.546716, 0.551776
0.574359, 0.57457, 0.55072, 0.555819
0.578713, 0.579024, 0.555718, 0.560865
0.583363, 0.583792, 0.561136, 0.566338
0.588146, 0.588706, 0.566765, 0.572029
0.593381, 0.594094, 0.572983, 0.578318
0.598678, 0.599132, 0.575762, 0.58091
0.60397, 0.604513, 0.581447, 0.586622
0.609191, 0.609826, 0.587069, 0.592272
0.61429, 0.61502, 0.592567, 0.597798
0.619361, 0.620189, 0.598041, 0.603298
0.624225, 0.625152, 0.603292, 0.608575
0.628996, 0.630023, 0.608432, 0.613739
0.633509, 0.634631, 0.613279, 0.618607
0.637631, 0.638843, 0.617685, 0.62303
0.641682, 0.64298, 0.621978, 0.627336
0.645473, 0.646851, 0.625955, 0.631322
0.649177, 0.65063, 0.629785, 0.635155
0.652453, 0.653968, 0.633112, 0.63848
0.655622, 0.657191, 0.636259, 0.641618
0.65846, 0.660071, 0.638996, 0.644342
0.661447, 0.663088, 0.641806, 0.647131
0.663708, 0.665366, 0.64381, 0.649107
0.665973, 0.667637, 0.645734, 0.650999
0.667845, 0.669501, 0.647198, 0.652426
0.669475, 0.671109, 0.648351, 0.653536
0.670898, 0.672499, 0.649223, 0.65436
0.672083, 0.673637, 0.649798, 0.654883
0.673029, 0.674526, 0.650087, 0.655118
0.673786, 0.675214, 0.650147, 0.655128
0.674253, 0.675605, 0.650131, 0.6549
0.674522, 0.675786, 0.650517, 0.654876
0.67453, 0.675701, 0.650861, 0.65526
0.674286, 0.675359, 0.65095, 0.655458
0.673839, 0.674811, 0.650814, 0.65543
0.673153, 0.674021, 0.650428, 0.655152
0.672218, 0.67298, 0.649768, 0.654598
0.671063, 0.671721, 0.648859, 0.653791
0.669671, 0.670226, 0.64768, 0.652709
0.667959, 0.668411, 0.646155, 0.651277
0.666144, 0.666506, 0.644472, 0.649673
0.66402, 0.664294, 0.642448, 0.647721
0.661627, 0.661819, 0.640125, 0.645449
0.658944, 0.659063, 0.637503, 0.642836
0.655971, 0.656027, 0.634551, 0.639882
0.652372, 0.652391, 0.630926, 0.636252
0.647989, 0.648026, 0.626472, 0.631788
0.645083, 0.645145, 0.623469, 0.628773
0.642376, 0.642457, 0.620631, 0.625922
0.638531, 0.638625, 0.61662, 0.621894
0.634245, 0.634348, 0.612135, 0.61739
0.629773, 0.62988, 0.607448, 0.612683
0.625088, 0.625195, 0.602532, 0.607746
0.620195, 0.620299, 0.597394, 0.602586
0.615216, 0.615314, 0.59217, 0.597339
0.609989, 0.610078, 0.586688, 0.591835
0.604331, 0.604411, 0.580791, 0.585918
0.599012, 0.599081, 0.575235, 0.580341
0.59386, 0.593918, 0.569862, 0.574949
0.588906, 0.588954, 0.564709, 0.569778
0.584015, 0.584052, 0.559629, 0.564682
0.579468, 0.579495, 0.554918, 0.559957
0.574492, 0.574512, 0.549801, 0.554827
0.570157, 0.570169, 0.545351, 0.550367
0.566076, 0.566083, 0.541178, 0.546187
0.564839, 0.564842, 0.539877, 0.544881
0.56514, 0.565141, 0.540148, 0.545149
0.565049, 0.565049, 0.540051, 0.545052
0.568654, 0.568834, 0.54377, 0.548767
0.579626, 0.580488, 0.55519, 0.560172
0.611526, 0.61349, 0.587814, 0.59275
0.632468, 0.63588, 0.609719, 0.614522
0.655589, 0.660755, 0.634021, 0.638511
0.673799, 0.68086, 0.653535, 0.657423
0.688271, 0.697143, 0.669294, 0.672229
0.699688, 0.710188, 0.681921, 0.683508
0.708004, 0.719812, 0.691276, 0.691163
0.713095, 0.725751, 0.697122, 0.695176
0.716081, 0.729131, 0.700963, 0.696931
0.71598, 0.728901, 0.701864, 0.696697
0.713021, 0.725333, 0.69938, 0.694429
0.707093, 0.718329, 0.693293, 0.688982
0.698297, 0.708121, 0.683707, 0.68039
0.675217, 0.683275, 0.659142, 0.657196
0.669611, 0.676006, 0.651933, 0.651342
0.651422, 0.656072, 0.631844, 0.632735
0.625373, 0.628415, 0.603936, 0.606228
0.587633, 0.589327, 0.564595, 0.568079
0.568385, 0.569107, 0.544198, 0.54855
0.566693, 0.566884, 0.5419, 0.546728
0.565413, 0.565431, 0.540438, 0.545422
0.568224, 0.568365, 0.543461, 0.548334
0.576437, 0.577012, 0.552449, 0.556938
0.607025, 0.608346, 0.584349, 0.588181
0.626844, 0.629096, 0.605737, 0.608764
0.649317, 0.652715, 0.629974, 0.632036
0.669859, 0.674532, 0.652198, 0.653235
0.684789, 0.690666, 0.66834, 0.668477
0.696763, 0.703778, 0.680965, 0.680344
0.705419, 0.713359, 0.68955, 0.688424
0.711056, 0.719649, 0.694427, 0.693077
0.71462, 0.723564, 0.696646, 0.695516
0.714833, 0.723766, 0.695439, 0.695563
0.712113, 0.720672, 0.692101, 0.693599
0.706498, 0.714348, 0.685975, 0.688521
0.698117, 0.705005, 0.676966, 0.680389
0.686462, 0.692182, 0.664595, 0.668691
0.67218, 0.676623, 0.649566, 0.654116
0.654127, 0.657283, 0.630787, 0.635602
0.626004, 0.628001, 0.602029, 0.606967
0.595589, 0.596671, 0.571127, 0.57611
0.575265, 0.575717, 0.55048, 0.555474
0.566064, 0.566167, 0.541108, 0.546106
0.565658, 0.565686, 0.540675, 0.545674
0.646022, 0.646447, 0.622805, 0.628006
0.632834, 0.633515, 0.61066, 0.615973
0.653413, 0.654423, 0.632619, 0.638074
0.671834, 0.673199, 0.652554, 0.658155
0.686422, 0.688142, 0.668695, 0.67443
0.698271, 0.700311, 0.681976, 0.687818
0.707403, 0.709707, 0.69233, 0.698246
0.713418, 0.715903, 0.699218, 0.705205
0.717016, 0.719589, 0.703286, 0.709342
0.717286, 0.719843, 0.703552, 0.709635
0.714256, 0.716696, 0.70004, 0.706104
0.707855, 0.710082, 0.692703, 0.698697
0.702816, 0.704774, 0.686466, 0.692359
0.688411, 0.690022, 0.670493, 0.676237
0.673389, 0.674646, 0.653876, 0.659461
0.654288, 0.655197, 0.633217, 0.63864
0.62938, 0.629967, 0.606874, 0.612144
0.596541, 0.596868, 0.572891, 0.578038
0.571602, 0.571743, 0.547156, 0.552217
0.566056, 0.566092, 0.541182, 0.546196
0.565886, 0.565898, 0.540944, 0.545951
0.566655, 0.566677, 0.541685, 0.546666
0.574116, 0.574253, 0.5493, 0.554198
0.60317, 0.603508, 0.578615, 0.583372
0.624823, 0.625437, 0.600606, 0.60517
0.646645, 0.647601, 0.622794, 0.627121
0.669248, 0.670596, 0.645729, 0.649782
0.685496, 0.687247, 0.662302, 0.665971
0.698542, 0.700693, 0.675731, 0.678824
0.708204, 0.710709, 0.685713, 0.688443
0.714728, 0.717518, 0.692471, 0.69538
0.718966, 0.721959, 0.696848, 0.700112
0.720141, 0.723228, 0.698048, 0.701777
0.718531, 0.721597, 0.696351, 0.7006
0.71397, 0.716888, 0.691679, 0.696334
0.70668, 0.709337, 0.684418, 0.689134
0.69031, 0.692546, 0.667818, 0.672601
0.680878, 0.682697, 0.658031, 0.662869
0.665179, 0.666546, 0.641851, 0.646737
0.639306, 0.64021, 0.615428, 0.620356
0.614644, 0.615172, 0.590296, 0.595256
0.572187, 0.572421, 0.547465, 0.552448
0.565661, 0.565727, 0.540731, 0.545727
0.56603, 0.566052, 0.54106, 0.546058
0.565501, 0.565509, 0.540512, 0.545512
0.565897, 0.56592, 0.54106, 0.546072
0.567599, 0.567675, 0.543142, 0.548184
0.573066, 0.573225, 0.549199, 0.554285
0.578096, 0.578363, 0.55501, 0.560155
0.584086, 0.584491, 0.561988, 0.567208
0.59117, 0.591738, 0.570243, 0.575553
0.597976, 0.598729, 0.578382, 0.583792
0.605121, 0.606088, 0.587049, 0.592575
0.612206, 0.613407, 0.595799, 0.60145
0.619162, 0.620615, 0.604544, 0.610331
0.62588, 0.627603, 0.613163, 0.619093
0.632543, 0.634557, 0.621868, 0.627951
0.639046, 0.64137, 0.630536, 0.636782
0.645045, 0.647686, 0.63872, 0.645129
0.650869, 0.653841, 0.646818, 0.653397
0.656463, 0.659781, 0.654765, 0.661519
0.661687, 0.665355, 0.662341, 0.669269
0.666554, 0.670575, 0.669553, 0.676653
0.671068, 0.675441, 0.676381, 0.683652
0.675339, 0.680069, 0.682965, 0.690403
0.679203, 0.684277, 0.689027, 0.696624
0.682801, 0.68822, 0.694784, 0.702536
0.686143, 0.691922, 0.700214, 0.708116
0.524263, 0.52727, 0.518853, 0.525477
0.636686, 0.641917, 0.648312, 0.656639
0.693516, 0.700143, 0.712536, 0.720781
0.511244, 0.514778, 0.507002, 0.513424
0.540705, 0.546286, 0.54996, 0.557803
0.571284, 0.572688, 0.556011, 0.561724
0.610185, 0.611459, 0.59257, 0.598112
0.655424, 0.657833, 0.643658, 0.649631
0.65188, 0.654092, 0.638642, 0.644508
0.610744, 0.61194, 0.591745, 0.597187
0.574084, 0.574328, 0.550107, 0.555182
0.56686, 0.566897, 0.542081, 0.547098
0.566796, 0.566832, 0.542017, 0.547033
0.565332, 0.565341, 0.540388, 0.545392
0.566345, 0.566387, 0.541622, 0.546643
0.569578, 0.569675, 0.545218, 0.550265
0.572993, 0.573166, 0.549143, 0.554228
0.5771, 0.57737, 0.553891, 0.559023
0.582134, 0.582518, 0.55969, 0.564879
0.587309, 0.587829, 0.565768, 0.571023
0.592732, 0.593404, 0.572203, 0.577532
0.598269, 0.599109, 0.578852, 0.584263
0.603976, 0.605002, 0.585789, 0.59129
0.609458, 0.610678, 0.592547, 0.598141
0.614986, 0.616417, 0.599449, 0.605144
0.620332, 0.621984, 0.606227, 0.612027
0.625619, 0.627508, 0.613031, 0.618941
0.630651, 0.632782, 0.619607, 0.62563
0.635463, 0.637843, 0.625983, 0.632119
0.640136, 0.642774, 0.632259, 0.63851
0.644429, 0.647321, 0.638112, 0.644476
0.571897, 0.573985, 0.555723, 0.561476
0.599933, 0.601783, 0.591827, 0.599949
0.564369, 0.564822, 0.542004, 0.54721
0.594355, 0.595212, 0.574005, 0.579344
0.624058, 0.625185, 0.604929, 0.610357
0.606836, 0.6076, 0.585621, 0.590897
0.565772, 0.565994, 0.541722, 0.546791
0.568703, 0.568787, 0.54417, 0.549204
0.566037, 0.566059, 0.541164, 0.546173
0.565279, 0.565286, 0.540325, 0.545329
0.566142, 0.566179, 0.541377, 0.546394
0.569316, 0.56941, 0.544918, 0.549962
0.57235, 0.572514, 0.548404, 0.553481
0.576086, 0.576339, 0.552717, 0.557836
0.580668, 0.581028, 0.557987, 0.563156
0.585401, 0.585886, 0.563527, 0.568755
0.590238, 0.59086, 0.569243, 0.574535
0.595361, 0.596137, 0.575354, 0.580718
0.600506, 0.600987, 0.577691, 0.582845
0.605763, 0.606332, 0.583335, 0.588516
0.610915, 0.611578, 0.58888, 0.594088
0.616066, 0.616825, 0.594428, 0.599663
0.620901, 0.621754, 0.59964, 0.6049
0.62556, 0.626508, 0.604659, 0.609943
0.630226, 0.63127, 0.609673, 0.614979
0.634642, 0.63578, 0.6144, 0.619725
0.638678, 0.639903, 0.618695, 0.624035
0.642628, 0.643935, 0.62286, 0.628211
0.64632, 0.647703, 0.626709, 0.632067
0.649764, 0.651214, 0.630246, 0.635604
0.652888, 0.654394, 0.633395, 0.638749
0.655911, 0.657467, 0.636372, 0.641717
0.658683, 0.660277, 0.639022, 0.644351
0.713455, 0.716802, 0.696003, 0.700391
0.678236, 0.679899, 0.658166, 0.663448
0.668321, 0.669961, 0.647829, 0.653073
0.667982, 0.669606, 0.647056, 0.652261
0.669439, 0.671038, 0.648012, 0.653172
0.670759, 0.672323, 0.648783, 0.653895
0.671876, 0.67339, 0.649284, 0.654344
0.672741, 0.674197, 0.649504, 0.654517
0.673416, 0.674804, 0.649562, 0.654495
0.673841, 0.67515, 0.64971, 0.654299
0.674055, 0.675279, 0.650149, 0.654483
0.674003, 0.675135, 0.650424, 0.654861
0.673743, 0.67478, 0.650483, 0.655024
0.673252, 0.674188, 0.650302, 0.654952
0.672541, 0.673376, 0.649875, 0.654629
0.671574, 0.672304, 0.649173, 0.654031
0.670385, 0.671013, 0.64822, 0.653178
0.66899, 0.66952, 0.647026, 0.652075
0.66736, 0.667795, 0.645561, 0.650695
0.665543, 0.665889, 0.64387, 0.649081
0.663407, 0.663668, 0.641829, 0.647109
0.661051, 0.661234, 0.63954, 0.644866
0.658421, 0.658533, 0.636967, 0.642298
0.655437, 0.655487, 0.634, 0.639329
0.651757, 0.651775, 0.630291, 0.635614
0.647278, 0.647316, 0.62574, 0.631053
0.644881, 0.644943, 0.62325, 0.628553
0.642083, 0.642165, 0.620322, 0.625611
0.638244, 0.638338, 0.616317, 0.62159
0.634064, 0.634167, 0.611944, 0.617198
0.629729, 0.629836, 0.607401, 0.612635
0.625278, 0.625384, 0.602731, 0.607945
0.620353, 0.620456, 0.597559, 0.602751
0.615506, 0.615604, 0.592474, 0.597645
0.610438, 0.610528, 0.587159, 0.592309
0.604829, 0.60491, 0.581313, 0.586441
0.599766, 0.599836, 0.576023, 0.581132
0.594661, 0.594721, 0.570697, 0.575787
0.589719, 0.589768, 0.565553, 0.570625
0.584817, 0.584856, 0.560462, 0.565517
0.58024, 0.580269, 0.555718, 0.560759
0.575113, 0.575134, 0.550445, 0.555474
0.570612, 0.570626, 0.545826, 0.550844
0.568212, 0.568219, 0.543331, 0.548341
0.565125, 0.565128, 0.540176, 0.54518
0.565085, 0.565086, 0.540097, 0.545098
0.565093, 0.565093, 0.540098, 0.545098
0.566587, 0.566659, 0.541633, 0.546632
0.575587, 0.576181, 0.550975, 0.555963
0.603937, 0.60553, 0.57998, 0.584936
0.626133, 0.629093, 0.603082, 0.607937
0.646231, 0.650719, 0.624205, 0.628839
0.668605, 0.675041, 0.647907, 0.652031
0.683765, 0.692049, 0.664365, 0.667659
0.696082, 0.70605, 0.677912, 0.680008
0.705185, 0.71654, 0.688088, 0.688656
0.71154, 0.723935, 0.695321, 0.69406
0.715359, 0.728319, 0.699858, 0.696621
0.716386, 0.729421, 0.701905, 0.696972
0.714558, 0.727172, 0.700796, 0.695708
0.709916, 0.721653, 0.696266, 0.691637
0.702582, 0.713074, 0.68842, 0.684618
0.691614, 0.700529, 0.676323, 0.673696
0.679092, 0.686325, 0.66227, 0.660986
0.663128, 0.6686, 0.644468, 0.644655
0.642211, 0.646009, 0.621661, 0.62329
0.61455, 0.616877, 0.592269, 0.595191
0.561903, 0.563073, 0.53824, 0.542191
0.564727, 0.565192, 0.540241, 0.544822
0.566982, 0.567093, 0.542112, 0.547013
0.565168, 0.565175, 0.540178, 0.545172
0.57098, 0.571261, 0.546463, 0.551213
0.580538, 0.581354, 0.556983, 0.56126
0.615084, 0.616708, 0.592928, 0.596496
0.634328, 0.636963, 0.613833, 0.616534
0.655585, 0.659371, 0.636789, 0.638534
0.673968, 0.678974, 0.656684, 0.657465
0.68855, 0.694766, 0.672356, 0.672255
0.699519, 0.706819, 0.683774, 0.682983
0.707167, 0.715306, 0.691163, 0.68995
0.712177, 0.720891, 0.695252, 0.693889
0.714951, 0.723927, 0.696594, 0.695687
0.714498, 0.72338, 0.69486, 0.695402
0.711258, 0.719706, 0.691161, 0.692867
0.705519, 0.713257, 0.68492, 0.687591
0.696233, 0.702908, 0.674948, 0.67852
0.683201, 0.688672, 0.661185, 0.665388
0.669064, 0.673279, 0.64632, 0.650928
0.64987, 0.65283, 0.626422, 0.631263
0.622549, 0.624403, 0.598497, 0.603444
0.589264, 0.590234, 0.564744, 0.569729
0.570549, 0.570917, 0.545721, 0.550716
0.566509, 0.566595, 0.541547, 0.546546
0.565348, 0.565361, 0.540356, 0.545356
0.648848, 0.649319, 0.625822, 0.631043
0.636268, 0.637001, 0.614313, 0.619648
0.657637, 0.658706, 0.637096, 0.642576
0.674446, 0.675875, 0.655444, 0.66107
0.688423, 0.690196, 0.670929, 0.676683
0.700122, 0.702214, 0.684062, 0.689919
0.708667, 0.711009, 0.693773, 0.699701
0.714142, 0.716649, 0.700054, 0.706054
0.717303, 0.719881, 0.703607, 0.70967
0.716921, 0.719464, 0.703134, 0.709218
0.713311, 0.715717, 0.698949, 0.705003
0.70551, 0.707675, 0.690079, 0.69605
0.69681, 0.698689, 0.680099, 0.685958
0.68493, 0.686476, 0.666721, 0.672436
0.670103, 0.671296, 0.650301, 0.655857
0.650609, 0.651451, 0.629235, 0.634626
0.623472, 0.624005, 0.600726, 0.605971
0.587675, 0.587954, 0.563819, 0.568943
0.569384, 0.569501, 0.544837, 0.549886
0.566524, 0.566551, 0.541618, 0.546629
0.565506, 0.565513, 0.540539, 0.545542
0.56789, 0.567928, 0.542942, 0.54791
0.576047, 0.576216, 0.551274, 0.556149
0.610241, 0.610648, 0.585774, 0.590482
0.630583, 0.631283, 0.606463, 0.610968
0.653558, 0.654614, 0.629802, 0.634059
0.67394, 0.675399, 0.650499, 0.654472
0.689563, 0.69143, 0.666482, 0.669999
0.701305, 0.703554, 0.678585, 0.681534
0.710201, 0.712788, 0.687779, 0.690538
0.716046, 0.718902, 0.693838, 0.696829
0.719534, 0.722563, 0.697434, 0.70081
0.719977, 0.723071, 0.697872, 0.701743
0.717587, 0.720625, 0.695363, 0.699753
0.71235, 0.715211, 0.690086, 0.694757
0.704232, 0.706804, 0.681944, 0.686675
0.698372, 0.700578, 0.675876, 0.680666
0.680975, 0.682721, 0.658058, 0.662904
0.661819, 0.663075, 0.638364, 0.64326
0.632729, 0.633537, 0.608731, 0.613668
0.600074, 0.600513, 0.575611, 0.580578
0.57407, 0.574252, 0.549283, 0.554271
0.56598, 0.566023, 0.541024, 0.546021
0.565775, 0.565788, 0.540793, 0.545792
0.565128, 0.56513, 0.540145, 0.545147
0.566264, 0.566298, 0.541504, 0.546522
0.569781, 0.569876, 0.545457, 0.550509
0.574253, 0.574436, 0.550567, 0.555667
0.579527, 0.579826, 0.55667, 0.561833
0.586149, 0.586592, 0.564328, 0.569569
0.592643, 0.593251, 0.572002, 0.577333
0.599541, 0.600339, 0.580268, 0.585703
0.606492, 0.607502, 0.588733, 0.594283
0.613579, 0.614828, 0.597511, 0.603188
0.620681, 0.622192, 0.606471, 0.612288
0.627503, 0.629294, 0.615265, 0.621231
0.634083, 0.636168, 0.623906, 0.630027
0.640191, 0.642575, 0.632092, 0.638369
0.646303, 0.649012, 0.64045, 0.646895
0.652178, 0.655229, 0.64866, 0.655279
0.657555, 0.660945, 0.656339, 0.663129
0.662711, 0.666451, 0.663847, 0.67081
0.667609, 0.671709, 0.671136, 0.678275
0.672146, 0.676606, 0.678029, 0.685341
0.676241, 0.68105, 0.684372, 0.691847
0.680112, 0.685272, 0.690473, 0.698109
0.683704, 0.689218, 0.696247, 0.704039
0.686896, 0.692756, 0.701448, 0.709383
0.709126, 0.719235, 0.740466, 0.749418
0.550269, 0.553631, 0.544741, 0.551462
0.648236, 0.654718, 0.662524, 0.671467
0.593519, 0.594584, 0.575983, 0.581534
0.611196, 0.612556, 0.594049, 0.599628
0.653352, 0.655627, 0.640956, 0.646886
0.643677, 0.645667, 0.629317, 0.635103
0.598663, 0.599685, 0.57879, 0.584169
0.5724, 0.572619, 0.548328, 0.553397
0.566663, 0.566696, 0.541863, 0.546877
0.566624, 0.566657, 0.541823, 0.546838
0.566624, 0.566657, 0.541823, 0.546838
0.566624, 0.566657, 0.541823, 0.546838
0.566624, 0.566657, 0.541823, 0.546838
0.566624, 0.566657, 0.541823, 0.546838
0.566624, 0.566657, 0.541823, 0.546838
0.566624, 0.566657, 0.541823, 0.546838
0.566624, 0.566657, 0.541823, 0.546838
0.566624, 0.566657, 0.541823, 0.546838
0.566624, 0.566657, 0.541823, 0.546838
0.566624, 0.566657, 0.541823, 0.546838
0.566624, 0.566657, 0.541823, 0.546838
0.566624, 0.566657, 0.541823, 0.546838
0.566624, 0.566657, 0.541823, 0.546838
0.566624, 0.566657, 0.541823, 0.546838
0.566624, 0.566657, 0.541823, 0.546838
0.566624, 0.566657, 0.541823, 0.546838
0.566624, 0.566657, 0.541823, 0.546838
0.566624, 0.566657, 0.541823, 0.546838
0.566624, 0.566657, 0.541823, 0.546838
0.566624, 0.566657, 0.541823, 0.546838
0.566624, 0.566657, 0.541823, 0.546838
0.566624, 0.566657, 0.541823, 0.546838
0.566624, 0.566657, 0.541823, 0.546838
0.566624, 0.566657, 0.541823, 0.546838
0.566624, 0.566657, 0.541823, 0.546838
0.566624, 0.566657, 0.541823, 0.546838
0.566624, 0.566657, 0.541823, 0.546838
0.566624, 0.566657, 0.541823, 0.546838
0.566624, 0.566657, 0.541823, 0.546838
0.566624, 0.566657, 0.541823, 0.546838
0.566624, 0.566657, 0.541823, 0.546838
0.566624, 0.566657, 0.541823, 0.546838
0.566624, 0.566657, 0.541823, 0.546838
0.566624, 0.566657, 0.541823, 0.546838
0.566624, 0.566657, 0.541823, 0.546838
0.566624, 0.566657, 0.541823, 0.546838
0.566624, 0.566657, 0.541823, 0.546838
0.566624, 0.566657, 0.541823, 0.546838
0.566624, 0.566657, 0.541823, 0.546838
0.566624, 0.566644, 0.541722, 0.54673
0.566624, 0.566644, 0.541722, 0.54673
0.565329, 0.565335, 0.540356, 0.545359
0.566384, 0.566411, 0.541524, 0.546535
0.569807, 0.569869, 0.545138, 0.550163
0.573283, 0.573392, 0.54887, 0.553914
0.577686, 0.577858, 0.553612, 0.558681
0.583077, 0.583324, 0.559406, 0.564505
0.588466, 0.5888, 0.565255, 0.570389
0.594103, 0.594532, 0.571401, 0.576573
0.59984, 0.600374, 0.57769, 0.582902
0.60558, 0.606226, 0.584012, 0.589267
0.611557, 0.612327, 0.590624, 0.595926
0.617203, 0.618099, 0.596902, 0.60225
0.622833, 0.623861, 0.603182, 0.608578
0.628206, 0.629367, 0.609193, 0.614634
0.633366, 0.63466, 0.614967, 0.620453
0.63827, 0.639693, 0.620449, 0.625974
0.643024, 0.644577, 0.625748, 0.631311
0.647702, 0.649384, 0.630933, 0.636529
0.651963, 0.653763, 0.635613, 0.641236
0.655939, 0.657847, 0.639923, 0.645566
0.659613, 0.661618, 0.643837, 0.649492
0.662967, 0.665056, 0.647329, 0.652986
0.666093, 0.668252, 0.650488, 0.656141
0.668959, 0.671173, 0.653277, 0.658916
0.530942, 0.532643, 0.51229, 0.518165
0.683236, 0.685536, 0.667204, 0.672799
0.677334, 0.67962, 0.660811, 0.666361
0.67817, 0.680443, 0.661121, 0.666622
0.679782, 0.682026, 0.662097, 0.667541
0.681186, 0.683383, 0.662767, 0.668146
0.682323, 0.684458, 0.663102, 0.668412
0.683198, 0.685256, 0.663104, 0.668339
0.683862, 0.685828, 0.662835, 0.667993
0.684255, 0.686117, 0.662254, 0.667331
0.684423, 0.686166, 0.661397, 0.666406
0.684318, 0.685933, 0.660478, 0.665257
0.683968, 0.68545, 0.660134, 0.664438
0.683373, 0.684721, 0.659954, 0.664268
0.682513, 0.683717, 0.659523, 0.663989
0.681455, 0.682521, 0.658845, 0.663452
0.68013, 0.681055, 0.65787, 0.662617
0.678543, 0.679331, 0.656591, 0.66147
0.676675, 0.677328, 0.65499, 0.659994
0.674624, 0.675153, 0.653145, 0.658258
0.672274, 0.672685, 0.650954, 0.656168
0.669653, 0.669956, 0.648441, 0.653741
0.666808, 0.667015, 0.645664, 0.651022
0.663673, 0.663795, 0.642582, 0.647947
0.66017, 0.660219, 0.639081, 0.644442
0.655968, 0.655989, 0.634823, 0.640175
0.652221, 0.652271, 0.630976, 0.636316
0.647179, 0.647255, 0.625785, 0.631108
0.644161, 0.644256, 0.62259, 0.627895
0.639712, 0.639819, 0.617925, 0.623209
0.634845, 0.634959, 0.612812, 0.618073
0.629798, 0.629913, 0.607505, 0.612742
0.624427, 0.624539, 0.601855, 0.607067
0.619052, 0.619158, 0.596204, 0.601391
0.613418, 0.613515, 0.590286, 0.595448
0.607205, 0.607291, 0.583797, 0.588935
0.601435, 0.601509, 0.577763, 0.582878
0.595734, 0.595796, 0.571812, 0.576904
0.590239, 0.590289, 0.566089, 0.571162
0.584814, 0.584853, 0.560455, 0.56551
0.578526, 0.578554, 0.553984, 0.559023
0.574431, 0.574449, 0.549734, 0.55476
0.569749, 0.569761, 0.544928, 0.549943
0.565799, 0.565805, 0.540888, 0.545895
0.564989, 0.564991, 0.540016, 0.545019
0.565193, 0.565194, 0.540201, 0.545202
0.565033, 0.565033, 0.540034, 0.545034
0.5717, 0.572054, 0.54693, 0.551923
0.583613, 0.584759, 0.559363, 0.564337
0.618521, 0.620852, 0.595051, 0.599963
0.63926, 0.643182, 0.616853, 0.621584
0.660983, 0.666655, 0.63976, 0.644121
0.677566, 0.68508, 0.65762, 0.661309
0.69131, 0.700597, 0.672636, 0.675281
0.701707, 0.712518, 0.68418, 0.685428
0.709367, 0.721395, 0.692826, 0.692323
0.713833, 0.726612, 0.698003, 0.695637
0.716262, 0.729327, 0.701345, 0.696982
0.715674, 0.728525, 0.701682, 0.696522
0.712237, 0.7244, 0.698616, 0.693742
0.706106, 0.717179, 0.692239, 0.688037
0.697126, 0.706781, 0.682414, 0.679223
0.675012, 0.682928, 0.658811, 0.656977
0.668626, 0.674905, 0.650827, 0.650333
0.650236, 0.654772, 0.63053, 0.631519
0.624127, 0.6271, 0.602609, 0.604961
0.588065, 0.589733, 0.564997, 0.568505
0.56825, 0.56899, 0.544085, 0.54842
0.566692, 0.566883, 0.5419, 0.546728
0.565492, 0.565514, 0.540523, 0.545503
0.568344, 0.56849, 0.543588, 0.548457
0.576437, 0.577012, 0.552449, 0.556938
0.60578, 0.60706, 0.583032, 0.5869
0.625293, 0.62747, 0.604064, 0.607155
0.647474, 0.650762, 0.62797, 0.630124
0.667945, 0.672478, 0.650116, 0.651263
0.683302, 0.689047, 0.666743, 0.666974
0.695369, 0.702245, 0.679526, 0.67899
0.704465, 0.712299, 0.688646, 0.687571
0.710386, 0.718899, 0.693912, 0.692579
0.714339, 0.723254, 0.696595, 0.695359
0.715007, 0.723967, 0.695823, 0.695639
0.71278, 0.721427, 0.692838, 0.69415
0.707786, 0.715795, 0.687373, 0.689727
0.699978, 0.707073, 0.678958, 0.682225
0.689122, 0.695082, 0.667399, 0.671381
0.675842, 0.680544, 0.653377, 0.657854
0.658409, 0.66184, 0.635222, 0.639993
0.632662, 0.634907, 0.608822, 0.61374
0.60895, 0.610238, 0.584597, 0.589573
0.57051, 0.571079, 0.545784, 0.550776
0.565846, 0.565999, 0.540911, 0.54591
0.566045, 0.566097, 0.541074, 0.546073
